"Area","gradstudents_per_faculty","funded_per_faculty","unfunded_per_faculty","tt_headcount","UniquePeople","Productivity","ProductivityWithDeptCollabs","ProductivityWithoutDeptCollabs","ProductivityFirstAuthor","ProductivityLastAuthor","WindowedGroupSize","WindowedGroupSize4","YearGroupSize","YearsSinceDegree","CumulativeGroupSize","uniform_percentile","ft_funded","Umbrella","FundedRatioQuartile","NumFundedQuartile","PrestigeSegment","FundedRatioTopHalf","ProductivityMedian","ProductivityWithDeptCollabsMedian","ProductivityWithoutDeptCollabsMedian","ProductivityFirstAuthorMedian","ProductivityLastAuthorMedian","YearGroupSizeMedian","YearsSinceDegreeMedian","CumulativeGroupSizeMedian","WindowedGroupSizeMedian","WindowedGroupSize4Median","ProductivityVariance","ProductivityWithDeptCollabsVariance","ProductivityWithoutDeptCollabsVariance","YearGroupSizeVariance","ProductivitySD","YearGroupSizeSD","CONTROL","AreaHasCollabNorm","log_funded_per_faculty_p1","log_unfunded_per_faculty_p1","pi_tritile","pi_decile","uniform_percentile100","scale_log_funded_per_faculty_p1","scale_log_unfunded_per_faculty_p1","scale_uniform_percentile100","log_tt_headcount","scale_tt_headcount"
"Economics",6,0.125,5.875,8,22,1.07072510822511,0.21758658008658,0.853138528138528,0.531908369408369,0.533297258297258,1.45369769119769,1.60692640692641,0.788528138528139,22.6818181818182,2.18181818181818,0.550898203592814,1,"Social Sciences",1,0,6,"False",0.866071428571429,0.133928571428571,0.619047619047619,0.354166666666667,0.414285714285714,0.714285714285714,21,1.5,1.29861111111111,1.36666666666667,1.10039602952372,0.0747139045813932,0.841272194463804,0.219862654457326,1.04899763084753,0.468895142283779,1,FALSE,0.169925001442312,2.78135971352466,2,6,55.0898203592814,-0.964348889080722,1.22689139951436,0.188234575577782,3,-1.09383263466993
"Anthropology",0.651162790697674,0,0.651162790697674,43,7,0.483843537414966,0,0.483843537414966,0.351190476190476,0.143707482993197,0.649659863945578,0.69047619047619,0.407312925170068,21.7142857142857,1,0.507246376811594,0,"Social Sciences",0,0,6,"False",0.333333333333333,0,0.333333333333333,0.333333333333333,0.142857142857143,0.333333333333333,15,1,0.571428571428571,0.571428571428571,0.144896946873988,0,0.144896946873988,0.0898981616456106,0.380653315858391,0.299830221368045,1,FALSE,0,0.723482364802584,2,5,50.7246376811594,-1.13066826005398,-0.72304302656151,0.0199757464850663,5.4262647547021,1.41874368468683
"Mathematical Sciences",1.3,0.271428571428571,1.02857142857143,70,65,1.24061613600075,0.532017939325632,0.70859819667512,0.405702075702076,0.469850662158354,2.50148821264206,2.89808068000376,1.28020663097586,20.3538461538462,5.16923076923077,0.42713567839196,19,"Formal Sciences",1,3,5,"False",1,0.333333333333333,0.5,0.2,0.142857142857143,1.22222222222222,20,4,2.33333333333333,2.66666666666667,1.2904584777033,0.470184920406725,0.509298354403725,0.932558929887833,1.13598348478457,0.965690908048654,0,FALSE,0.346450414021431,1.02046410255972,2,4,42.713567839196,-0.791569160778524,-0.441639028053981,-0.288816194375617,6.12928301694497,2.14677100914247
"Biological Sciences",2.66666666666667,0.857142857142857,1.80952380952381,21,50,2.24094848484849,1.66570822510823,0.575240259740259,0.169661616161616,1.14338225108225,9.68866406926407,11.2834063492064,4.42963982683983,18.62,19.9,0.294478527607362,18,"Natural Sciences",1,1,3,"False",1.9375,1.36931818181818,0.333333333333333,0,0.9375,3.88888888888889,12,16.5,7.85,8.95,3.22808096310075,2.19461648329317,0.70313746611558,15.149457892179,1.79668610589072,3.89223045209029,0,TRUE,0.893084796083488,1.49032562658308,1,3,29.4478527607362,-0.256533787494857,0.00357660238705876,-0.800151881966933,4.39231742277876,0.348014871346073
"Political Science",16.6363636363636,1.45454545454545,15.1818181818182,11,50,0.941126262626263,0.258005772005772,0.683120490620491,0.520793650793651,0.448495670995671,1.8195404040404,2.01762987012987,0.923073593073593,17.7,3.18,0.45679012345679,16,"Social Sciences",2,2,5,"True",0.8,0.0416666666666667,0.5,0.366666666666667,0.409722222222222,0.844444444444444,13,2,1.5,1.75,0.598112817543607,0.123495168802952,0.434585187667422,0.479361064069187,0.773377538815039,0.692359057187228,0,FALSE,1.29545588352617,4.0163018123291,2,5,45.679012345679,0.137299407110181,2.39705643105258,-0.174511191081935,3.4594316186373,-0.6180572671571
"Chemical Sciences",1.23333333333333,0.366666666666667,0.866666666666667,30,29,1.577969348659,1.24761904761905,0.330350301039956,0.16551724137931,0.901176792556103,5.63325123152709,6.47015599343185,2.69035303776683,21.5172413793103,12.0344827586207,0.345971563981043,11,"Natural Sciences",0,0,4,"False",1.44444444444444,1,0.142857142857143,0,0.666666666666667,2,16,10,5,5.6,3.25354699389791,2.42368049931613,0.265202446422831,5.95839755992253,1.80375912856953,2.44098290856829,0,TRUE,0.450661409009565,0.900464326449086,1,4,34.5971563981043,-0.689569413903091,-0.555344392809961,-0.601668596259596,4.90689059560852,0.880893390115584
"Physical Sciences",10.5,2,8.5,2,26,1.05880647130647,0.70254884004884,0.356257631257631,0.0501526251526252,0.327503052503052,5.06504884004884,5.7459706959707,2.60657814407814,20,10,0.298507462686567,4,"Natural Sciences",2,0,3,"True",0.857142857142857,0.142857142857143,0,0,0,1.23214285714286,18.5,3,2,2,1.44923907809563,0.757779291673934,0.313250003876194,11.9088332347326,1.20384346079365,3.45091773804196,0,TRUE,1.58496250072116,3.24792751344359,1,3,29.8507462686567,0.420662997257398,1.66898607329331,-0.784622087479402,1,-3.16498032330316
"Biological Sciences",3.81818181818182,3.27272727272727,0.545454545454545,11,32,2.19002976190476,1.3257564484127,0.864273313492063,0.222594246031746,1.06623263888889,5.63213045634921,6.52521081349206,2.88769841269841,24.5625,12.6875,0.569148936170213,36,"Natural Sciences",3,2,6,"True",1.53571428571429,1,0.55,0.111111111111111,0.8,2.70138888888889,24.5,9.5,5.76190476190476,6.38888888888889,2.84023973851787,1.17753284892773,0.709190058481203,2.52781885215257,1.68530108245318,1.58991158626905,0,TRUE,2.09515723304034,0.628031222613042,2,6,56.9148936170213,0.92003193198124,-0.813487419799636,0.258583221212893,3.4594316186373,-0.6180572671571
"Engineering",1.26666666666667,0.4,0.866666666666667,15,27,1.83793356848912,1.15451205173427,0.68342151675485,0.336155202821869,0.502307466196355,4.25693709582598,4.6854203409759,2.50517342739565,19.6296296296296,6.55555555555556,0.421875,6,"Engineering",0,0,5,"False",1.66666666666667,0.875,0.5,0.142857142857143,0.333333333333333,2,18,4,3.25,3.6,3.29789128073409,1.80918317862652,0.496275477902462,5.04072704664856,1.81600971383253,2.24515635238363,0,TRUE,0.485426827170242,0.900464326449086,2,4,42.1875,-0.655541681485687,-0.555344392809961,-0.309093824242079,3.90689059560852,-0.154680454201032
"Health",1.04166666666667,0,1.04166666666667,24,1,0,0,0,0,0,0.2,0.4,0,19,2,0.184782608695652,0,"Medicine and Health",0,0,2,"False",0,0,0,0,0,0,19,2,0.2,0.4,NA,NA,NA,NA,NA,NA,1,TRUE,0,1.02974734339405,1,2,18.4782608695652,-1.13066826005398,-0.432842725932444,-1.22298199546574,4.58496250072116,0.547513075299553
"Sociology",1.21951219512195,0.170731707317073,1.04878048780488,41,16,1.05925099206349,0.20014880952381,0.859102182539682,0.641220238095238,0.438244047619048,1.32599206349206,1.44937996031746,0.800818452380952,26,2.75,0.556291390728477,7,"Social Sciences",1,1,6,"False",0.8125,0.125,0.708333333333333,0.375,0.4375,0.75,24.5,2,1.05555555555556,1.18253968253968,0.703480341789494,0.0965649801587301,0.558285787115772,0.302607929552994,0.838737349704598,0.550098109025103,1,FALSE,0.227410496103072,1.03476541816068,2,6,55.6291390728477,-0.908083176378581,-0.428087866880159,0.209022969087005,5.35755200461808,1.34758655792876
"Political Science",0.140845070422535,0.0845070422535211,0.0563380281690141,71,13,1.79668664668665,0.424142524142524,1.37254412254412,1.0029637029637,0.866633366633367,1.48306693306693,1.58172660672661,0.99998334998335,11.6153846153846,1.84615384615385,0.722222222222222,6,"Social Sciences",0,1,8,"False",1.85714285714286,0,1.5,0.857142857142857,0.833333333333333,1,7,2,1,1,1.46723455476702,0.334732424862295,0.897160409335734,0.362862471823511,1.21129457803089,0.602380670194115,1,FALSE,0.117039421190219,0.0790715709911987,3,8,72.2222222222222,-1.01611229273777,-1.33365220216083,0.848614241118939,6.14974711950468,2.16796309850072
"Physical Sciences",27.75,22.5,5.25,4,25,1.40230158730159,0.710952380952381,0.691349206349206,0.201746031746032,0.634444444444444,4.1318253968254,4.72420634920635,2.27912698412698,23.76,7.36,0.796019900497512,90,"Natural Sciences",3,3,8,"True",0.428571428571429,0.25,0.25,0.125,0.125,0.75,22,3,1.71428571428571,2,3.99144682487192,0.976170372469976,1.21401443216175,15.6918418262367,1.99786056191916,3.96129294880304,1,TRUE,4.55458885167764,2.64385618977472,3,9,79.6019900497513,3.32727698886804,1.09660042039782,1.13307223181415,2,-2.12940647898655
"Sociology",9.33333333333333,5.33333333333333,4,3,15,1.49777777777778,0.254603174603175,1.2431746031746,0.822539682539682,0.872380952380952,1.23777777777778,1.29253968253968,0.814603174603175,17.6666666666667,1.66666666666667,0.754966887417219,16,"Social Sciences",3,2,8,"True",1,0,0.857142857142857,0.714285714285714,0.571428571428571,0.714285714285714,14,1,1,1,4.93957439801317,0.464097397689234,2.51615878414858,0.689109869344563,2.22251533133366,0.830126417688633,1,FALSE,2.66296501272243,2.32192809488736,3,8,75.4966887417219,1.47579142557469,0.791558589147915,0.974830700566483,1.58496250072116,-2.55920845765029
"Biological Sciences",1.21052631578947,0.947368421052632,0.263157894736842,19,36,0.90009805009805,0.606290931290931,0.293807118807119,0.0700507054673721,0.269056098222765,6.61289358789359,8.01151587609921,3.41235223110223,19.0555555555556,14.25,0.426470588235294,18,"Natural Sciences",1,1,5,"False",0.694805194805195,0.416666666666667,0,0,0.0625,2.8452380952381,15,10,5.39583333333333,6.07142857142857,0.960193774677065,0.448830033777456,0.234225740114577,9.66344474701025,0.979894777349622,3.10860816878073,1,TRUE,0.961525852185364,0.337034987277571,2,4,42.6470588235294,-0.189544978885233,-1.08921987659133,-0.291379828002281,4.24792751344359,0.198488457855317
"Sociology",3.88888888888889,3.44444444444444,0.444444444444444,9,21,1.46277399848828,0.879062736205593,0.583711262282691,0.525510204081633,0.559807256235828,3.14503023431595,3.49338624338624,1.71201814058957,21.2857142857143,5.66666666666667,0.450331125827815,31,"Social Sciences",3,3,5,"True",1.25,0.428571428571429,0.5,0.5,0.5,1.375,21,4,2.28571428571429,2.57142857142857,1.57196629533648,1.44663622613949,0.310660989483977,2.63957281656049,1.25378080035406,1.62467621899272,0,FALSE,2.15200309344505,0.53051471669878,2,5,45.0331125827815,0.975671582795982,-0.905888841153019,-0.199407821035383,3.16992500144231,-0.91786274768081
"Psychological Sciences",1.67857142857143,1.21428571428571,0.464285714285714,28,19,1.66205096073517,0.735964912280702,0.92608604845447,0.213450292397661,0.871574770258981,3.38930659983292,3.94183375104428,1.67218045112782,24.1578947368421,7.73684210526316,0.745614035087719,34,"Social Sciences",2,2,8,"True",1.125,0.125,0.75,0,0.2,1,19,4,2.125,2.5,3.01175252670919,1.07989066673886,0.972796881423135,2.8566406122228,1.73544015359481,1.69015993687662,1,TRUE,1.14684138832927,0.55019708256048,3,8,74.5614035087719,-0.00816164422926888,-0.88723888477725,0.938779517885724,4.8073549220576,0.777816850009819
"Political Science",14.9333333333333,10.8,4.13333333333333,15,7,0.412244897959184,0.0535714285714286,0.358673469387755,0.29234693877551,0.297448979591837,1.14795918367347,1.18622448979592,0.481122448979592,20.4285714285714,1.85714285714286,0.796296296296296,162,"Social Sciences",3,3,8,"True",0.375,0,0.285714285714286,0.285714285714286,0.285714285714286,0.375,19,1,0.857142857142857,0.857142857142857,0.0625163994169096,0.0200892857142857,0.0560112973760933,0.155428206997085,0.250032796682574,0.394243842053474,1,FALSE,3.56071495447448,2.35989594508638,3,9,79.6296296296296,2.35449205429981,0.82753489173618,1.13413761754709,3.90689059560852,-0.154680454201032
"Anthropology",5.1,1.3,3.8,10,7,0.535714285714286,0,0.535714285714286,0.426020408163265,0.441326530612245,0.732142857142857,0.806122448979592,0.385204081632653,15.5714285714286,1,0.891304347826087,13,"Social Sciences",2,2,9,"True",0.5,0,0.5,0.5,0.5,0.428571428571429,15,1,0.857142857142857,1,0.0722789115646258,0,0.0722789115646258,0.0197552235179786,0.268847375967529,0.140553276439856,1,FALSE,1.20163386116965,2.26303440583379,3,10,89.1304347826087,0.0454681897535474,0.73575408173377,1.50035238296581,3.32192809488736,-0.760452319853902
"Sociology",0.888888888888889,0.851851851851852,0.037037037037037,27,8,1.39444444444444,0.188888888888889,1.20555555555556,0.955555555555555,0.718055555555556,1.53888888888889,1.82361111111111,0.956944444444444,16.5,2.625,0.880794701986755,23,"Social Sciences",2,3,9,"True",1.3,0,1.1,0.85,0.722222222222222,0.75,10,1,1,1,1.19195767195767,0.158447971781305,0.676119929453263,0.562096560846561,1.09176814020087,0.749730992320953,1,FALSE,0.888968687611256,0.0524674198941355,3,10,88.0794701986755,-0.260562556458509,-1.35886087173139,1.45984226383682,4.75488750216347,0.723482962288675
"Physical Sciences",4.4,3.3,1.1,10,13,1.80173992673993,1.2014652014652,0.600274725274725,0.152625152625153,0.867979242979243,7.34145299145299,8.49615384615385,3.66825396825397,27.7692307692308,15.9230769230769,0.791044776119403,33,"Natural Sciences",2,2,8,"True",1.33333333333333,0.714285714285714,0.714285714285714,0,0.666666666666667,2.75,22,11,5.14285714285714,6.28571428571429,2.32924990390268,1.66165229446479,0.208878322221576,8.87349544910557,1.52618803032349,2.97884129303754,1,TRUE,2.10433665981474,1.0703893278914,3,9,79.1044776119403,0.929016580938449,-0.394332556818318,1.11389528862121,3.32192809488736,-0.760452319853902
"Computational Sciences",2.53333333333333,0.8,1.73333333333333,15,12,0.968154761904762,0.68531746031746,0.282837301587302,0.138690476190476,0.187698412698413,3.38382936507936,3.95188492063492,1.72172619047619,23.75,8.33333333333333,0.704081632653061,12,"Formal Sciences",1,1,8,"False",1.19047619047619,0.845238095238095,0.225,0.0357142857142857,0.183333333333333,2.20833333333333,24.5,9.5,3.66666666666667,4.125,0.331016575190682,0.238373359444788,0.0690351108877895,0.979873254225933,0.575340399407761,0.989885475308095,1,TRUE,0.84799690655495,1.45066140900957,3,8,70.4081632653061,-0.30066495925444,-0.0340070871258223,0.778690148932454,3.90689059560852,-0.154680454201032
"Computational Sciences",5.91666666666667,1.25,4.66666666666667,12,28,1.85056966842681,1.38425800390086,0.46631166452595,0.214666583416583,0.304760864135864,6.43740857356929,7.71245599638457,3.27309714095428,22.8214285714286,17.3571428571429,0.377551020408163,15,"Formal Sciences",1,1,4,"False",1.5,1.12878787878788,0.25,0,0.145833333333333,2.875,22,17,5.78409090909091,7.40909090909091,1.41977774902681,1.09015988987994,0.265074774369359,4.26938988399762,1.19154427069531,2.06625019878949,1,TRUE,1.16992500144231,2.50250034052918,2,4,37.7551020408163,0.0144321588024431,0.962659183840533,-0.479943510424294,3.58496250072116,-0.488060769017063
"Physical Sciences",0.169811320754717,0,0.169811320754717,53,27,1.64603380158936,1.14957840513396,0.496455396455396,0.284147025813692,0.392509548065104,6.32914821803711,7.34907119629342,3.24740228906896,22.2962962962963,16.1481481481481,0.348258706467662,0,"Natural Sciences",0,0,4,"False",1,0.818181818181818,0.181818181818182,0.166666666666667,0.333333333333333,3.16666666666667,19,15,6.09090909090909,7,3.37281281391903,1.80014587909245,1.15863780411816,6.06480268823391,1.83652193396078,2.462682011189,1,TRUE,0,0.226275855823676,1,4,34.8258706467662,-1.13066826005398,-1.19416930108367,-0.592852655550047,5.7279204545632,1.73113043745201
"Medical Sciences",0.538461538461538,0.307692307692308,0.230769230769231,13,22,1.01334776334776,0.73538961038961,0.277958152958153,0.0674603174603175,0.453643578643579,11.3943001443001,13.3075396825397,5.25955988455988,20.9545454545455,24.8636363636364,0.0392156862745098,4,"Medicine and Health",0,0,1,"False",0.761904761904762,0.416666666666667,0.196428571428571,0,0.196428571428571,1.95238095238095,17,14,5.48214285714286,7.73214285714286,1.01353164923176,0.81612127374599,0.115138569857958,42.6845986590885,1.00674308998461,6.5333451354638,1,TRUE,0.387023123109247,0.299560281858908,1,1,3.92156862745098,-0.751857362062092,-1.1247289015817,-1.78407924447592,3.70043971814109,-0.368475583042514
"Engineering",2.20689655172414,1.24137931034483,0.96551724137931,29,70,3.09359977324263,2.5758250876108,0.517774685631828,0.295749845392703,0.971077612863327,9.51100030921459,10.9976958359101,4.91589723768295,20.5285714285714,22.1285714285714,0.306748466257669,36,"Engineering",1,2,4,"False",2.2,1.84444444444444,0.316666666666667,0.133928571428571,0.55,3.88888888888889,21,19,7.8,9.1,9.51062807581206,9.06502919741127,0.376229648470356,19.5741097179752,3.08393062110873,4.4242637486903,1,TRUE,1.16438681790088,0.97490901903717,1,3,30.6748466257669,0.0090114897123929,-0.484804586826731,-0.752856598754908,4.85798099512757,0.83024388712154
"Chemical Sciences",1.125,0.75,0.375,8,17,2.92070494864612,2.36069094304388,0.560014005602241,0.275513538748833,1.59098972922502,10.5957282913165,12.091223155929,5.75485527544351,19.8823529411765,23.7058823529412,0.557377049180328,6,"Natural Sciences",1,0,6,"False",2.625,2.16666666666667,0.5,0.125,1.5,5.66666666666667,15,21,10.3333333333333,12.3333333333333,2.3519738763561,1.47058890917478,0.311586426237161,6.99932395064507,1.53361464402114,2.64562354666061,1,TRUE,0.807354922057604,0.459431618637297,2,6,55.7377049180328,-0.340444563428804,-0.973243380094946,0.213207710789078,3,-1.09383263466993
"Chemical Sciences",0.210526315789474,0,0.210526315789474,19,8,0.814087301587302,0.386706349206349,0.427380952380952,0.211805555555556,0.412996031746032,3.86577380952381,4.41517857142857,1.70248015873016,25.75,9.125,0.436018957345972,0,"Natural Sciences",0,0,5,"False",0.873015873015873,0.464285714285714,0.416666666666667,0.196428571428571,0.316666666666667,1.56944444444444,26.5,8.5,3.71428571428571,4.57142857142857,0.125336671705719,0.0929762354677321,0.0831017168772271,1.82177688469568,0.354029196120489,1.34973215294579,1,TRUE,0,0.275634442613427,2,5,43.6018957345972,-1.13066826005398,-1.14739974620055,-0.254575013066132,4.24792751344359,0.198488457855317
"Physical Sciences",0.0333333333333333,0,0.0333333333333333,60,6,0.684457671957672,0.27473544973545,0.409722222222222,0.166666666666667,0.278439153439153,1.67883597883598,1.91421957671958,1.07632275132275,21.8333333333333,3.83333333333333,0.402985074626866,0,"Natural Sciences",0,0,5,"False",0.604166666666667,0.171428571428571,0.229166666666667,0,0.238095238095238,1.11111111111111,18.5,4,1.72222222222222,1.94444444444444,0.389200706517175,0.0957345469051818,0.223900462962963,0.779501238767112,0.623859524666551,0.882893673534425,1,TRUE,0,0.0473057147783568,2,4,40.2985074626866,-1.13066826005398,-1.36375182721461,-0.381906280427756,5.90689059560852,1.9164672344322
"Computational Sciences",3.55555555555556,3.33333333333333,0.222222222222222,18,19,2.46455342902711,1.03806485911749,1.42648856990962,0.597913343965975,0.815656565656566,4.06236044657097,4.56097820308347,2.05502392344498,17.4210526315789,8,0.974489795918367,60,"Formal Sciences",2,2,10,"True",1.75,0.666666666666667,1.1,0.1,0.666666666666667,1.66666666666667,14,6,3,3.25,3.94036122455281,1.29169172676616,1.56633161649277,2.85234263152525,1.9850343131928,1.68888798667207,1,TRUE,2.11547721741994,0.289506617194985,3,10,97.4489795918367,0.93992074758527,-1.13425521608659,1.82099614808726,4.16992500144231,0.117711096635806
"Biological Sciences",4.66666666666667,2.5,2.16666666666667,18,42,1.7413394145537,1.18525475846904,0.556084656084656,0.116377207448636,0.806459149316292,5.6676295265581,6.77144231429946,2.89961090496805,23.4285714285714,13.2857142857143,0.712328767123288,45,"Natural Sciences",2,3,8,"True",1.29166666666667,0.775,0.416666666666667,0,0.603896103896104,2.76623376623377,22,9.5,4.5,6,2.1586742355295,1.37339861787777,0.373946881522859,4.23191184255178,1.46924274220753,2.05716111244399,1,TRUE,1.8073549220576,1.66296501272243,3,8,71.2328767123288,0.638336484454361,0.167160444027946,0.8104792696097,4.16992500144231,0.117711096635806
"Engineering",2.9,0.6,2.3,10,19,2.01136173767753,0.573266499582289,1.43809523809524,0.365246449456976,0.686507936507937,2.18082706766917,2.44126984126984,1.24427736006683,19.8947368421053,4.36842105263158,0.0245398773006135,6,"Engineering",0,0,1,"False",1,0.285714285714286,0.428571428571429,0,0.285714285714286,1,21,3,2,2,6.91633864201951,0.476384833335543,5.69397077349458,1.12055314653477,2.62989327578507,1.05856182933958,0,TRUE,0.678071905112638,1.72246602447109,1,1,2.45398773006135,-0.466984330227695,0.223540417920515,-1.84064811263148,3.32192809488736,-0.760452319853902
"Chemical Sciences",2.65,0.95,1.7,20,27,1.1342632675966,0.787318956763401,0.3469443108332,0.166402116402116,0.661613489391267,3.23617257228368,3.80553284164395,1.74286649564427,22.1851851851852,7.2962962962963,0.364928909952607,19,"Natural Sciences",1,1,4,"False",0.75,0.5,0.25,0,0.444444444444444,1,25,6,3.14285714285714,3.57142857142857,1.45538119771976,0.985686995320934,0.15122251724294,3.38570521756108,1.20639180937196,1.84002859150641,0,TRUE,0.963474123974886,1.43295940727611,1,4,36.4928909952607,-0.187638047381523,-0.0507805564542844,-0.528596262955709,4.32192809488736,0.275121524462715
"Psychological Sciences",8.875,0,8.875,8,18,0.683952621452621,0.208553791887125,0.475398829565496,0.188852813852814,0.197410614077281,1.15482804232804,1.20529100529101,0.734828443161776,23,1.77777777777778,0.12280701754386,0,"Social Sciences",0,0,2,"False",0.5,0,0.277777777777778,0,0,0.784090909090909,20.5,1,1,1,0.580191267852412,0.150317946108485,0.396516048793595,0.492434109735449,0.761702873732542,0.701736495940926,0,TRUE,0,3.3037807481771,1,1,12.280701754386,-1.13066826005398,1.72190960893659,-1.46187097602991,3,-1.09383263466993
"Physical Sciences",10.8333333333333,7.33333333333333,3.5,6,24,1.21507936507936,0.922189153439153,0.292890211640212,0.182622354497355,0.485830026455026,3.78897156084656,4.36213624338624,1.8802414021164,25,7.375,0.54726368159204,44,"Natural Sciences",3,2,6,"True",0.642857142857143,0.285714285714286,0.125,0,0.133928571428571,1.28571428571429,22.5,5.5,3.14285714285714,3.71428571428571,1.96447829373295,1.68658152196735,0.175193742217767,4.32573567401665,1.40159847807172,2.07984030012322,0,TRUE,3.05889368905357,2.16992500144231,2,6,54.726368159204,1.86331891028107,0.64752859388965,0.174225072167373,2.58496250072116,-1.52363461333368
"Anthropology",3.71428571428571,0.5,3.21428571428571,14,13,0.873626373626374,0.0462454212454212,0.827380952380952,0.708333333333333,0.581959706959707,0.856684981684982,1.00549450549451,0.459249084249084,21.7692307692308,1.38461538461538,0.347826086956522,7,"Social Sciences",1,1,4,"False",0.285714285714286,0,0.285714285714286,0.285714285714286,0.285714285714286,0.333333333333333,25,1,0.714285714285714,0.857142857142857,1.88124264128728,0.00994516396302111,1.69153911564626,0.130532207541136,1.37158398987714,0.361292412792099,0,FALSE,0.584962500721156,2.07528812730424,1,4,34.7826086956522,-0.558118050625767,0.55785575747273,-0.594520215827694,3.8073549220576,-0.257756994306797
"Computational Sciences",9.22222222222222,3.66666666666667,5.55555555555555,9,17,3.31986461251167,1.990639589169,1.32922502334267,0.150840336134454,0.650653594771242,5.12245564892624,5.72838468720822,2.66104108309991,17.2941176470588,9.52941176470588,0.698979591836735,33,"Formal Sciences",2,2,7,"True",1.5,0.8,0.5,0,0.285714285714286,2,12,5,4.22222222222222,4.5,13.6232544892957,6.38252360203341,1.89171573722081,6.47792938703259,3.6909693156806,2.54517767297935,0,TRUE,2.22239242133645,2.71271804791953,3,8,69.8979591836735,1.04456732290932,1.16185023128839,0.759023998005005,3.16992500144231,-0.91786274768081
"Chemical Sciences",3.16666666666667,1.94444444444444,1.22222222222222,18,23,2.37023809523809,1.63645617667357,0.733781918564527,0.068391994478951,0.985990338164251,8.00681504485852,8.93635265700483,4.12375776397516,22,14.9130434782609,0.274881516587678,35,"Natural Sciences",2,2,3,"True",1.5,1.28571428571429,0.375,0,0.75,4,23,13,7.125,8.25,4.46504884445361,1.91479091230256,1.04257759431543,10.7063846272296,2.11306621866273,3.2720612199697,0,TRUE,1.55799545312089,1.15200309344505,1,3,27.4881516587678,0.394268162148891,-0.316999721023426,-0.875689846149172,4.16992500144231,0.117711096635806
"Psychological Sciences",1.96296296296296,0.444444444444444,1.51851851851852,27,34,2.08579810712164,0.952172990408284,1.13362511671335,0.625513538748833,0.633506281300399,3.5491341991342,4.0197542653425,2.03604214413038,18.2647058823529,6.11764705882353,0.557017543859649,12,"Social Sciences",1,1,6,"False",1.64583333333333,0.763888888888889,0.888888888888889,0.464285714285714,0.563492063492063,1.99444444444444,16,6,3.55555555555556,3.875,2.79385666718223,0.788664846103731,1.13622201139154,1.20628590446228,1.6714833732892,1.09831047726145,0,TRUE,0.53051471669878,1.33257533908687,2,6,55.7017543859649,-0.611410509726104,-0.145899126330809,0.211821973953523,4.75488750216347,0.723482962288675
"Chemical Sciences",0.290322580645161,0.225806451612903,0.0645161290322581,31,45,2.79986772486773,2.10390652557319,0.695961199294533,0.195837742504409,1.83832451499118,6.92933862433862,7.97912698412698,3.66611992945326,19.9555555555556,11.8,0.639344262295082,7,"Natural Sciences",0,0,7,"False",2.22222222222222,1.55555555555556,0.375,0,1.42857142857143,3.7,16,8,5.5,6.14285714285714,5.82260089557709,3.99039821368128,0.744789335309507,7.93572931188936,2.41300660910348,2.81704265354456,0,TRUE,0.29373120305671,0.0901978089715782,3,7,63.9344262295082,-0.843169725330147,-1.32310957459164,0.529155709295639,4.95419631038687,0.929881951026751
"Mathematical Sciences",2.22222222222222,0.222222222222222,2,9,20,1.77113095238095,0.307023809523809,1.46410714285714,0.60843253968254,0.415218253968254,2.08037698412698,2.33242063492064,1.27029761904762,13.05,2.8,0.632075471698113,2,"Formal Sciences",1,1,7,"False",1.6875,0.1,1.375,0.325,0.238095238095238,1.07142857142857,10,2,1.75,2,1.27023718149541,0.190079051796157,1.05726970327605,0.444749295112782,1.12704799431764,0.666895265474858,0,FALSE,0.289506617194985,1.58496250072116,3,7,63.2075471698113,-0.847304669906759,0.0932494388039798,0.501137679239397,3.16992500144231,-0.91786274768081
"Economics",2.33333333333333,0.2,2.13333333333333,15,34,1.27466153127918,0.489729225023343,0.784932306255836,0.346930438842204,0.398727824463119,2.33451213818861,2.69139822595705,1.2155695611578,16.2352941176471,4.17647058823529,0.467065868263473,3,"Social Sciences",1,1,5,"False",0.873015873015873,0.25,0.472222222222222,0.142857142857143,0.236111111111111,1.05555555555556,14.5,2,2.125,2.125,1.66001642590257,0.424142127670372,0.730923601904286,0.917124075780705,1.2884162471432,0.95766595208387,0,FALSE,0.263034405833794,1.64769825606912,2,5,46.7065868263473,-0.87321516868265,0.152694482588942,-0.13490265882294,3.90689059560852,-0.154680454201032
"Computational Sciences",2.36842105263158,0.526315789473684,1.84210526315789,19,22,2.91929522497704,2.06155876951332,0.857736455463728,0.372279614325069,0.562614784205693,7.10787419651056,8.16370523415978,3.82796143250689,18.5454545454545,15.6818181818182,0.576530612244898,10,"Formal Sciences",1,1,6,"False",1.91363636363636,1.3375,0.675,0.118055555555556,0.291666666666667,3.5,18,14.5,7,7.7,6.1770888336169,5.78211787142601,1.15756094825998,9.27426881964072,2.48537498853129,3.04536842100274,0,TRUE,0.610053481683987,1.50695998871988,2,6,57.6530612244898,-0.533559473986551,0.0193384335800139,0.287036375746224,4.24792751344359,0.198488457855317
"Health",2.35,0.25,2.1,20,18,1.5647747314414,1.03200857784191,0.532766153599487,0.244829244829245,0.436331569664903,5.78344155844156,6.42922679172679,3.12379950296617,16.2222222222222,7.44444444444444,0.733333333333333,5,"Medicine and Health",1,1,8,"False",1.48412698412698,0.7375,0.303030303030303,0.166666666666667,0.222222222222222,1.8452380952381,10.5,5,4.2,5.08333333333333,1.12857008095896,0.748943059900048,0.349414348507318,7.5354252358742,1.06234179102535,2.74507290174126,0,TRUE,0.321928094887362,1.63226821549951,3,8,73.3333333333333,-0.815571141997093,0.138073802050762,0.891442747583162,4.32192809488736,0.275121524462715
"Sociology",0.875,0.166666666666667,0.708333333333333,24,16,0.93640873015873,0.237078373015873,0.699330357142857,0.38844246031746,0.341195436507936,1.61046626984127,1.77331349206349,0.869990079365079,21.75,3.8125,0.311258278145695,4,"Social Sciences",1,0,4,"False",1.05555555555556,0.211111111111111,0.69047619047619,0.261111111111111,0.333333333333333,0.928571428571429,17.5,3,1.52222222222222,1.84444444444444,0.491888227513228,0.0748240104297892,0.309046563339842,0.405719154174015,0.701347437090368,0.636960873346248,0,FALSE,0.222392421336448,0.772589503896928,1,3,31.1258278145695,-0.912994772857014,-0.676511730055613,-0.735473233071018,4.58496250072116,0.547513075299553
"Political Science",1.53846153846154,0.153846153846154,1.38461538461538,13,18,1.02114197530864,0.150793650793651,0.870348324514991,0.663381834215168,0.562874779541446,1.21889329805996,1.40485008818342,0.724603174603175,18.3888888888889,2.22222222222222,0.160493827160494,2,"Social Sciences",0,0,2,"False",0.944444444444444,0.145833333333333,0.75,0.6625,0.5,0.8125,15,2,1.0625,1.225,0.549019029937078,0.0215381152460984,0.625129048018384,0.128043050553555,0.740958183662936,0.357831036319594,0,FALSE,0.206450877467426,1.25375659224578,1,2,16.0493827160494,-0.92859805387001,-0.220583551999344,-1.31660469679454,3.70043971814109,-0.368475583042514
"Engineering",2.52,1.64,0.88,25,58,2.50788363934916,1.78532803403493,0.722555605314226,0.17374359357118,0.747165621734587,7.03710006468627,8.20137022938747,3.55576827387172,18.6206896551724,15.7758620689655,0.776470588235294,41,"Engineering",2,2,8,"True",2,1.5,0.5,0,0.5,3.45,15.5,12,6.6,7,4.91496839999153,3.13626148878657,0.567764042227215,9.21978229050851,2.21697280091379,3.03640944052486,0,TRUE,1.40053792958373,0.910732661902913,3,9,77.6470588235294,0.240151722264103,-0.545614667754993,1.05771812562073,4.64385618977472,0.608501839278744
"Physical Sciences",2.61538461538462,1,1.61538461538462,13,15,1.09886243386243,0.812301587301587,0.286560846560847,0.115740740740741,0.5094708994709,3.91544973544974,4.52251322751323,1.77108465608466,25.4666666666667,6.53333333333333,0.606965174129353,13,"Natural Sciences",1,0,7,"False",0.875,0.125,0.142857142857143,0,0,1,28,5,3,3.25,2.41352359956328,2.03783833639276,0.126145954060637,5.88597026209073,1.55355193011476,2.42610186556351,0,TRUE,1,1.38702312310925,2,7,60.6965174129353,-0.151887212170812,-0.0943073205535082,0.4043483904826,3.70043971814109,-0.368475583042514
"Medical Sciences",2.22,1.5,0.72,50,2,0,0,0,0,0,0,0,0,6.5,0,0.708333333333333,75,"Medicine and Health",2,3,8,"True",0,0,0,0,0,0,6.5,0,0,0,0,0,0,0,0,0,1,TRUE,1.32192809488736,0.782408564927373,3,8,70.8333333333333,0.163209905886072,-0.667207713396459,0.795078608038661,5.64385618977472,1.64407568359536
"Engineering",13.6666666666667,3.83333333333333,9.83333333333333,12,2,1,0.5,0.5,0.333333333333333,0.833333333333333,12.8333333333333,16,1.16666666666667,7,27,0.938650306748466,46,"Engineering",2,2,10,"True",1,0.5,0.5,0.333333333333333,0.833333333333333,1.16666666666667,7,27,12.8333333333333,16,2,0.5,0.5,2.72222222222222,1.4142135623731,1.64991582276861,1,TRUE,2.27301849440642,3.4374053123073,3,10,93.8650306748466,1.09411916375895,1.84852509354196,1.68285048666438,3.58496250072116,-0.488060769017063
"Computational Sciences",31.3571428571429,7.14285714285714,24.2142857142857,14,2,2.2,0.6,1.6,0.4,1,3.2,3.7,1,37.5,10,0.897959183673469,100,"Formal Sciences",3,3,9,"True",2.2,0.6,1.6,0.4,1,1,37.5,10,3.2,3.7,9.68,0.72,5.12,2,3.11126983722081,1.4142135623731,1,TRUE,3.02553509210714,4.65616945121358,3,10,89.7959183673469,1.83066814780594,3.00336075621925,1.52600388417552,3.8073549220576,-0.257756994306797
"Sociology",4.625,1.9375,2.6875,16,2,0.166666666666667,0,0.166666666666667,0,0,0.916666666666667,1.33333333333333,0.166666666666667,13,2,0.933774834437086,31,"Social Sciences",3,3,10,"True",0.166666666666667,0,0.166666666666667,0,0,0.166666666666667,13,2,0.916666666666667,1.33333333333333,0.0555555555555556,0,0.0555555555555556,0.0555555555555556,0.235702260395516,0.235702260395516,1,FALSE,1.55458885167764,1.88264304936184,3,10,93.3774834437086,0.390933845218547,0.375315593100339,1.66405765889801,4,-0.0582587903533156
"Agriculture",1.47058823529412,0.862745098039216,0.607843137254902,51,41,3.88885193397389,2.95338137472284,0.935470559251047,0.117993524091085,2.44720462464365,9.43145831133636,11.0464576074332,4.82643244289586,23.0487804878049,19.8292682926829,0.867469879518072,44,"Applied Sciences",1,3,9,"False",2.83333333333333,2.14285714285714,0.625,0,2,4.66666666666667,22,18,9.3,11.2222222222222,16.751738431814,10.2079747789704,1.24512130131846,11.1101749801434,4.09288876367463,3.3331929107304,1,TRUE,0.897430266359452,0.685126662646588,3,10,86.7469879518072,-0.252280523544604,-0.759386836904111,1.40848086176571,5.6724253419715,1.67366115036464
"Biological Sciences",10.3125,4.8125,5.5,16,16,3.48132665945166,2.57485795454545,0.906468704906205,0.194550414862915,1.70065386002886,13.583906024531,15.9291599025974,6.48819444444444,15.6875,25.25,0.972602739726027,77,"Natural Sciences",3,3,10,"True",2.875,1.725,0.866666666666667,0.133928571428571,1,4.76428571428571,14,12,11.1454545454545,13.6636363636364,6.25127290719242,4.64823692353147,0.397349755494676,21.7281173154447,2.50025456847746,4.66134286611108,1,TRUE,2.53915881110803,2.70043971814109,3,10,97.2602739726027,1.35461226182411,1.15021594319802,1.81372236623738,4,-0.0582587903533156
"Sociology",3.89473684210526,2.21052631578947,1.68421052631579,19,32,0.825632440476191,0.186346726190476,0.639285714285714,0.454079861111111,0.429241071428571,1.37491319444444,1.56028025793651,0.677232142857143,22.71875,2.15625,0.874172185430464,42,"Social Sciences",3,3,9,"True",0.6,0.0625,0.464285714285714,0.333333333333333,0.225,0.585714285714286,20.5,1.5,1.14285714285714,1.16666666666667,0.651172655208664,0.0747672979642126,0.457736002405741,0.283297569774624,0.806952697008111,0.532257052348416,1,FALSE,1.6828098241193,1.42449782852791,3,10,87.4172185430464,0.516434102985597,-0.0587982955631316,1.43431533945417,4.24792751344359,0.198488457855317
"Chemical Sciences",5.25806451612903,4.48387096774194,0.774193548387097,31,31,4.36155913978495,3.45385304659498,0.907706093189964,0.162544802867384,2.62571684587814,12.8576164874552,14.6912186379928,7.27831541218638,21,24.7096774193548,0.957345971563981,139,"Natural Sciences",2,3,10,"True",4,2.88888888888889,0.4,0,2.16666666666667,7,13,20,12,14,11.4034763872295,8.33307493694411,0.962003965883446,32.0851092692155,3.37690337250409,5.66437192186525,1,TRUE,2.45519462575083,0.827163403137784,3,10,95.7345971563981,1.27242970849553,-0.624800424247701,1.75491415279076,4.95419631038687,0.929881951026751
"Computational Sciences",11.7368421052632,5.57894736842105,6.15789473684211,19,34,2.88897058823529,1.74722222222222,1.14174836601307,0.368218954248366,0.594035947712418,7.27687908496732,8.44207516339869,3.59362745098039,18.1176470588235,15.5882352941176,0.964285714285714,106,"Formal Sciences",3,3,10,"True",2.5,1.5,0.75,0.05,0.375,3.25,16,14.5,6.95,8,3.29091680008142,1.27462074448186,1.37049171590634,4.11088034484276,1.81408842124121,2.02753060268958,1,TRUE,2.7178567712185,2.83953532780675,3,10,96.4285714285714,1.52951843847562,1.28201549771059,1.78166384623236,4.24792751344359,0.198488457855317
"Political Science",11.825,2.225,9.6,40,32,1.37413983585859,0.20125248015873,1.17288735569986,1.04642857142857,0.807888032106782,1.08069872835498,1.15254216269841,0.759680510461761,19.53125,1.5,0.925925925925926,89,"Social Sciences",3,3,10,"True",1.04545454545455,0,0.878571428571429,0.828571428571429,0.763888888888889,0.69047619047619,17,1,1,1,1.70572236721668,0.480269234850078,1.49481061268834,0.28424109240722,1.30603306513146,0.53314265671321,1,FALSE,1.68929916053589,3.40599235967584,3,10,92.5925925925926,0.522785742483494,1.81875986103244,1.63380352629636,5.32192809488736,1.31069536877933
"Health",1.10769230769231,0.784615384615385,0.323076923076923,65,29,1.31208264915161,0.970867542419267,0.341215106732348,0.125602079912425,0.597906403940887,5.8643951833607,6.59044882320745,3.16488779419814,26.8275862068966,13.1034482758621,0.883333333333333,51,"Medicine and Health",2,3,9,"True",1,0.571428571428571,0.222222222222222,0,0.2,2.88888888888889,28,10,6,6,1.95283805054133,1.20746785936141,0.210266481797974,7.57509950577567,1.39743982000705,2.7522898658709,1,TRUE,0.835613182099118,0.403896941673643,3,10,88.3333333333333,-0.312785914054016,-1.02586506744656,1.46962758485017,6.02236781302845,2.03605242040675
"Engineering",22.9090909090909,14.2727272727273,8.63636363636364,11,61,3.18732938282119,1.93367456769096,1.25365481513023,0.215796134648594,1.00939370283633,6.5166950535803,7.80001360206278,3.37155098999361,25.5737704918033,14.2786885245902,0.958823529411765,157,"Engineering",3,3,10,"True",2.33333333333333,1.14285714285714,0.777777777777778,0,0.777777777777778,2.44444444444444,22,9,4.66666666666667,5.25,9.56537393720035,3.61984415920933,3.2042442851929,6.88286219897034,3.09279387240733,2.62352095455141,1,TRUE,3.93288580414146,3.2684888359259,3,10,95.8823529411765,2.71876582852843,1.68846888191591,1.76060949641592,3.4594316186373,-0.6180572671571
"Economics",1.3768115942029,0.594202898550725,0.782608695652174,69,30,0.712208994708995,0.154986772486773,0.557222222222222,0.352486772486772,0.259537037037037,1.25996031746032,1.43124338624339,0.625568783068783,25.8666666666667,1.96666666666667,0.904191616766467,41,"Social Sciences",2,3,10,"True",0.577777777777778,0,0.5,0.166666666666667,0.211111111111111,0.5625,23.5,1,1,1.05555555555556,0.429250361457908,0.0485566554953186,0.316865268329554,0.209520841297353,0.655172009061672,0.457734465926866,1,FALSE,0.67283525674649,0.833990048561071,3,10,90.4191616766467,-0.472109862402908,-0.618331860446391,1.55002720626654,6.10852445677817,2.12527398718806
"Computational Sciences",3.65,0.2,3.45,20,20,3.26288336663337,2.07548076923077,1.1874025974026,0.268217893217893,0.662334332334332,6.86185952935953,7.70012931512931,4.01909340659341,14.4,12.9,0.801020408163265,4,"Formal Sciences",0,0,9,"False",3.04545454545455,1.84615384615385,1,0.0909090909090909,0.380769230769231,3.47727272727273,11.5,9,6.44230769230769,7.42307692307692,6.40040125043469,3.13612161203498,1.23227865451757,10.2226078821213,2.5299014309721,3.19728132670888,1,TRUE,0.263034405833794,2.15380533607904,3,9,80.1020408163265,-0.87321516868265,0.632254461809721,1.15234701655399,4.32192809488736,0.275121524462715
"Chemical Sciences",4,0.625,3.375,8,19,1.95365497076023,1.18801169590643,0.765643274853801,0.150793650793651,1.12178362573099,5.98076441102757,7.08316624895572,2.82994987468672,23.5263157894737,13.1052631578947,0.308056872037915,5,"Natural Sciences",0,0,4,"False",1,0.714285714285714,0.25,0,0.571428571428571,2.33333333333333,20,9,4.85714285714286,6,4.70175911191854,1.99009503476504,1.77839905650369,6.35612235044548,2.1683540098237,2.5211351313338,1,TRUE,0.700439718141092,2.12928301694497,1,3,30.8056872037915,-0.44509113875285,0.609018424775524,-0.74781326286737,3,-1.09383263466993
"Psychological Sciences",7.4,4.4,3,5,57,2.03950712886471,1.59286260265362,0.44664452621109,0.438533203122986,0.707176373391544,7.20461239540187,8.04727281662266,3.87023790050106,21.3157894736842,15.4912280701754,0.140845070422535,22,"Social Sciences",3,2,2,"True",1.6,1.07692307692308,0.285714285714286,0.2,0.4,3,18,11,5.6,7,3.32069084525879,2.41228711106301,0.241004157983204,11.4818729215872,1.82227628126439,3.38849124561172,1,TRUE,2.43295940727611,2,1,1,14.0845070422535,1.25066629805693,0.486516757898007,-1.39234211824144,2.32192809488736,-1.79602616417052
"Physical Sciences",0.705882352941177,0.313725490196078,0.392156862745098,51,16,1.3609871031746,0.639161706349206,0.721825396825397,0.136284722222222,0.572420634920635,3.27264384920635,3.8936755952381,1.58164682539682,28.5,6.75,0.567164179104478,16,"Natural Sciences",0,1,6,"False",1.38095238095238,0.65,0.5,0,0.5,1.38095238095238,23.5,5.5,3.0625,3.42857142857143,0.730331668740027,0.223951808153817,0.581883030990174,0.714966143864953,0.854594446939615,0.845556706475062,1,TRUE,0.393663848486277,0.477321777533186,2,6,56.7164179104478,-0.745357545918859,-0.956291623110632,0.250932844939116,5.6724253419715,1.67366115036464
"Economics",0.476190476190476,0,0.476190476190476,21,18,0.963955026455027,0.19157848324515,0.772376543209876,0.377755731922399,0.370149911816579,1.25892857142857,1.42791005291005,0.688492063492063,17.2222222222222,2.22222222222222,0.275449101796407,0,"Social Sciences",0,0,3,"False",0.708333333333333,0,0.619047619047619,0.30952380952381,0.380952380952381,0.714285714285714,13,2,1,1,0.923029975879241,0.0757655943035651,0.638911956243403,0.131209891363953,0.960744490423568,0.362229059248361,1,FALSE,0,0.561878887608115,1,3,27.5449101796407,-1.13066826005398,-0.876169831592309,-0.873502051738876,4.39231742277876,0.348014871346073
"Chemical Sciences",14,7,7,3,13,1.52029914529915,1.11404151404151,0.406257631257631,0.0819291819291819,0.86462148962149,5.38971306471306,6.62997557997558,2.43479853479854,23.8461538461538,12.1538461538462,0.341232227488152,21,"Natural Sciences",3,1,4,"True",1.33333333333333,0.857142857142857,0.2,0,0.714285714285714,1.85714285714286,19,9,5,6.55555555555556,1.56123340908063,1.04263997906855,0.178815091801203,4.40227658584801,1.24949326091845,2.09816028602393,1,TRUE,3,3,1,4,34.1232227488152,1.80567488359552,1.43406323207771,-0.619936679585567,1.58496250072116,-2.55920845765029
"Biological Sciences",2.53846153846154,0.538461538461538,2,13,14,0.887868480725624,0.480442176870748,0.407426303854875,0.182738095238095,0.462386621315193,3.06167800453515,3.75189909297052,1.41706349206349,29.4285714285714,7.64285714285714,0.202127659574468,7,"Natural Sciences",1,0,3,"False",0.763888888888889,0.316666666666667,0.275,0.05,0.3875,1.47777777777778,29.5,7.5,2.77083333333333,3.18055555555556,0.425559788221353,0.200576085542072,0.175309476049272,0.742752679419346,0.652349437204749,0.861831003978939,1,TRUE,0.62148837674627,1.58496250072116,1,2,20.2127659574468,-0.522367215415055,0.0932494388039798,-1.15612435933404,3.70043971814109,-0.368475583042514
"Psychological Sciences",1.9,1.55,0.35,20,31,2.88835125448029,1.32373271889401,1.56461853558628,0.61879160266257,1.30943420378904,5.3589605734767,6.29671018945212,2.68653353814644,25.0967741935484,12.4838709677419,0.807017543859649,31,"Social Sciences",2,2,9,"True",2,1.11111111111111,0.888888888888889,0.3,1,2.625,26,10,4.7,5.5,7.12267806278226,1.3024072123473,3.44514822265027,3.00168468060263,2.66883458887625,1.73253706471251,1,TRUE,1.35049724708413,0.432959407276106,3,9,80.7017543859649,0.191172850610361,-0.998327030633982,1.17546336939853,4.32192809488736,0.275121524462715
"Anthropology",3.76923076923077,2.84615384615385,0.923076923076923,13,22,1.62527056277056,0.28262987012987,1.34264069264069,0.608297258297258,0.743795093795094,1.80530303030303,1.95097402597403,0.979419191919192,24.6818181818182,2.59090909090909,0.804347826086957,37,"Social Sciences",3,3,9,"True",1.07142857142857,0,0.9375,0.428571428571429,0.5625,0.75,26.5,1,1,1,2.25095993032855,0.20778110612932,1.78602980730532,0.519088850727881,1.50031994265508,0.720478209752301,1,FALSE,1.94341647163363,0.943416471633633,3,9,80.4347826086957,0.771510950524993,-0.514645239081889,1.16517276715885,3.70043971814109,-0.368475583042514
"Biological Sciences",7,7,0,5,24,4.14583333333333,1.81944444444444,2.32638888888889,0.319444444444444,0.763888888888889,9.59027777777778,11.4930555555556,4.64583333333333,14.4583333333333,15,0.6,35,"Natural Sciences",3,2,7,"True",3.75,1,1.75,0,0.25,4.25,10,13.5,8.91666666666667,11.1666666666667,12.5321557971014,2.98289049919485,6.66782407407407,10.0273248792271,3.54007850154505,3.16659515556174,1,TRUE,3,0,2,7,60,1.80567488359552,-1.40857619046139,0.37750067001249,2.32192809488736,-1.79602616417052
"Political Science",4.25,2.75,1.5,8,29,1.16663929939792,0.515394088669951,0.651245210727969,0.468404488232074,0.621428571428571,2.77738095238095,3.15398193760263,1.30685550082102,19.8965517241379,4.68965517241379,0.827160493827161,22,"Social Sciences",3,2,9,"True",0.714285714285714,0,0.428571428571429,0.375,0.333333333333333,0.666666666666667,16,2,1,1,2.90684988269619,1.74646957423728,0.46498133665526,5.46821288981292,1.70494864517856,2.33842102492535,1,FALSE,1.90689059560852,1.32192809488736,3,9,82.7160493827161,0.735760115314281,-0.155987885031783,1.25310569105882,3,-1.09383263466993
"Physical Sciences",1.47058823529412,1.47058823529412,0,17,14,1.6812925170068,1.14092970521542,0.540362811791383,0.278174603174603,0.934778911564626,4.78404195011338,5.66043083900227,2.38270975056689,15.5,10.5,0.293532338308458,25,"Natural Sciences",1,1,3,"False",1.5625,0.979166666666667,0.416666666666667,0.183333333333333,0.669642857142857,1.9375,10,8,3.77083333333333,4.72916666666667,1.36259602925419,0.979305891261674,0.220434870936572,2.05186650178997,1.16730288668117,1.43243376872719,1,TRUE,1.30485458152842,0,1,3,29.3532338308458,0.14649867458956,-1.40857619046139,-0.803799030672338,4.08746284125034,0.0323154403951519
"Engineering",0.5,0,0.5,8,2,0,0,0,0,0,3,3,0,4.5,3,0.496932515337423,0,"Engineering",0,0,5,"False",0,0,0,0,0,0,4.5,3,3,3,0,0,0,0,0,0,0,TRUE,0,0.584962500721156,2,5,49.6932515337423,-1.13066826005398,-0.854297035375718,-0.0197797089685202,3,-1.09383263466993
"Physical Sciences",1.64285714285714,0.214285714285714,1.42857142857143,14,12,0.934391534391534,0.593121693121693,0.341269841269841,0.171296296296296,0.26984126984127,2.89920634920635,3.07314814814815,1.51005291005291,15.5,4.75,0.378109452736318,3,"Natural Sciences",0,0,4,"False",0.916666666666667,0.333333333333333,0.111111111111111,0,0.2,1.67777777777778,13,5.5,2.67857142857143,2.75,0.541264038724356,0.377085289783703,0.236805240614764,0.998458202585186,0.735706489521709,0.999228803920897,0,TRUE,0.280107919192735,1.28010791919274,2,4,37.8109452736318,-0.856503937386138,-0.195614445060803,-0.477790996392434,3.8073549220576,-0.257756994306797
"Engineering",2.66666666666667,1.16666666666667,1.5,6,24,1.51790674603175,0.789914021164021,0.727992724867725,0.25692791005291,0.584573412698413,3.26258267195767,3.7707671957672,1.73465608465608,18.4166666666667,5.41666666666667,0.104294478527607,7,"Engineering",1,0,2,"False",1.16666666666667,0.380952380952381,0.267857142857143,0,0.196428571428571,1,10.5,3.5,2.5,2.92857142857143,2.9518544167365,0.989209785027806,1.76976291776439,3.23411910604285,1.71809616050339,1.798365676397,0,TRUE,1.11547721741994,1.32192809488736,1,1,10.4294478527607,-0.0388603002978945,-0.155987885031783,-1.53322877175332,2.58496250072116,-1.52363461333368
"Computational Sciences",2.72727272727273,0.363636363636364,2.36363636363636,22,16,1.46547619047619,1.08563988095238,0.37983630952381,0.218229166666667,0.166220238095238,4.04918154761905,4.59270833333333,2.13452380952381,16.6875,7.5625,0.209183673469388,8,"Formal Sciences",0,0,3,"False",1.0625,0.625,0.205357142857143,0,0.05,1.75,11,4,3,3.5,2.17266950113379,1.44017639243197,0.2234694763322,3.72299092970522,1.47399779549828,1.92950535881744,1,TRUE,0.447458976971221,1.75002174699165,1,2,20.9183673469388,-0.692703893689355,0.249650745638347,-1.12892649103012,4.4594316186373,0.417516577159516
"Mathematical Sciences",0.634615384615385,0,0.634615384615385,52,15,0.74015873015873,0.223095238095238,0.517063492063492,0.355396825396825,0.263571428571429,1.29460317460317,1.41111111111111,0.739761904761905,13.3333333333333,2.93333333333333,0.417085427135678,0,"Formal Sciences",0,0,5,"False",0.428571428571429,0,0.285714285714286,0.142857142857143,0.142857142857143,0.6,10,2,1,1,1.09879382626066,0.10871594590217,0.949550062088327,0.402781381600259,1.0482336696847,0.63465059804609,1,FALSE,0,0.70895121799661,2,4,41.7085427135678,-1.13066826005398,-0.736811963483299,-0.327555546956321,5.70043971814109,1.70267210559072
"Physical Sciences",2.2,1.13333333333333,1.06666666666667,15,15,0.998400673400673,0.68510101010101,0.313299663299663,0.296296296296296,0.252693602693603,4.37979797979798,5.00757575757576,2.5976430976431,16.0666666666667,8.86666666666667,0.0796019900497512,17,"Natural Sciences",1,1,1,"False",0.666666666666667,0.333333333333333,0.166666666666667,0,0,1.5,9,2,1.75,2,1.16669000308521,0.673657981328436,0.123805211810262,13.5477444599919,1.08013425234329,3.68072607782648,1,TRUE,1.09310940439148,1.04730571477836,1,1,7.96019900497512,-0.06075349177274,-0.416205353034908,-1.62840758796857,3.90689059560852,-0.154680454201032
"Engineering",3.25,0.0909090909090909,3.15909090909091,44,13,2.47905982905983,2.02692307692308,0.452136752136752,0.470299145299145,0.195726495726496,5.21047008547009,5.88632478632479,3.09786324786325,16.6923076923077,9,0.0764705882352941,4,"Engineering",0,0,1,"False",2,2,0,0.125,0,3.5,15,9,5,5.33333333333333,5.43219214941437,4.84712883823995,0.485954415954416,7.6182383665717,2.33070636276095,2.76011564369533,1,TRUE,0.125530882083859,2.05626821964674,1,1,7.64705882352941,-1.00780101174624,0.539833511032649,-1.6404777816253,5.4594316186373,1.45309042147613
"Biological Sciences",0.148148148148148,0,0.148148148148148,27,29,2.01743057234076,1.25426833134772,0.76316224099304,0.10631452855988,0.98760485313287,6.4583669643843,7.47784757727909,3.04588452910865,20.0344827586207,15.1034482758621,0.0797546012269939,0,"Natural Sciences",0,0,1,"False",1.11764705882353,0.823529411764706,0.407407407407407,0.0294117647058824,0.392857142857143,2.32352941176471,17,12,5.76470588235294,7.23529411764706,4.85400800635009,2.341471007411,1.11499976485391,7.30915534767605,2.20318133760026,2.70354495943309,0,TRUE,0,0.199308808223407,1,1,7.97546012269939,-1.13066826005398,-1.21972183195634,-1.62781933817737,4.75488750216347,0.723482962288675
"Political Science",5.3,0.233333333333333,5.06666666666667,30,23,0.683899554551728,0.037008281573499,0.646891272978229,0.58637932116193,0.470473367212498,0.758247066942719,0.822239475500345,0.487690570299266,15.5217391304348,1.04347826086957,0.197530864197531,7,"Social Sciences",1,1,2,"False",0.6,0,0.555555555555556,0.375,0.25,0.545454545454545,13,1,1,1,0.46992945733676,0.00809741716185815,0.485844215312854,0.13490857748657,0.685514009584604,0.367299030064837,0,FALSE,0.302562770020431,2.60090404459018,1,2,19.7530864197531,-0.834525554962946,1.05590126666975,-1.17384300858046,4.90689059560852,0.880893390115584
"Sociology",0.975609756097561,0.0975609756097561,0.878048780487805,41,23,0.713819875776398,0.0617494824016563,0.652070393374741,0.368840579710145,0.325828157349897,1.04953416149068,1.13711180124224,0.529710144927536,17.4782608695652,1.56521739130435,0.364238410596027,4,"Social Sciences",0,0,4,"False",0.5,0,0.428571428571429,0.333333333333333,0.25,0.5,12,1,1,1,0.497227857546181,0.0233823315228595,0.476132912980739,0.137138667061027,0.705143855923159,0.370322382608758,0,FALSE,0.134301091711591,0.909234536076818,1,4,36.4238410596027,-0.999216896776652,-0.547034211599387,-0.531257838009824,5.35755200461808,1.34758655792876
"Chemical Sciences",4.20689655172414,1.75862068965517,2.44827586206897,29,1,2.63636363636364,2.36363636363636,0.272727272727273,0,2.40909090909091,8.54545454545454,9.45454545454546,5.36363636363636,8,13,0.199052132701422,51,"Natural Sciences",1,2,2,"False",2.63636363636364,2.36363636363636,0.272727272727273,0,2.40909090909091,5.36363636363636,8,13,8.54545454545454,9.45454545454546,NA,NA,NA,NA,NA,NA,0,TRUE,1.46394709975979,1.78587519464715,1,2,19.9052132701422,0.302215416294431,0.283623553551502,-1.16797917936472,4.85798099512757,0.83024388712154
"Economics",1.57142857142857,0.357142857142857,1.21428571428571,14,17,0.716736694677871,0.144957983193277,0.571778711484594,0.387605042016807,0.331232492997199,1.18032212885154,1.29551820728291,0.62359943977591,16.8823529411765,1.82352941176471,0.25748502994012,5,"Social Sciences",1,1,3,"False",0.5,0,0.5,0.25,0.25,0.5,10,1,1,1,0.291007027811124,0.0403731805222089,0.242411026910764,0.149950084200347,0.539450672268674,0.387233888238551,1,FALSE,0.440572591385981,1.14684138832927,1,3,25.748502994012,-0.699444157388604,-0.321890676506638,-0.942745744824745,3.8073549220576,-0.257756994306797
"Psychological Sciences",4.41666666666667,1.41666666666667,3,12,29,1.42595785440613,0.70095785440613,0.725,0.427011494252874,0.505938697318008,3.33563218390805,3.73936781609195,1.81848659003831,20.9655172413793,6.68965517241379,0.517543859649123,17,"Social Sciences",2,1,6,"True",0.9,0.555555555555556,0.5,0.25,0.4,1.6,17,5,3,3.11111111111111,2.5447223742626,0.572793361916925,0.894921737213404,2.29960001976525,1.5952185976419,1.51644321349837,1,TRUE,1.27301849440642,2,2,6,51.7543859649123,0.115338115875784,0.486516757898007,0.0596680694095749,3.58496250072116,-0.488060769017063
"Sociology",2.16666666666667,0.666666666666667,1.5,12,21,0.744066515495087,0.0466742252456538,0.697392290249433,0.580820105820106,0.446315192743764,1.08688586545729,1.1588246409675,0.600831443688587,20.5238095238095,1.57142857142857,0.324503311258278,8,"Social Sciences",2,1,4,"True",0.666666666666667,0,0.5,0.5,0.285714285714286,0.6,16,1,1,1,0.400155619743488,0.00952956469183793,0.357114757675557,0.184061931606858,0.63257854827957,0.429024395118573,0,FALSE,0.736965594166206,1.32192809488736,1,3,32.4503311258278,-0.409340303542138,-0.155987885031783,-0.68441938430572,3.58496250072116,-0.488060769017063
"Biological Sciences",0.40625,0.0625,0.34375,32,12,0.394330798146691,0.211065215490865,0.183265582655827,0.0351775359151441,0.200447300171926,2.00807362240289,2.43223657370982,0.758636390127342,23.0833333333333,4.16666666666667,0.110429447852761,2,"Natural Sciences",0,0,2,"False",0.277777777777778,0,0,0,0,0.486111111111111,26.5,3.5,1.81944444444444,2.08333333333333,0.200102648581578,0.109763588878644,0.0909886674932283,0.747157280126292,0.447328345381307,0.864382600545784,0,TRUE,0.0874628412503394,0.426264754702098,1,1,11.0429447852761,-1.04506128864413,-1.00467052507634,-1.50958113014731,5,0.9773150539633
"Economics",6.41176470588235,2.82352941176471,3.58823529411765,17,29,1.68715106732348,0.500437876299945,1.18671319102354,0.913081554460865,0.878188286808977,2.1820197044335,2.50682813355227,1.15203886152162,21.9310344827586,4.58620689655172,0.652694610778443,48,"Social Sciences",3,3,7,"True",1.42857142857143,0.333333333333333,0.857142857142857,0.6,0.571428571428571,1.14285714285714,20,2,2,2,2.42498706958609,0.336730468551223,1.18152698615936,0.774856350152723,1.55723699852851,0.88025925167119,0,FALSE,1.93490497177812,2.19793937761191,3,7,65.2694610778443,0.763180055777352,0.674073517255495,0.580615503064372,4.08746284125034,0.0323154403951519
"Mathematical Sciences",14.2105263157895,0,14.2105263157895,19,17,1.15504201680672,0.406442577030812,0.74859943977591,0.227941176470588,0.562861811391223,2.08851540616247,2.40270774976657,1.11225490196078,23.0588235294118,4.64705882352941,0.415094339622641,0,"Formal Sciences",0,0,5,"False",1,0.2,0.5,0.125,0.4,1,21,3,1.57142857142857,2,0.991599087551687,0.245053058260341,0.438685931548545,0.643767634368562,0.995790684607808,0.802351316050869,1,FALSE,0,3.92699816905709,2,4,41.5094339622641,-1.13066826005398,2.31243707873879,-0.335230324354385,4.24792751344359,0.198488457855317
"Economics",6.25,0.142857142857143,6.10714285714286,28,23,0.71923740510697,0.213768115942029,0.505469289164941,0.348412698412698,0.36031746031746,1.68288474810214,2.00163906142167,0.753485162180814,27.4782608695652,2.82608695652174,0.520958083832335,4,"Social Sciences",1,1,6,"False",0.5,0,0.428571428571429,0.333333333333333,0.2,0.444444444444444,27,1,1,1,0.496708466031706,0.202440711462451,0.193959835837424,0.777603242695116,0.704775472070152,0.881818146045496,1,FALSE,0.192645077942396,2.82926969848605,2,6,52.0958083832335,-0.942110908795984,1.27228833684252,0.0728284204346666,4.8073549220576,0.777816850009819
"Psychological Sciences",0.142857142857143,0,0.142857142857143,21,26,1.44372026917276,0.696649089974882,0.747071179197876,0.406022521972748,0.371890804017501,3.29136751885621,3.63325815712694,1.93936819841797,24.9230769230769,6.69230769230769,0.5,0,"Social Sciences",0,0,6,"False",1.24285714285714,0.564102564102564,0.458041958041958,0.240384615384615,0.30952380952381,1.67532467532468,22.5,4.5,2.93434343434343,3.23611111111111,1.20536415207361,0.372300025065969,0.632959593100971,2.22191809031797,1.09789077420006,1.4906099725676,1,TRUE,0,0.192645077942396,2,5,50,-1.13066826005398,-1.226036026089,-0.00795588816551379,4.39231742277876,0.348014871346073
"Mathematical Sciences",13.1428571428571,0.285714285714286,12.8571428571429,14,4,0,0,0,0,0,0.0714285714285714,0.107142857142857,0,13.75,0.25,0.738693467336683,4,"Formal Sciences",1,1,8,"False",0,0,0,0,0,0,10.5,0,0,0,0,0,0,0,0,0,0,FALSE,0.362570079384708,3.79255792012952,3,8,73.8693467336683,-0.77579153782273,2.18504869487963,0.912103735626204,3.8073549220576,-0.257756994306797
"Engineering",12.3846153846154,11.5384615384615,0.846153846153846,13,4,0.166666666666667,0.166666666666667,0,0.0833333333333333,0,3.375,5.54166666666667,0.666666666666667,13.5,13,0.625,150,"Engineering",3,3,7,"True",0,0,0,0,0,0,15,12,3.66666666666667,5.25,0.111111111111111,0.111111111111111,0,1.77777777777778,0.333333333333333,1.33333333333333,0,TRUE,3.64828843608998,0.884522782580064,2,7,62.5,2.44020731840221,-0.570449746496033,0.473864809556991,3.70043971814109,-0.368475583042514
"Physical Sciences",10.5,6.5,4,10,1,0,0,0,0,0,0,0,0,13,0,0.721393034825871,65,"Natural Sciences",3,3,8,"True",0,0,0,0,0,0,13,0,0,0,NA,NA,NA,NA,NA,NA,0,TRUE,2.90689059560852,2.32192809488736,3,8,72.1393034825871,1.71454116319745,0.791558589147915,0.845418083920117,3.32192809488736,-0.760452319853902
"Computational Sciences",16.1666666666667,9.58333333333333,6.58333333333333,12,15,5.3236075036075,3.08316017316017,2.24044733044733,0.403116883116883,1.34352092352092,9.85761904761905,11.6678932178932,5.16406926406926,17.2,24.9333333333333,0.224489795918367,115,"Formal Sciences",3,3,3,"True",2.78571428571429,2.07142857142857,0.5,0.181818181818182,0.428571428571429,3.78571428571429,17,27,10.8571428571429,11.6428571428571,39.0879264113884,11.2190421455477,11.4704221439593,8.88543277995968,6.25203378200953,2.98084430656143,0,TRUE,3.40372218605101,2.92283213947754,1,2,22.4489795918367,2.20083050791221,1.36094309791966,-1.06992803824777,3.58496250072116,-0.488060769017063
"Sociology",4.61538461538461,2.23076923076923,2.38461538461538,13,25,1.04522222222222,0.293190476190476,0.752031746031746,0.595634920634921,0.420333333333333,2.20477777777778,2.49747619047619,1.09209523809524,14.44,3.16,0.119205298013245,29,"Social Sciences",3,3,2,"True",0.75,0.222222222222222,0.5,0.444444444444444,0.4,0.875,10,2,1.75,2,0.688287751952633,0.0955616139665743,0.478095819685899,0.686558759028303,0.829631093892118,0.828588413525257,0,FALSE,1.69187770463767,1.75899190049621,1,1,11.9205298013245,0.525309572581444,0.258150382964437,-1.47575404016785,3.70043971814109,-0.368475583042514
"Health",0,0,0,5,6,0.112698412698413,0.112698412698413,0,0,0.0333333333333333,0.926190476190476,1.00952380952381,0.338095238095238,13.6666666666667,3.66666666666667,0.0217391304347826,0,"Medicine and Health",0,0,1,"False",0.0714285714285714,0.0714285714285714,0,0,0,0.214285714285714,8,3,0.928571428571429,1,0.0190627362055933,0.0190627362055933,0,0.17156462585034,0.138067868114175,0.414203604342526,1,TRUE,0,0,1,1,2.17391304347826,-1.13066826005398,-1.40857619046139,-1.85144377510379,2.32192809488736,-1.79602616417052
"Economics",33.5,25.1666666666667,8.33333333333333,6,44,1.0516323953824,0.143217893217893,0.908414502164502,0.560741341991342,0.346951659451659,1.35944264069264,1.53368506493507,0.711760461760462,23.3181818181818,2.27272727272727,0.988023952095808,151,"Social Sciences",3,3,10,"True",0.866071428571429,0,0.785714285714286,0.5,0.196428571428571,0.666666666666667,18.5,1.5,1,1.1547619047619,0.824677128676817,0.045033836492862,0.65438433161907,0.294983682338334,0.908117354022495,0.543124002727124,1,FALSE,4.70965824817047,3.22239242133645,3,10,98.8023952095808,3.47905597526191,1.64479038679934,1.87316444066726,2.58496250072116,-1.52363461333368
"Biological Sciences",1.09090909090909,0.136363636363636,0.954545454545455,22,40,0.628099747474748,0.348013167388167,0.28008658008658,0.0779166666666667,0.222186147186147,3.0836562049062,3.54704545454545,1.50534000721501,26.675,6.85,0.441489361702128,3,"Natural Sciences",0,0,5,"False",0.5,0.225,0.0625,0,0.125,1.18333333333333,29.5,4.5,2.16666666666667,2.75,0.399017434878433,0.139793150998666,0.169747193309603,1.69016665690193,0.631678268486762,1.30006409722826,1,TRUE,0.184424571137427,0.966833136064801,2,5,44.1489361702128,-0.950156985060682,-0.492456861263087,-0.233488980716473,4.4594316186373,0.417516577159516
"Health",0.32258064516129,0.0967741935483871,0.225806451612903,31,2,0,0,0,0,0,0.142857142857143,0.214285714285714,0,26.5,0.5,0.35,3,"Medicine and Health",1,1,4,"False",0,0,0,0,0,0,26.5,0.5,0.142857142857143,0.214285714285714,0,0,0,0,0,0,1,TRUE,0.133266530863464,0.29373120305671,1,4,35,-1.00022950532768,-1.13025222464844,-0.58614072543252,4.95419631038687,0.929881951026751
"Engineering",0.333333333333333,0.142857142857143,0.19047619047619,21,15,1.26756613756614,0.787883597883598,0.47968253968254,0.45521164021164,0.137936507936508,2.67216931216931,3.10185185185185,1.55888888888889,22,6.53333333333333,0.343558282208589,3,"Engineering",0,0,4,"False",1,0.555555555555556,0.285714285714286,0.222222222222222,0.111111111111111,1.44444444444444,23,7,2,2.77777777777778,0.64023439393394,0.482560330657836,0.191538692725768,1.22013571248605,0.800146482797956,1.1045975341662,1,TRUE,0.192645077942396,0.251538766995964,1,4,34.3558282208589,-0.942110908795984,-1.17023151867485,-0.610970749118833,4.39231742277876,0.348014871346073
"Medical Sciences",0.363636363636364,0.227272727272727,0.136363636363636,22,24,0.867836718020542,0.469756652661064,0.398080065359477,0.179519724556489,0.275545634920635,4.1781337535014,5.00646300186741,2.04557656395892,18.125,7.75,0.0645161290322581,5,"Medicine and Health",0,0,1,"False",0.642857142857143,0.30952380952381,0.333333333333333,0.154761904761905,0.142857142857143,1.78571428571429,14.5,5.5,3.02380952380952,3.54761904761905,0.522248061406646,0.315799090442869,0.121755851921616,3.30798849448845,0.722667324158665,1.81878764414333,1,TRUE,0.295455883526171,0.184424571137427,1,1,6.45161290322581,-0.841481640772984,-1.23382533832802,-1.68655702861811,4.4594316186373,0.417516577159516
"Computational Sciences",0.128205128205128,0,0.128205128205128,39,1,16,9,7,3,0,12,12,9,3,12,0.0663265306122449,0,"Formal Sciences",0,0,1,"False",16,9,7,3,0,9,3,12,12,12,NA,NA,NA,NA,NA,NA,1,TRUE,0,0.174029399775049,1,1,6.63265306122449,-1.13066826005398,-1.24367524630093,-1.67957871699869,5.28540221886225,1.27287012692697
"Economics",1.85,1.05,0.8,20,8,0.775297619047619,0.015625,0.759672619047619,0.648065476190476,0.0334821428571429,0.695684523809524,0.8125,0.353422619047619,21.875,1.125,0.137724550898204,21,"Social Sciences",3,2,2,"True",0.455357142857143,0,0.392857142857143,0.196428571428571,0,0.267857142857143,16,1,0.708333333333333,0.854166666666667,0.999805130385488,0.001953125,1.00712602749433,0.0507059594671202,0.99990256044551,0.22517983805643,1,FALSE,1.03562390973072,0.84799690655495,1,1,13.7724550898204,-0.117019204474881,-0.605059711539955,-1.4043703653972,4.32192809488736,0.275121524462715
"Sociology",2.6,1.3,1.3,10,8,0.279464285714286,0,0.279464285714286,0.183035714285714,0.165178571428571,0.630357142857143,0.817857142857143,0.24375,22.625,1.5,0.145695364238411,13,"Social Sciences",2,2,2,"True",0.267857142857143,0,0.267857142857143,0.125,0.142857142857143,0.225,21,1,0.535714285714286,0.785714285714286,0.0339859693877551,0,0.0339859693877551,0.0261871355685131,0.184352839380778,0.161824397321643,1,FALSE,1.20163386116965,1.20163386116965,1,2,14.5695364238411,0.0454681897535474,-0.26997226205515,-1.37364634263725,3.32192809488736,-0.760452319853902
"Psychological Sciences",0.8,0.225,0.575,40,11,0.577380952380952,0.437373737373737,0.140007215007215,0.104761904761905,0.112373737373737,3.26471861471861,3.74163059163059,1.54202741702742,20.7272727272727,5.18181818181818,0.535087719298246,9,"Social Sciences",0,1,6,"False",0.5,0.25,0,0,0,1,16,4,2,2.28571428571429,0.211529195011338,0.196084713346618,0.0572293656519847,2.63833523729357,0.459923031616528,1.62429530483024,1,TRUE,0.292781749227846,0.655351828612554,2,6,53.5087719298246,-0.844099032743679,-0.787599875912345,0.127292026984663,5.32192809488736,1.31069536877933
"Physical Sciences",0.390243902439024,0.329268292682927,0.0609756097560976,82,13,0.789010989010989,0.534432234432234,0.254578754578755,0.12026862026862,0.161172161172161,2.19099511599512,2.55604395604396,1.1485347985348,20.4615384615385,3.84615384615385,0.129353233830846,27,"Natural Sciences",0,1,2,"False",0.375,0.2,0.142857142857143,0,0,0.5,13,2,1.2,1.6,1.19816212061748,1.14746113509506,0.121593642799,1.41976170489563,1.09460592023681,1.1915375381815,1,TRUE,0.410632320158843,0.0853914912306447,1,1,12.9353233830846,-0.728749127434209,-1.32766378402084,-1.43663815603921,6.35755200461808,2.38316040224538
"Political Science",1.47222222222222,0,1.47222222222222,36,4,0.148809523809524,0.0357142857142857,0.113095238095238,0.0357142857142857,0.0773809523809524,0.625,0.73015873015873,0.18452380952381,29.75,1,0.54320987654321,0,"Social Sciences",0,0,6,"False",0.0833333333333333,0,0.0833333333333333,0,0.0714285714285714,0.0833333333333333,33,1,0.75,0.833333333333333,0.0409580498866213,0.00510204081632653,0.0194160997732426,0.0727040816326531,0.202380952380952,0.269636944116812,1,FALSE,0,1.30580842952409,2,6,54.320987654321,-1.13066826005398,-0.171262017111713,0.158599414750908,5.16992500144231,1.15328494095242
"Chemical Sciences",1.12121212121212,0.454545454545454,0.666666666666667,33,14,0.970890022675737,0.679818594104308,0.291071428571429,0.0943877551020408,0.488633786848073,3.9437358276644,4.94546485260771,1.60804988662132,29.5,9.28571428571429,0.194312796208531,15,"Natural Sciences",0,1,2,"False",0.888888888888889,0.401785714285714,0.1,0,0.357142857142857,1.35416666666667,31.5,9,3.64285714285714,4.54464285714286,0.692210559895509,0.588823571553163,0.123356608669109,1.55452740538625,0.831991922974922,1.24680688375797,1,TRUE,0.540568381362703,0.736965594166206,1,2,19.4312796208531,-0.601570173291284,-0.710267040117454,-1.18624726269069,5.04439411935845,1.02328844281238
"Physical Sciences",1.20833333333333,0.833333333333333,0.375,24,9,0.62962962962963,0.425925925925926,0.203703703703704,0.104938271604938,0.166666666666667,4.06172839506173,5.05555555555555,1.42592592592593,19.7777777777778,6.55555555555556,0.174129353233831,20,"Natural Sciences",0,1,2,"False",0.333333333333333,0.333333333333333,0,0,0,1,19,6,2.22222222222222,2.66666666666667,0.567901234567901,0.327160493827161,0.248456790123457,2.57716049382716,0.753592220347252,1.60535369742221,0,TRUE,0.874469117916141,0.459431618637297,1,2,17.4129353233831,-0.274754460478549,-0.973243380094946,-1.26404566730279,4.58496250072116,0.547513075299553
"Biological Sciences",2.86666666666667,1.86666666666667,1,15,39,1.20271672771673,0.64463776963777,0.558078958078958,0.237708587708588,0.515018315018315,3.48270248270248,4.08074888074888,1.62549857549858,22.974358974359,7.25641025641026,0.287234042553192,28,"Natural Sciences",2,2,3,"True",0.875,0.444444444444444,0.375,0.1,0.428571428571429,1.55555555555556,22,6,3.25,3.75,1.0393146269979,0.409090118416037,0.404118509627073,1.29642639765708,1.01946781557727,1.13860721834049,0,TRUE,1.51937415909358,1,1,3,28.7234042553192,0.35646637151024,-0.461029716281691,-0.828076224714458,3.90689059560852,-0.154680454201032
"Biological Sciences",3.18181818181818,0.818181818181818,2.36363636363636,11,16,1.10111607142857,0.515699404761905,0.585416666666667,0.163616071428571,0.490401785714286,2.76458333333333,3.22797619047619,1.28958333333333,16.4375,5.0625,0.265957446808511,9,"Natural Sciences",1,0,3,"False",1.27083333333333,0.5,0.520833333333333,0.125,0.5,1.125,9,4,2.35416666666667,2.875,0.691653527730537,0.242514969529478,0.379467592592593,1.07777314814815,0.831657097444936,1.03815853709737,0,TRUE,0.862496476250065,1.75002174699165,1,3,26.5957446808511,-0.2864730552344,0.249650745638347,-0.910088258369353,3.4594316186373,-0.6180572671571
"Political Science",31.4444444444444,2.88888888888889,28.5555555555556,18,26,1.30498945498945,0.246658896658897,1.05833055833056,0.967246642246642,0.706417193917194,1.19960178710179,1.3745337995338,0.684297646797647,25.0384615384615,1.92307692307692,0.851851851851852,52,"Social Sciences",3,3,9,"True",0.944444444444444,0,0.75,0.75,0.5,0.738636363636364,29,2,1,1.1,1.5187996720211,0.308519025138722,1.25604745599919,0.159769602805804,1.23239590717476,0.399711899755066,0,FALSE,1.95935801550265,4.88535743405888,3,9,85.1851851851852,0.787114231537989,3.22052702128868,1.3482801498682,4.16992500144231,0.117711096635806
"Sociology",3.69230769230769,1.15384615384615,2.53846153846154,26,31,0.880145929339478,0.152956989247312,0.727188940092166,0.444098822324629,0.363658474142345,1.45634920634921,1.65555555555556,0.798118279569892,22.4516129032258,2.58064516129032,0.847682119205298,30,"Social Sciences",2,3,9,"True",0.8,0,0.625,0.333333333333333,0.333333333333333,0.571428571428571,21,2,1,1.28571428571429,0.507099736330215,0.0568533618744192,0.38939922809028,0.604716846894074,0.71210935700229,0.777635420292874,0,FALSE,1.10691520391651,1.82312223791592,3,9,84.7682119205298,-0.0472406368467662,0.318916858074442,1.33220764192357,4.70043971814109,0.667098261274102
"Engineering",0.739130434782609,0.369565217391304,0.369565217391304,46,25,3.25708902208902,2.14881640581641,1.10827261627262,0.27787345987346,1.02902208902209,5.86712321012321,6.49904362304362,3.30795737595738,17.12,9.68,0.5625,17,"Engineering",0,1,6,"False",2.77777777777778,1.6,0.666666666666667,0.166666666666667,0.545454545454545,3,12,6,4,4.2,8.99184992973864,6.55408275383365,1.18521736317057,8.72385919338939,2.99864134730025,2.95361798365824,0,TRUE,0.453717967442903,0.453717967442903,2,6,56.25,-0.686577712436792,-0.978657330138887,0.232954460695739,5.52356195605701,1.51950212153519
"Economics",3.15384615384615,0.961538461538462,2.19230769230769,26,41,1.0233669627075,0.380152357603982,0.643214605103523,0.261861885432624,0.383581355168095,1.99181028361043,2.35570243372435,1.05674192485493,24.0243902439024,4.1219512195122,0.592814371257485,25,"Social Sciences",2,3,6,"True",1,0.277777777777778,0.571428571428571,0.142857142857143,0.305555555555556,0.888888888888889,24,3,1.57142857142857,2,0.708225111624427,0.297491052426978,0.407356409136939,1.03762413482985,0.841561115798744,1.01863837294196,0,FALSE,0.971985623830404,1.67459971320583,2,7,59.2814371257485,-0.179307152633882,0.178184863449132,0.349803192778143,4.70043971814109,0.667098261274102
"Biological Sciences",1.63157894736842,1.36842105263158,0.263157894736842,19,34,1.07498024850966,0.673620089061266,0.401360159448395,0.0318492781728076,0.442842778136896,5.45989639445522,6.50427619765855,2.51607950872657,22.3529411764706,9.91176470588235,0.464285714285714,26,"Natural Sciences",1,2,5,"False",0.798076923076923,0.585714285714286,0.291666666666667,0,0.225,2.14835164835165,21,7,4.56410256410256,5.57692307692308,0.963555180172468,0.58538703432299,0.164236970023102,4.94417351003916,0.981608465821515,2.22354975434308,0,TRUE,1.24392558288609,0.337034987277571,2,5,46.4285714285714,0.0868625254519464,-1.08921987659133,-0.145618944657658,4.24792751344359,0.198488457855317
"Psychological Sciences",2.6875,0,2.6875,16,5,0.627380952380952,0.225,0.402380952380952,0.0952380952380952,0.348809523809524,1.125,1.33214285714286,0.677380952380952,15.4,2.2,0.043859649122807,0,"Social Sciences",0,0,1,"False",0.333333333333333,0,0.285714285714286,0,0.142857142857143,0.333333333333333,14,1,1,1,0.596435657596372,0.190625,0.116524943310658,0.577388038548753,0.772292468949667,0.759860538881151,0,TRUE,0,1.88264304936184,1,1,4.3859649122807,-1.13066826005398,0.375315593100339,-1.76617878511781,4,-0.0582587903533156
"Physical Sciences",3.14285714285714,2.48571428571429,0.657142857142857,35,1,1,0.444444444444444,0.555555555555556,0.111111111111111,0.555555555555556,3.22222222222222,4.55555555555556,0.666666666666667,26,12,0.659340659340659,87,"Natural Sciences",2,3,7,"True",1,0.444444444444444,0.555555555555556,0.111111111111111,0.555555555555556,0.666666666666667,26,12,3.22222222222222,4.55555555555556,NA,NA,NA,NA,NA,NA,1,TRUE,1.80145432061792,0.728697978182606,3,7,65.9340659340659,0.632561087594086,-0.718100990492586,0.60623313310713,5.12928301694497,1.11119716482585
"Engineering",3.22222222222222,3.22222222222222,0,18,1,0,0,0,0,0,0,0,0,13,0,0.8375,58,"Engineering",2,3,9,"True",0,0,0,0,0,0,13,0,0,0,NA,NA,NA,NA,NA,NA,1,TRUE,2.07800251200127,0,3,9,83.75,0.903241216146478,-1.40857619046139,1.29295999568525,4.16992500144231,0.117711096635806
"Medical Sciences",7.36,5.6,1.76,25,1,0,0,0,0,0,0,0,0,9,0,0.9375,140,"Medicine and Health",3,3,10,"True",0,0,0,0,0,0,9,0,0,0,NA,NA,NA,NA,NA,NA,1,TRUE,2.72246602447109,1.46466826700344,3,10,93.75,1.53402988820415,-0.0207349382193866,1.67841655386325,4.64385618977472,0.608501839278744
"Biological Sciences",3.16666666666667,3.03333333333333,0.133333333333333,30,1,0,0,0,0,0,0,0,0,11,0,0.900900900900901,91,"Natural Sciences",3,3,10,"True",0,0,0,0,0,0,11,0,0,0,NA,NA,NA,NA,NA,NA,1,TRUE,2.01197264166608,0.180572245641821,3,10,90.0900900900901,0.838612430468205,-1.23747559576877,1.53734292615171,4.90689059560852,0.880893390115584
"Agriculture",1.1304347826087,1.1304347826087,0,23,20,1.82234126984127,0.980257936507936,0.842083333333333,0.200833333333333,0.769523809523809,3.24710317460317,3.53388888888889,1.88628968253968,19.35,6.65,0.253012048192771,26,"Applied Sciences",2,1,3,"True",1,0.5,0.5,0,0.145833333333333,1.64583333333333,17.5,4,2.5,2.5625,8.44034187817427,2.56224221060256,1.8671014254386,3.16467215450995,2.90522664833129,1.7789525441984,0,TRUE,1.0911478880582,0,1,3,25.3012048192771,-0.0626733867848741,-1.40857619046139,-0.959987146316005,4.52356195605701,0.483928277218573
"Geography",1.71428571428571,0.357142857142857,1.35714285714286,14,9,1.26851851851852,0.376102292768959,0.892416225749559,0.570546737213404,0.215388007054674,2.13227513227513,2.52557319223986,1.20458553791887,21.6666666666667,3.66666666666667,0.178571428571429,5,"Social Sciences",1,0,2,"False",1.11111111111111,0.333333333333333,0.5,0.142857142857143,0.142857142857143,1.33333333333333,23,2,1.66666666666667,1.77777777777778,1.3950853489544,0.10121322191428,1.15873190840122,0.550553355344195,1.18113731164264,0.741992827016674,0,FALSE,0.440572591385981,1.23703919730085,1,2,17.8571428571429,-0.699444157388604,-0.236424060636885,-1.24692339659481,3.8073549220576,-0.257756994306797
"Chemical Sciences",2.52,1.92,0.6,25,20,3.05359668109668,2.50172258297258,0.551874098124098,0.221448412698413,1.73573051948052,12.7547438672439,14.642711038961,6.4553841991342,17.4,22.15,0.635071090047393,48,"Natural Sciences",2,2,7,"True",2,2,0.267857142857143,0.105555555555556,1.23611111111111,6.65,12.5,19,12.8,14,5.7133769299747,3.48757702321238,0.411114807038558,16.6201917894723,2.39026712523406,4.07678694433157,0,TRUE,1.54596836910529,0.678071905112638,3,7,63.5071090047393,0.382496280253129,-0.766071547531598,0.512684486624681,4.64385618977472,0.608501839278744
"Mathematical Sciences",1.78260869565217,0.130434782608696,1.65217391304348,23,20,1.95367063492063,0.365277777777778,1.58839285714286,0.469146825396825,0.600595238095238,2.02400793650794,2.25496031746032,1.2969246031746,18.65,4.05,0.481132075471698,3,"Formal Sciences",1,1,5,"False",1.91666666666667,0.208333333333333,1.52083333333333,0.142857142857143,0.30952380952381,1.29166666666667,12.5,2,1.625,1.83333333333333,2.49304779599462,0.172638482781027,1.98700723162072,0.536211260210712,1.57893881958568,0.73226447422411,0,FALSE,0.176877762084079,1.40717538150587,2,5,48.1132075471698,-0.957543658734092,-0.0752121191630268,-0.0806835406519295,4.52356195605701,0.483928277218573
"Biological Sciences",3.06666666666667,2.33333333333333,0.733333333333333,15,72,1.92981150793651,1.10447530864197,0.825336199294533,0.217526455026455,0.807986111111111,5.80470679012346,6.81151895943563,2.97166005291005,21.0694444444444,12.9861111111111,0.446808510638298,35,"Natural Sciences",2,2,5,"True",1.47222222222222,0.763888888888889,0.527777777777778,0.1,0.732142857142857,2.66666666666667,18,10.5,5.03174603174603,6,2.73169551674021,1.16060138708007,0.874937476089883,6.36267546083378,1.65278417125171,2.52243443142409,0,TRUE,1.73696559416621,0.793549122532574,2,5,44.6808510638298,0.569440744341027,-0.656651517317255,-0.21298597230275,3.90689059560852,-0.154680454201032
"Engineering",5,2.27272727272727,2.72727272727273,11,36,2.75192901234568,1.72051366843033,1.03141534391534,0.186838624338624,0.637202380952381,7.46976410934744,8.67668650793651,3.56901455026455,17.8055555555556,10.3333333333333,0.569230769230769,25,"Engineering",2,1,6,"True",1.9,1,0.316666666666667,0.05,0.275,2.77777777777778,16,9,6.625,7.0625,9.78276698118254,4.04972501907141,2.67156434240363,9.2294622824659,3.12774151444497,3.03800300896261,0,TRUE,1.71049338280502,1.89812038598079,2,6,56.9230769230769,0.543530245565136,0.389981088843313,0.258898652111566,3.4594316186373,-0.6180572671571
"Political Science",1.5,0.125,1.375,8,14,1.22555916305916,0.32775974025974,0.897799422799423,0.681709956709957,0.609361471861472,1.41486291486292,1.47323232323232,1.01139971139971,9.71428571428571,2.21428571428571,0.0493827160493827,1,"Social Sciences",0,0,1,"False",0.788888888888889,0.118055555555556,0.625,0.527777777777778,0.45,1,8,2,1.1,1.1,0.728498074946939,0.184050121105045,0.588954957780715,0.364221575282181,0.853520986822784,0.603507725950697,0,FALSE,0.169925001442312,1.24792751344359,1,1,4.93827160493827,-0.964348889080722,-0.226106875066082,-1.74488976143677,3,-1.09383263466993
"Geography",5,0.625,4.375,8,11,3.54808802308802,1.17763347763348,2.37045454545455,0.939646464646465,1.1739898989899,3.5981240981241,3.87510822510822,2.20602453102453,15.0909090909091,6.81818181818182,0.428571428571429,5,"Social Sciences",1,0,5,"False",1.125,0.666666666666667,0.333333333333333,0.5,0.555555555555556,1.83333333333333,10,6,3.16666666666667,3.5,45.1858960323187,1.6228606787833,32.0247411616162,2.47397464154012,6.72204552441581,1.57288735818561,0,FALSE,0.700439718141092,2.4262647547021,2,4,42.8571428571429,-0.44509113875285,0.890422423283054,-0.283282001149802,3,-1.09383263466993
"Computational Sciences",1.72727272727273,0.181818181818182,1.54545454545455,33,18,2.17402797819464,1.40072350489017,0.773304473304473,0.638762626262626,0.214430014430014,4.42760341510342,5.013943001443,2.5111050986051,23.3333333333333,8.94444444444444,0.571428571428571,6,"Formal Sciences",0,0,6,"False",1.4375,0.975,0.392857142857143,0,0.133928571428571,2.28571428571429,26,6.5,3.35714285714286,3.66666666666667,5.82780415203612,2.82412622050232,1.49621525745284,11.566638676323,2.41408453705253,3.40097613580616,0,TRUE,0.241008099503795,1.34792330342031,2,6,57.1428571428571,-0.894774099873322,-0.131356216840826,0.267370224818775,5.04439411935845,1.02328844281238
"Mathematical Sciences",1.07142857142857,0.0357142857142857,1.03571428571429,28,17,0.73405695611578,0.141806722689076,0.592250233426704,0.385924369747899,0.251727357609711,1.11318860877684,1.29647525676937,0.632913165266106,25.5294117647059,2.11764705882353,0.613065326633166,1,"Formal Sciences",0,0,7,"False",0.625,0.125,0.428571428571429,0.142857142857143,0.125,0.5,27,2,1,1,0.236126016378774,0.0357640452014139,0.158031149959984,0.176886347131445,0.485927995055619,0.420578586154175,1,FALSE,0.0506260730699681,1.02553509210714,2,7,61.3065326633166,-1.08111641920434,-0.436834029787719,0.427861828367405,4.8073549220576,0.777816850009819
"Physical Sciences",2.6875,1.75,0.9375,16,14,1.65266439909297,1.05246598639456,0.600198412698413,0.203373015873016,0.412698412698413,4.57199546485261,5.46927437641723,2.30085034013605,31.5,10.7142857142857,0.641791044776119,28,"Natural Sciences",1,2,7,"False",1.1875,0.5625,0.354166666666667,0,0.229166666666667,2.52083333333333,35,9.5,4.6875,5,2.73396775560041,1.20768094992372,0.545559667955501,3.10516597033604,1.65347142569819,1.76214811248545,1,TRUE,1.4594316186373,0.954196310386875,3,7,64.1791044776119,0.297795748949661,-0.504430840879028,0.538586992833149,4,-0.0582587903533156
"Psychological Sciences",0.608695652173913,0.0869565217391304,0.521739130434783,23,14,1.19642857142857,0.319897959183673,0.876530612244898,0.594897959183673,0.356802721088435,1.73571428571429,1.85969387755102,1.07210884353741,17.0714285714286,3.57142857142857,0.460526315789474,2,"Social Sciences",0,0,5,"False",1.25,0.354166666666667,0.9375,0.75,0.3875,1.17142857142857,13,4,1.82857142857143,2,0.430670024420024,0.0513366537091027,0.295019062570083,0.355350539483193,0.656254542399536,0.596112858008609,1,TRUE,0.120294233717712,0.605721060887954,2,5,46.0526315789474,-1.01292654392145,-0.834627334880622,-0.160109792709463,4.52356195605701,0.483928277218573
"Engineering",2.28571428571429,2.28571428571429,0,14,12,2.75502645502646,1.82906746031746,0.925958994708995,0.0502314814814815,0.999801587301587,6.41977513227513,7.44599867724868,3.55853174603175,17.6666666666667,15.5,0.85,32,"Engineering",2,2,9,"True",2.25892857142857,1.3875,0.944444444444444,0,0.69047619047619,3.61904761904762,10,14,6.56944444444444,7.34722222222222,4.73044230093833,2.86339910227559,0.467442350326775,3.81497447548043,2.17495799981019,1.95319596443379,1,TRUE,1.71620703399941,0,3,9,85,0.549122659068423,-1.40857619046139,1.3411420654575,3.8073549220576,-0.257756994306797
"Medical Sciences",0.225806451612903,0,0.225806451612903,31,17,3.90983625179127,2.38060960569611,1.52922664609516,0.541460826754944,1.39921184159938,11.6796602954907,13.1746689584925,6.40086704913694,22.0588235294118,20.2941176470588,0.166666666666667,0,"Medicine and Health",0,0,2,"False",1.85714285714286,1,0.555555555555556,0,0.428571428571429,3.33333333333333,20,8,7,7.33333333333333,24.4566963618346,14.4430983226433,6.27749124428954,61.6361063227974,4.94537120566642,7.85086659693039,1,TRUE,0,0.29373120305671,1,2,16.6666666666667,-1.13066826005398,-1.13025222464844,-1.29281108209219,4.95419631038687,0.929881951026751
"Biological Sciences",0.192307692307692,0,0.192307692307692,26,9,1.34263668430335,0.902292768959436,0.440343915343915,0.116666666666667,0.379012345679012,4.55745149911817,5.26754850088183,2.38179012345679,19.2222222222222,6.77777777777778,0.027027027027027,0,"Natural Sciences",0,0,1,"False",1.125,0.777777777777778,0.571428571428571,0,0.25,2.125,19,4,3.44444444444444,3.88888888888889,0.44403293930741,0.428727866661068,0.136121897833207,2.4750677297668,0.666357966341973,1.5732347980409,1,TRUE,0,0.253756592245783,1,1,2.7027027027027,-1.13066826005398,-1.16813002617904,-1.83106123089932,4.70043971814109,0.667098261274102
"Psychological Sciences",2.33333333333333,0,2.33333333333333,24,12,1.27291666666667,0.699900793650793,0.573015873015873,0.15952380952381,0.434424603174603,3.06269841269841,3.37281746031746,1.48293650793651,14.4166666666667,5.66666666666667,0.223684210526316,0,"Social Sciences",0,0,3,"False",0.928571428571429,0.226190476190476,0.342857142857143,0,0.333333333333333,1,12,4,2.32142857142857,2.71428571428571,1.49304708436405,0.83620296287707,0.383337799766371,2.07337645159074,1.22190305849689,1.43992237693243,1,TRUE,0,1.73696559416621,1,2,22.3684210526316,-1.13066826005398,0.237279434062244,-1.07303321997316,4.58496250072116,0.547513075299553
"Health",0,0,0,22,30,0.313888888888889,0.173015873015873,0.140873015873016,0.128373015873016,0.0759920634920635,1.22519841269841,1.49880952380952,0.532142857142857,16.2333333333333,2.9,0.141304347826087,0,"Medicine and Health",0,0,2,"False",0.142857142857143,0.133928571428571,0,0,0,0.357142857142857,15.5,2.5,0.714285714285714,1,0.263404911773138,0.066306819662731,0.178227708708004,0.441357318789585,0.513229881995523,0.66434728778673,1,TRUE,0,0,1,1,14.1304347826087,-1.13066826005398,-1.40857619046139,-1.39057180336922,4.4594316186373,0.417516577159516
"Psychological Sciences",3.69230769230769,0.961538461538462,2.73076923076923,26,28,2.60704365079365,1.47827380952381,1.12876984126984,1.01220238095238,0.80922619047619,5.2344246031746,6.13650793650794,2.69930555555556,19.75,12.2142857142857,0.478070175438596,25,"Social Sciences",1,2,5,"False",1.95,0.708333333333333,0.75,0.5,0.611111111111111,2,18,10,4.66666666666667,5.54166666666667,7.72317985947808,3.20920384863479,1.54871068489124,4.75140239197531,2.77906096721142,2.17977117881105,0,TRUE,0.971985623830404,1.89947312404604,2,5,47.8070175438597,-0.179307152633882,0.391262871027528,-0.0924858351343742,4.70043971814109,0.667098261274102
"Anthropology",1.08333333333333,0.25,0.833333333333333,24,13,1.31728738832811,0.351357466063348,0.965929922264764,0.56029701821557,0.629191321499014,2.14537980872822,2.5214111680175,1.07981204316046,17.9230769230769,4.38461538461539,0.0144927536231884,6,"Social Sciences",0,1,1,"False",1.5,0.307692307692308,0.75,0.4,0.5,1,19,4,2.15384615384615,2.30769230769231,1.09260257031494,0.155267551851928,0.89281877072944,0.590689295825964,1.04527631290245,0.768563137176097,0,FALSE,0.321928094887362,0.874469117916141,1,1,1.44927536231884,-0.815571141997093,-0.579976061000918,-1.87937540975437,4.58496250072116,0.547513075299553
"Mathematical Sciences",5.64705882352941,1.94117647058824,3.70588235294118,17,45,1.56141895141895,0.43335898669232,1.12805996472663,0.614979156645823,0.616457431457431,2.17579284912618,2.51770402437069,1.14644219977553,21.2888888888889,4.26666666666667,0.678391959798995,33,"Formal Sciences",3,3,7,"True",1.125,0.142857142857143,0.875,0.5,0.333333333333333,1,17,3,1.5,1.66666666666667,2.40539473442423,0.924136131407295,1.44690626948497,1.47930557627687,1.55093350419166,1.21626706618114,0,FALSE,1.55639334852439,2.23446525363702,3,8,67.8391959798995,0.392700052533109,0.708683482299417,0.67966762014198,4.08746284125034,0.0323154403951519
"Geography",3,1,2,24,1,1.22222222222222,0.222222222222222,1,0,0.222222222222222,1.22222222222222,1.22222222222222,1,8,2,0.571428571428571,24,"Social Sciences",3,3,6,"True",1.22222222222222,0.222222222222222,1,0,0.222222222222222,1,8,2,1.22222222222222,1.22222222222222,NA,NA,NA,NA,NA,NA,0,FALSE,1,1.58496250072116,2,6,57.1428571428571,-0.151887212170812,0.0932494388039798,0.267370224818775,4.58496250072116,0.547513075299553
"Engineering",11.75,9.625,2.125,8,39,2.22266992266992,1.57343813593814,0.649231786731787,0.393915343915344,0.815801790801791,5.34451566951567,6.20799755799756,2.75262515262515,18.5128205128205,12.2820512820513,0.43558282208589,77,"Engineering",3,3,5,"True",1.75,1.22222222222222,0.375,0,0.5,2.44444444444444,19,10,4.375,5,3.90225980111893,2.3213499236258,0.672998377598028,3.99739948097248,1.97541383034516,1.99934976454158,0,TRUE,3.4093909361377,1.64385618977472,2,5,43.558282208589,2.20637897306225,0.149053946218124,-0.256256125028645,3,-1.09383263466993
"Physical Sciences",4.85,4.4,0.45,20,47,1.92943722943723,1.20475806699211,0.72467916244512,0.230200945626478,0.703642043535661,6.70983390132326,7.58584937521108,3.77307497467072,19.6170212765957,13.2127659574468,0.407960199004975,88,"Natural Sciences",3,3,5,"True",1.28571428571429,0.6,0.25,0,0.25,2.28571428571429,20,10,4.88888888888889,5.88888888888889,4.29831610376347,2.33340952666776,1.91877626084696,18.8404849812865,2.07323807213824,4.34056274937784,0,TRUE,2.43295940727611,0.53605290024021,2,4,40.7960199004975,1.25066629805693,-0.900641154864977,-0.362729337234821,4.32192809488736,0.275121524462715
"Biological Sciences",0.357142857142857,0.107142857142857,0.25,28,10,0.729563492063492,0.58015873015873,0.149404761904762,0.0678571428571429,0.26468253968254,3.68253968253968,4.67896825396825,1.51785714285714,21.5,7.3,0.441717791411043,3,"Natural Sciences",0,0,5,"False",0.650793650793651,0.534722222222222,0.0625,0,0.142857142857143,1.70833333333333,17,7.5,3.78571428571429,4.84126984126984,0.260669537876879,0.254895754598136,0.0563149565381708,0.81227166792643,0.510558065137433,0.901261154120397,0,TRUE,0.146841388329271,0.321928094887362,2,5,44.1717791411043,-0.986942692112434,-1.10353435921148,-0.232608483422633,4.8073549220576,0.777816850009819
"Biological Sciences",0.75,0.3,0.45,40,9,0.708201058201058,0.527248677248677,0.180952380952381,0.0436507936507936,0.36984126984127,2.55899470899471,2.72936507936508,1.21322751322751,22.8888888888889,4.55555555555556,0.342465753424658,12,"Natural Sciences",0,1,4,"False",0.571428571428571,0.428571428571429,0.142857142857143,0,0.285714285714286,1,23,4,2,2.28571428571429,0.500146132527085,0.324837175610985,0.0434183673469388,1.56276518014613,0.707210104938472,1.25010606755832,0,TRUE,0.37851162325373,0.53605290024021,1,4,34.2465753424658,-0.760188256809733,-0.900641154864977,-0.615181972966479,5.32192809488736,1.31069536877933
"Sociology",1.96969696969697,0.666666666666667,1.3030303030303,33,11,1.17792207792208,0.133766233766234,1.04415584415584,0.773593073593074,0.620346320346321,1.15757575757576,1.27489177489177,0.708225108225108,20.5454545454545,2,0.490066225165563,22,"Social Sciences",2,2,5,"True",1.1,0,0.857142857142857,0.8,0.428571428571429,1,25,1,1,1.1,0.76323026180169,0.0417254174397032,0.762757781900639,0.219179550608122,0.87363050645092,0.468166157051235,1,FALSE,0.736965594166206,1.20353339408513,2,5,49.0066225165563,-0.409340303542138,-0.268172366338497,-0.0462462747394877,5.04439411935845,1.02328844281238
"Political Science",1.29166666666667,0.541666666666667,0.75,24,15,0.741878306878307,0.173624338624339,0.568253968253968,0.517830687830688,0.342698412698413,1.22582010582011,1.38664021164021,0.704126984126984,20.3333333333333,1.86666666666667,0.320987654320988,13,"Social Sciences",1,2,4,"False",0.5,0.125,0.375,0.428571428571429,0.285714285714286,0.75,21,2,1.25,1.5,0.482937697212924,0.0358448481685443,0.462007905013857,0.158865983695065,0.694937189401261,0.398579958973184,1,FALSE,0.624490864907793,0.807354922057604,1,3,32.0987654320988,-0.519428436906062,-0.643569880654081,-0.697970714533546,4.58496250072116,0.547513075299553
"Biological Sciences",2.57142857142857,1.64285714285714,0.928571428571429,14,15,0.701851851851852,0.375661375661376,0.326190476190476,0.0444444444444444,0.205291005291005,3.12698412698413,3.81415343915344,0.96957671957672,20.1333333333333,7.8,0.232876712328767,23,"Natural Sciences",2,2,3,"True",0.333333333333333,0.142857142857143,0.285714285714286,0,0,0.555555555555556,19,8,1.66666666666667,2.55555555555556,1.09272951685083,0.544466640271629,0.134106737933269,1.64331080756818,1.04533703505177,1.28191684892905,1,TRUE,1.40209844357135,0.947532580105864,1,3,23.2876712328767,0.24167912378014,-0.510745035011685,-1.03760011891498,3.8073549220576,-0.257756994306797
"Health",0.125,0.0625,0.0625,32,7,1.32380952380952,0.919047619047619,0.404761904761905,0.385714285714286,0.304761904761905,2.37142857142857,2.46666666666667,1.74285714285714,14.5714285714286,4,0.521739130434783,2,"Medicine and Health",1,1,6,"False",0.5,0.5,0,0.5,0,1,14,3,2,2,1.79952380952381,1.03920634920635,0.591269841269841,2.71285714285714,1.34146330904867,1.64707533004934,1,TRUE,0.0874628412503394,0.0874628412503394,2,6,52.1739130434783,-1.04506128864413,-1.32570108361289,0.0758390157862261,5,0.9773150539633
"Chemical Sciences",2,0.791666666666667,1.20833333333333,24,2,0,0,0,0,0,2.7,4,0,19.5,9,0.454976303317536,19,"Natural Sciences",1,1,5,"False",0,0,0,0,0,0,19.5,9,2.7,4,0,0,0,0,0,0,1,TRUE,0.841302253980942,1.14295795384204,2,5,45.4976303317536,-0.307217558316042,-0.325570411162719,-0.181502679762245,4.58496250072116,0.547513075299553
"Psychological Sciences",0.795454545454545,0.363636363636364,0.431818181818182,44,2,2.5,1.5,1,0.25,1.75,4,4.5,1.5,15,14,0.131578947368421,16,"Social Sciences",1,1,2,"False",2.5,1.5,1,0.25,1.75,1.5,15,14,4,4.5,12.5,4.5,2,4.5,3.53553390593274,2.12132034355964,1,TRUE,0.447458976971221,0.517848304862619,1,1,13.1578947368421,-0.692703893689355,-0.917890855028881,-1.42805899724237,5.4594316186373,1.45309042147613
"Engineering",1.90909090909091,0.727272727272727,1.18181818181818,11,17,1.14271708683473,0.758846872082166,0.383870214752568,0.244397759103641,0.293300653594771,2.58842203548086,3.04852941176471,1.43968253968254,21,4.64705882352941,0.417177914110429,8,"Engineering",1,0,5,"False",1,0.333333333333333,0.25,0,0,1,23,4,2.33333333333333,2.75,0.988948765848932,0.804168551679931,0.178810644628222,0.962363374748047,0.994459031759948,0.981001210370327,1,TRUE,0.788495894806288,1.12553088208386,2,4,41.7177914110429,-0.358903421883904,-0.342083371562463,-0.327199049846683,3.4594316186373,-0.6180572671571
"Economics",13.7777777777778,8.55555555555556,5.22222222222222,9,36,1.13816137566138,0.251785714285714,0.886375661375661,0.529739858906526,0.502700617283951,1.50655864197531,1.65505952380952,0.899393738977072,23.4722222222222,2.61111111111111,0.994011976047904,77,"Social Sciences",3,3,10,"True",0.916666666666667,0.111111111111111,0.788888888888889,0.333333333333333,0.35,0.788888888888889,17.5,2,1.29861111111111,1.38095238095238,0.692032038476766,0.147646460965338,0.46026749271137,0.539053418332354,0.831884630508802,0.734202573090257,1,FALSE,3.25633975325979,2.63742992061529,3,10,99.4011976047904,2.05657537590524,1.09051123171367,1.89624567169588,3.16992500144231,-0.91786274768081
"Political Science",6.54545454545455,4.63636363636364,1.90909090909091,11,24,1.14575066137566,0.174768518518519,0.970982142857143,0.709160052910053,0.503968253968254,1.30216600529101,1.47511574074074,0.777612433862434,21.2916666666667,2.08333333333333,0.962962962962963,51,"Social Sciences",3,3,10,"True",0.944444444444444,0,0.666666666666667,0.285714285714286,0.464285714285714,0.708333333333333,18,1.5,1,1,0.966623457874159,0.0949898796743604,0.939602507921446,0.285765263902125,0.983170106275694,0.534570167426247,1,FALSE,2.49476469174958,1.5405683813627,3,10,96.2962962962963,1.3111601391586,0.0511839475315644,1.77656521451043,3.4594316186373,-0.6180572671571
"Biological Sciences",5.5,5.5,0,2,9,4.03703703703704,2.11111111111111,1.92592592592593,0.333333333333333,0.925925925925926,12.4814814814815,14.6296296296296,5.96296296296296,13.3333333333333,18.7777777777778,0.222222222222222,11,"Natural Sciences",3,1,3,"True",2.33333333333333,1.5,1,0,0.5,5,13,16,9.5,11,17.6581790123457,5.11805555555556,5.29243827160494,10.116512345679,4.20216361084926,3.18064652950921,1,TRUE,2.70043971814109,0,1,2,22.2222222222222,1.51247095701348,-1.40857619046139,-1.07866854977108,1,-3.16498032330316
"Economics",3.41666666666667,3.16666666666667,0.25,24,93,1.20226308691406,0.520310633213859,0.681952453700206,0.437721705992462,0.458033318503969,2.31944689268856,2.57983262404204,1.30089144065876,21.3010752688172,4.12903225806452,0.714285714285714,76,"Social Sciences",3,3,8,"True",1,0.375,0.5,0.25,0.285714285714286,1,20,2,1.875,2.28571428571429,1.14462666145246,0.398769197511134,0.530024487157231,1.22953091166299,1.06987226408224,1.10884214911907,0,FALSE,2.05889368905357,0.321928094887362,3,8,71.4285714285714,0.88453786239791,-1.10353435921148,0.818022450787352,4.58496250072116,0.547513075299553
"Anthropology",4.08333333333333,2.16666666666667,1.91666666666667,12,21,0.844312169312169,0.327286470143613,0.517025699168556,0.469160997732426,0.344784580498866,1.52386621315193,1.63603552532124,0.850321239606954,18.3333333333333,2.28571428571429,0.659420289855073,26,"Social Sciences",3,3,7,"True",0.8,0,0.333333333333333,0.4,0.285714285714286,0.5,13,1,1,1,0.657879776601999,0.243095897971181,0.464041728155107,0.598145780093342,0.811097883490025,0.773398849296624,0,FALSE,1.66296501272243,1.54432051622381,3,7,65.9420289855072,0.497010377691523,0.054739269689854,0.606540074147246,3.58496250072116,-0.488060769017063
"Sociology",1.89285714285714,0.678571428571429,1.21428571428571,28,33,1.06241998741999,0.239557202057202,0.822862785362785,0.563050375550376,0.485667110667111,1.98132145632146,2.23559681059681,1.14565758315758,23.030303030303,3.63636363636364,0.596026490066225,19,"Social Sciences",2,2,6,"True",0.75,0.125,0.5,0.333333333333333,0.307692307692308,0.75,19,2,1.33333333333333,1.5,1.25694558556657,0.153916805433923,0.737244016300912,1.68340329011157,1.12113584616966,1.29746032313577,0,FALSE,0.747233929620033,1.14684138832927,2,7,59.6026490066225,-0.399289851406625,-0.321890676506638,0.362184515382901,4.8073549220576,0.777816850009819
"Psychological Sciences",7.23076923076923,4.92307692307692,2.30769230769231,13,67,2.45333259086205,1.25319469524104,1.20013789562101,0.716104003790571,0.838462421317881,4.67199990591585,5.36687540878429,2.52981254583768,20.1641791044776,10.3283582089552,0.789473684210526,64,"Social Sciences",3,3,8,"True",1.66666666666667,1,0.888888888888889,0.5,0.625,2.5,18,9,4.55555555555556,5,4.41492081582791,1.43437000127233,1.60238259727387,2.60931507572362,2.10117129616505,1.61533744948962,0,TRUE,2.56634682255381,1.72582503656101,3,9,78.9473684210526,1.38122337215687,0.226723237983041,1.10783941182344,3.70043971814109,-0.368475583042514
"Political Science",5.5,2.64285714285714,2.85714285714286,14,33,0.972883597883598,0.124458874458874,0.848424723424723,0.736832611832612,0.448653198653199,1.06072631072631,1.18825156325156,0.610870610870611,20.9393939393939,1.57575757575758,0.685185185185185,37,"Social Sciences",3,2,7,"True",0.625,0,0.571428571428571,0.428571428571429,0.285714285714286,0.571428571428571,15,1,1,1,1.37458434376837,0.0432729318052979,1.36150600242552,0.148766897945345,1.17242669014671,0.385703121513614,0,FALSE,1.86507041991389,1.94753258010586,3,8,68.5185185185185,0.694827319925236,0.436801439168013,0.705852552904864,3.8073549220576,-0.257756994306797
"Engineering",25.7142857142857,24.1428571428571,1.57142857142857,7,133,3.74517558191251,2.75828430995486,0.986891271957649,0.270136597343529,1.06636142883635,7.00525441279546,7.9966037711834,4.10837120119701,18.3082706766917,13.3684210526316,0.664705882352941,169,"Engineering",3,3,7,"True",2.33333333333333,1.66666666666667,0.454545454545455,0.0909090909090909,0.75,3.2,16,9,5.75,6.75,18.0504856504657,9.78955227693822,3.49941833140531,11.2888274590727,4.24858631199434,3.35988503658573,0,TRUE,4.65207669657969,1.36257007938471,3,7,66.4705882352941,3.42269624385715,-0.117477715917657,0.626913737068846,2.8073549220576,-1.29333083862341
"Medical Sciences",1.23809523809524,1.23809523809524,0,21,26,2.2867673992674,0.821321733821734,1.46544566544567,0.303663003663004,0.759142246642247,4.67884615384615,5.74232295482295,2.14058302808303,18.8846153846154,9.88461538461539,0.25,26,"Medicine and Health",1,2,3,"False",1.8125,0.69047619047619,1,0.0555555555555556,0.422222222222222,2,15.5,7,4.54166666666667,5.46666666666667,5.16684332252844,0.877864784047522,3.02064005949958,2.90450037235692,2.27306914160754,1.70425947917473,0,TRUE,1.16227142889888,0,1,3,25,0.00694098704832978,-1.40857619046139,-0.971597283610524,4.39231742277876,0.348014871346073
"Chemical Sciences",5.24324324324324,2.18918918918919,3.05405405405405,37,41,2.69631242740999,1.99345722028649,0.7028552071235,0.132200929152149,1.64984514130856,9.8672570654278,11.6783875338753,4.84266356949284,22.1463414634146,21.390243902439,0.800947867298578,81,"Natural Sciences",2,3,9,"True",2.33333333333333,1.77777777777778,0.2,0,1.22222222222222,3.6,23,18,7.77777777777778,9.25,4.37809095682085,2.60242666699697,2.06653503101783,14.2874811517538,2.09238881588027,3.77987845727265,0,TRUE,1.67318968373289,2.01936532486693,3,9,80.0947867298578,0.507018091897404,0.504866303197012,1.15206740303369,5.20945336562895,1.19421948101273
"Computational Sciences",4.31034482758621,2.72413793103448,1.58620689655172,29,31,4.20470110087046,2.98977156356189,1.21492953730857,0.210949355304194,0.55366598007727,8.42432708420612,9.53034870595354,4.91745188055672,19.3548387096774,16.8709677419355,0.709183673469388,79,"Formal Sciences",2,3,8,"True",3.22222222222222,1.8,0.5,0.111111111111111,0.5,4,19,14,7.88888888888889,9.22222222222222,18.4991991718964,7.26136851427887,5.09594338504759,12.3998327861288,4.30106953813774,3.52133962947751,0,TRUE,1.8969065070359,1.37083769536831,3,8,70.9183673469388,0.725987878639012,-0.109643765542525,0.798356299859902,4.85798099512757,0.83024388712154
"Chemical Sciences",2.07692307692308,0.153846153846154,1.92307692307692,13,35,1.55585731262202,1.17465446784775,0.381202844774273,0.227762317048031,0.833468114518535,5.70243267003771,6.61418585616065,3.13528265851795,18.4,11.1142857142857,0.203791469194313,2,"Natural Sciences",0,0,3,"False",1.2,1,0.125,0,0.428571428571429,2.3,18,9,4,5,1.61287654980518,1.23481135394267,0.331853496750924,10.1466472070229,1.26999076760628,3.18538022958372,0,TRUE,0.206450877467426,1.54748779530249,1,2,20.3791469194313,-0.92859805387001,0.0577404138136032,-1.14971109603875,3.70043971814109,-0.368475583042514
"Computational Sciences",9.75,3,6.75,4,16,1.62649936868687,0.691714015151515,0.934785353535353,0.119507575757576,0.234580176767677,3.71889204545454,4.66327335858586,1.7488005050505,18.875,7.4375,0.142857142857143,12,"Formal Sciences",2,1,2,"True",1,0.819444444444444,0.141666666666667,0,0.0625,1.80555555555556,17.5,8,4.3125,5.55,4.10939352675535,0.234890234149152,3.11860584379145,1.2468367130905,2.02716391215791,1.11661842770505,0,TRUE,2,2.95419631038688,1,1,14.2857142857143,0.826893835712353,1.39066210748037,-1.38458645308696,2,-2.12940647898655
"Biological Sciences",1.03571428571429,0.535714285714286,0.5,28,33,1.84882154882155,1.20875420875421,0.64006734006734,0.152645502645503,0.931962481962482,5.88917748917749,6.58564213564213,3.1978835978836,14.3030303030303,10.2121212121212,0.138297872340426,15,"Natural Sciences",1,1,2,"False",1.57142857142857,1,0.5,0,0.5,2.42857142857143,11,7,3.875,4.5,1.9464924698134,1.34423408308329,0.634643688634264,7.12520225760057,1.39516754184342,2.66930744905876,0,TRUE,0.618909832644494,0.584962500721156,1,1,13.8297872340426,-0.524891045513005,-0.854297035375718,-1.40216046029872,4.8073549220576,0.777816850009819
"Economics",2.13333333333333,0,2.13333333333333,15,17,0.468137254901961,0.123249299719888,0.344887955182073,0.255602240896359,0.251750700280112,0.998249299719888,1.15266106442577,0.526960784313725,20.2352941176471,1.82352941176471,0.0359281437125748,0,"Social Sciences",0,0,1,"False",0.428571428571429,0.142857142857143,0.285714285714286,0.142857142857143,0.142857142857143,0.428571428571429,18,2,0.714285714285714,0.875,0.119162508753501,0.0207082833133253,0.0796550390989729,0.137042577447646,0.345199230522754,0.370192622086996,0,FALSE,0,1.64769825606912,1,1,3.59281437125748,-1.13066826005398,0.152694482588942,-1.7967512928838,3.90689059560852,-0.154680454201032
"Health",0.823529411764706,0.0294117647058824,0.794117647058823,34,17,1.09940794499618,0.837153043035396,0.262254901960784,0.0794817927170868,0.217723453017571,4.5019735166794,5.30153425006366,2.54332187420423,14.6470588235294,10,0.4,1,"Medicine and Health",0,0,5,"False",0.666666666666667,0.5,0,0,0,2.25,13,7,3.28571428571429,3.42857142857143,1.2851011552176,0.791346598470656,0.167465944711218,5.7548607403533,1.1336230216512,2.39892908197664,0,TRUE,0.0418201756946269,0.843274496312547,2,4,40,-1.08973546466493,-0.609534414714774,-0.393412446343518,5.08746284125034,1.06788928471177
"Sociology",1.09090909090909,0.227272727272727,0.863636363636364,22,26,1.26886446886447,0.397127872127872,0.871736596736597,0.741999666999667,0.710864135864136,2.43093989343989,2.78467365967366,1.44995004995005,13.4615384615385,4.5,0.172185430463576,5,"Social Sciences",1,1,2,"False",0.9,0.25,0.708333333333333,0.416666666666667,0.416666666666667,1,9.5,3,1.5625,2,1.22100087214373,0.253994522432834,1.11990063219609,1.92485679544121,1.10498908236404,1.3873920842506,0,FALSE,0.295455883526171,0.898120385980787,1,2,17.2185430463576,-0.841481640772984,-0.557565385336385,-1.27153864510665,4.4594316186373,0.417516577159516
"Physical Sciences",1.05555555555556,0.222222222222222,0.833333333333333,18,15,0.827857142857143,0.526984126984127,0.300873015873016,0.192857142857143,0.268253968253968,2.03436507936508,2.40621693121693,1.0278835978836,17.9333333333333,3.4,0.0945273631840796,4,"Natural Sciences",0,0,1,"False",0.625,0.125,0.142857142857143,0,0,0.666666666666667,18,2,1.42857142857143,1.5,0.776593739876903,0.551571442068891,0.127055892992117,0.941142570696709,0.881245561621109,0.970125028383821,0,TRUE,0.289506617194985,0.874469117916141,1,1,9.45273631840796,-0.847304669906759,-0.579976061000918,-1.57087675838976,4.16992500144231,0.117711096635806
"Economics",0.25,0,0.25,16,15,0.76047619047619,0.302380952380952,0.458095238095238,0.319523809523809,0.33015873015873,1.71888888888889,2.01857142857143,0.895714285714286,14.9333333333333,2.46666666666667,0.029940119760479,0,"Social Sciences",0,0,1,"False",0.5,0.25,0.333333333333333,0.166666666666667,0.142857142857143,0.5,15,2,1.33333333333333,1.6,0.518192257855523,0.116615646258503,0.212456106252025,0.459175736961451,0.71985572016587,0.677625071083893,0,FALSE,0,0.321928094887362,1,1,2.9940119760479,-1.13066826005398,-1.10353435921148,-1.81983252391242,4,-0.0582587903533156
"Engineering",10.1666666666667,5.5,4.66666666666667,6,62,2.31950204813108,1.48991935483871,0.829582693292371,0.329096262160778,0.529985919098822,5.19240271377368,5.89045698924731,2.80439068100358,14.3870967741935,9.35483870967742,0.217647058823529,33,"Engineering",3,2,3,"True",1.73214285714286,1,0.333333333333333,0.183333333333333,0.292857142857143,2.33928571428571,11,7,4.33333333333333,5.07142857142857,6.61784335695273,2.12120157377296,2.22577962651853,5.89764358135679,2.57251693035298,2.42850645075462,0,TRUE,2.70043971814109,2.50250034052918,1,2,21.7647058823529,1.51247095701348,0.962659183840533,-1.0963038171387,2.58496250072116,-1.52363461333368
"Physical Sciences",4.41666666666667,3.75,0.666666666666667,12,28,1.68337585034014,1.1327806122449,0.550595238095238,0.306037414965986,0.598852040816326,4.7,5.45331632653061,2.74166666666667,20.8571428571429,9.28571428571429,0.288557213930348,45,"Natural Sciences",2,2,3,"True",1.85714285714286,1,0.142857142857143,0.133928571428571,0.25,2.75,15.5,8.5,4.875,5,1.31846723378505,1.08089952151496,0.559685216679264,3.36306185437138,1.14824528467791,1.83386527705046,0,TRUE,2.24792751344359,0.736965594166206,1,3,28.8557213930348,1.06956058711973,-0.710267040117454,-0.822975973865273,3.58496250072116,-0.488060769017063
"Engineering",13.3076923076923,1.53846153846154,11.7692307692308,13,17,1.5952380952381,1.07324929971989,0.521988795518207,0.310270774976657,0.620448179271709,3.83232959850607,4.20436507936508,2.13018207282913,20.7647058823529,6.52941176470588,0.50920245398773,20,"Engineering",1,1,6,"False",1.33333333333333,0.7,0.25,0.166666666666667,0.25,1.9,26,7,3.33333333333333,4,1.38306281887755,0.714031518857543,0.611329740229425,1.68418419451114,1.17603691220878,1.29776122399736,0,TRUE,1.34395440121736,3.67459971320583,2,5,50.920245398773,0.184768837076744,2.07327781180853,0.0275155742435047,3.70043971814109,-0.368475583042514
"Chemical Sciences",3.54545454545455,2.18181818181818,1.36363636363636,11,14,2.69399092970522,1.81434240362812,0.879648526077098,0.260204081632653,1.55028344671202,6.10240929705216,6.95447845804989,3.01831065759637,20.2142857142857,11.5714285714286,0.151658767772512,24,"Natural Sciences",2,1,2,"True",1.97321428571429,1.1125,0.733333333333333,0,0.825,2.3625,20,9.5,4.6375,5.5875,6.5488073157631,5.21979480050058,0.787770471843601,5.66103142763007,2.55906375765886,2.37929221148435,0,TRUE,1.66985139830767,1.24100809950379,1,2,15.1658767772512,0.503750641390772,-0.23266334134812,-1.35066001262444,3.4594316186373,-0.6180572671571
"Chemical Sciences",1.25,0.166666666666667,1.08333333333333,12,14,0.666666666666667,0.541666666666667,0.125,0.0416666666666667,0.392857142857143,3.86139455782313,4.33715986394558,1.78401360544218,11.9285714285714,6.5,0.218009478672986,2,"Natural Sciences",0,0,3,"False",0.666666666666667,0.5,0,0,0.0625,2.16666666666667,8,5.5,3.33333333333333,3.5,0.474626068376068,0.340811965811966,0.0499465811965812,1.54500495253046,0.688931105681888,1.24298228166393,0,TRUE,0.222392421336448,1.05889368905357,1,2,21.8009478672986,-0.912994772857014,-0.405225208867547,-1.09490684606083,3.58496250072116,-0.488060769017063
"Mathematical Sciences",0.9375,0.125,0.8125,16,10,0.752142857142857,0.269642857142857,0.4825,0.124642857142857,0.5375,1.44654761904762,1.73702380952381,0.745714285714286,18,2.8,0.0351758793969849,2,"Formal Sciences",1,1,1,"False",0.375,0.0625,0.225,0,0.0625,0.375,17.5,2,0.925,1.0875,1.0024268707483,0.123898100907029,0.4905625,0.894310657596372,1.00121270005344,0.945679997460225,0,FALSE,0.169925001442312,0.857980995127572,1,1,3.51758793969849,-0.964348889080722,-0.595599323615069,-1.79965094502307,4,-0.0582587903533156
"Engineering",1.71428571428571,1.07142857142857,0.642857142857143,14,9,0.365740740740741,0.22037037037037,0.14537037037037,0.0638888888888889,0.141358024691358,2.11265432098765,2.49907407407407,0.958333333333333,25.2222222222222,5,0.3875,15,"Engineering",1,1,4,"False",0,0,0,0,0,1,27,4,2,2.2,0.219521604938272,0.0925366512345679,0.0448804012345679,1.0546875,0.468531327595361,1.02697979532219,0,TRUE,1.05062607306997,0.716207033999409,2,4,38.75,-0.102335371321179,-0.72993674061255,-0.441594516115768,3.8073549220576,-0.257756994306797
"Engineering",7.16666666666667,0.5,6.66666666666667,6,5,0.706031746031746,0.320634920634921,0.385396825396825,0.321904761904762,0.0444444444444444,1.76825396825397,2.05142857142857,0.95047619047619,13.6,4,0.230769230769231,3,"Engineering",0,0,3,"False",0.777777777777778,0.222222222222222,0.555555555555556,0.142857142857143,0,1,13,4,1.55555555555556,1.66666666666667,0.212509952129,0.122499370118418,0.133129755605946,0.388453514739229,0.460988017337761,0.623260390799246,0,TRUE,0.584962500721156,2.93859945533586,1,2,23.0769230769231,-0.558118050625767,1.37588336246848,-1.0457235447986,2.58496250072116,-1.52363461333368
"Physical Sciences",4.125,2.125,2,8,29,1.24511494252874,0.593390804597701,0.651724137931034,0.218650793650794,0.317460317460317,3.82728516694034,4.32675150519978,2.18429118773946,21.2413793103448,7.96551724137931,0.549450549450549,17,"Natural Sciences",2,1,6,"True",1,0.428571428571429,0.3,0.111111111111111,0.125,1.6,18,6,2.55555555555556,2.83333333333333,1.40660062024719,0.515943644448292,0.548438684130832,5.43889427119598,1.18600194782605,2.33214370723504,0,TRUE,1.64385618977472,1.58496250072116,2,6,54.9450549450549,0.478307023942955,0.0932494388039798,0.182654497746686,3,-1.09383263466993
"Chemical Sciences",1.29411764705882,0.705882352941177,0.588235294117647,17,10,3.61119047619048,2.3702380952381,1.24095238095238,0.141666666666667,2.26619047619048,7.81952380952381,8.89333333333333,4.66404761904762,16.8,15.6,0.221311475409836,12,"Natural Sciences",1,0,3,"False",2.20833333333333,1.25,0.666666666666667,0,1.41666666666667,2.625,15.5,8.5,4.5,4.83333333333333,22.3901587931469,10.0907171201814,2.78894910556815,30.0777203955656,4.73182404503241,5.48431585483236,0,TRUE,0.770518153877233,0.667424660913129,1,2,22.1311475409836,-0.376499693989017,-0.776160306232573,-1.08217908308782,4.08746284125034,0.0323154403951519
"Anthropology",14.4,7.4,7,5,22,1.1133658008658,0.299422799422799,0.813943001443001,0.480429292929293,0.552940115440115,1.37418831168831,1.45761183261183,0.8502886002886,19.4090909090909,1.77272727272727,0.934782608695652,37,"Social Sciences",3,3,10,"True",0.642857142857143,0,0.571428571428571,0.571428571428571,0.357142857142857,0.571428571428571,16.5,1,1,1,1.90835384027348,0.586483457019171,0.676378815214558,0.869416447435155,1.38143180804319,0.93242503582602,1,FALSE,3.0703893278914,3,3,10,93.4782608695652,1.87457062370885,1.43406323207771,1.66794219086929,2.32192809488736,-1.79602616417052
"Sociology",4.42857142857143,3,1.42857142857143,14,28,1.13350340136054,0.141496598639456,0.992006802721088,0.837627551020408,0.697151360544218,1.18942743764172,1.28147675736961,0.734778911564626,23.6785714285714,1.60714285714286,0.90728476821192,42,"Social Sciences",3,3,10,"True",0.9,0,0.733333333333333,0.571428571428571,0.571428571428571,0.75,17,1,1,1,1.00643803631584,0.159483723726606,0.785538685393813,0.311489334171842,1.00321385373002,0.558112295306099,1,FALSE,2,1.28010791919274,3,10,90.728476821192,0.826893835712353,-0.195614445060803,1.56194996136742,3.8073549220576,-0.257756994306797
"Biological Sciences",9.625,3,6.625,16,61,1.99109149862228,1.33800422586012,0.653087272762162,0.156353102353436,1.05240972105809,7.30177565347892,8.72539151452506,3.63480519547021,17.655737704918,12.7377049180328,0.728723404255319,48,"Natural Sciences",3,3,8,"True",1.57894736842105,0.818181818181818,0.375,0,0.777777777777778,3.75,12,11,6.77777777777778,8.4,3.10499461285006,1.71683103556956,0.583104541414586,7.63387905380941,1.76209949005442,2.76294753005,1,TRUE,2,2.93073733756289,3,8,72.8723404255319,0.826893835712353,1.36843364049312,0.873673473624602,4,-0.0582587903533156
"Political Science",62,22.6666666666667,39.3333333333333,3,37,1.12871085371085,0.240851565851566,0.887859287859288,0.531574431574432,0.595302445302445,1.37076362076362,1.54440154440154,0.77472114972115,21.5405405405405,2.24324324324324,0.882716049382716,68,"Social Sciences",3,3,9,"True",0.888888888888889,0.1,0.444444444444444,0.3,0.333333333333333,0.75,16,2,1.1,1.2,1.03764137531333,0.0981769560092973,0.889094767953895,0.246297834824621,1.01864683542106,0.496284026364561,1,FALSE,4.56478461878353,5.33390073655344,3,10,88.2716049382716,3.33725641247992,3.64554264608432,1.46724822337993,1.58496250072116,-2.55920845765029
"Health",2.82758620689655,1.72413793103448,1.10344827586207,29,21,1.60342025699169,1.11220710506425,0.491213151927438,0.0702380952380952,0.838038548752834,4.34705215419501,5.10863567649282,2.22721088435374,21.1428571428571,10.1904761904762,0.483333333333333,50,"Medicine and Health",3,3,5,"True",0.875,0.714285714285714,0.142857142857143,0,0.5,2.125,20,7,3.875,4.375,3.23757132584074,1.47900535249373,0.479595872475975,3.35995853129612,1.79932524181726,1.83301896643109,0,TRUE,1.44579975304953,1.07275634243531,2,5,48.3333333333333,0.284453137265064,-0.392089700532898,-0.072198647861848,4.85798099512757,0.83024388712154
"Engineering",10,4.14285714285714,5.85714285714286,7,41,3.2691144898462,2.332819484039,0.936295005807201,0.292985605180727,1.50318252208496,7.14646200682786,8.20868000563122,4.23797029528737,18.219512195122,14.4390243902439,0.5,29,"Engineering",3,2,6,"True",2.55555555555556,2,0.666666666666667,0,1,3.5,13,12,6.5,7.22222222222222,9.88012727554879,6.25594557854236,1.24251087409896,10.525622008199,3.14326697490824,3.24432150197834,0,TRUE,2.36257007938471,2.77760757866355,2,5,50,1.1817705579436,1.22333607735607,-0.00795588816551379,2.8073549220576,-1.29333083862341
"Anthropology",1.04545454545455,0.181818181818182,0.863636363636364,22,27,1.12059082892416,0.263227513227513,0.857363315696649,0.491901822457378,0.409861845972957,1.72444150499706,1.90044091710758,1.00509994121105,20.5185185185185,2.81481481481481,0.123188405797101,4,"Social Sciences",0,0,2,"False",1,0.125,0.857142857142857,0.625,0.333333333333333,1,19,1,1.66666666666667,1.88888888888889,0.585866236570602,0.0957659238909239,0.363962589071716,0.353410381220126,0.765418994127139,0.59448328926903,0,FALSE,0.241008099503795,0.898120385980787,1,1,12.3188405797101,-0.894774099873322,-0.557565385336385,-1.46040088999567,4.4594316186373,0.417516577159516
"Computational Sciences",23.4545454545454,4.90909090909091,18.5454545454545,22,48,2.61373317246479,1.78477429093238,0.828958881532411,0.22082461383932,0.451457641623083,7.27049555836321,8.49260535556492,3.7313109752448,18.4166666666667,15.2708333333333,0.75,108,"Formal Sciences",3,3,8,"True",1.80128205128205,1.22649572649573,0.5,0.0416666666666667,0.194444444444444,2.93055555555556,15.5,12.5,6.25,7.22115384615385,6.6723335910697,3.33401776741886,1.28347687314377,11.0942872071647,2.58308605955545,3.33080879174484,0,TRUE,2.56293619439116,4.28876123095216,3,8,75,1.37788511394989,2.65522439252591,0.955685507279496,4.4594316186373,0.417516577159516
"Mathematical Sciences",0.48,0.12,0.36,50,18,0.821957671957672,0.140740740740741,0.681216931216931,0.393716931216931,0.449074074074074,1.21097883597884,1.31666666666667,0.730687830687831,10.8333333333333,1.88888888888889,0.150753768844221,6,"Formal Sciences",1,1,2,"False",0.633333333333333,0,0.5,0.414285714285714,0.354166666666667,0.6125,8.5,1,0.916666666666667,1,0.327318797889526,0.0638634713144517,0.165308215878944,0.255839094897218,0.572117818189161,0.505805392317261,0,FALSE,0.16349873228288,0.443606651475615,1,2,15.0753768844221,-0.97063879954257,-0.988238271933008,-1.35414839034497,5.64385618977472,1.64407568359536
"Biological Sciences",0.789473684210526,0,0.789473684210526,19,24,2.34027777777778,1.84085648148148,0.499421296296296,0.153703703703704,1.2337962962963,8.0139880952381,9.07734788359788,4.18796296296296,17.25,15.75,0.153374233128834,0,"Natural Sciences",0,0,2,"False",1.95833333333333,1.64583333333333,0.225,0,0.8375,3.69444444444444,14,12.5,6.625,7.125,4.44650831991412,2.91288880781446,0.518836539966899,13.8379171139739,2.10867454101246,3.71993509539802,0,TRUE,0,0.839535327806754,1,2,15.3374233128834,-1.13066826005398,-0.613077450648802,-1.34404763890522,4.24792751344359,0.198488457855317
"Computational Sciences",2.33333333333333,0.266666666666667,2.06666666666667,15,15,2.25214285714286,1.24793650793651,1.00420634920635,0.449338624338624,0.261613756613757,4.97568783068783,6.00949735449735,2.43748677248677,18.3333333333333,7.73333333333333,0.301020408163265,4,"Formal Sciences",0,0,4,"False",2.33333333333333,1.14285714285714,1,0.142857142857143,0.142857142857143,2.88888888888889,9,7,5.2,6.4,3.14383003545333,1.1259692797754,0.791974359320448,1.7751275255252,1.77308489234253,1.33233911806462,0,TRUE,0.341036917835067,1.61667136044849,1,3,30.1020408163265,-0.796867788248525,0.123295057038878,-0.774935774336032,3.90689059560852,-0.154680454201032
"Agriculture",0.326086956521739,0.282608695652174,0.0434782608695652,46,10,1.61452380952381,0.952261904761905,0.662261904761905,0.193809523809524,0.669404761904762,3.48547619047619,3.92833333333333,1.88583333333333,17,6.5,0.325301204819277,13,"Applied Sciences",0,1,4,"False",1.26785714285714,0.8,0.619047619047619,0.154761904761905,0.267857142857143,1.5,14,5.5,2.625,2.875,1.19285393046107,0.751077239229025,0.295532895565634,1.78974126039305,1.09217852499538,1.33781211700038,0,TRUE,0.359081093304828,0.0614005446641433,1,3,32.5301204819277,-0.779206491274044,-1.35039632085217,-0.681343851247569,5.52356195605701,1.51950212153519
"Engineering",3.3,0.3,3,10,23,2.08495514147688,1.65043133195307,0.434523809523809,0.164596273291925,0.56031746031746,7.30659075224293,8.92919254658385,3.45493443754313,15.1304347826087,13.9565217391304,0.0858895705521472,3,"Engineering",0,0,1,"False",2.33333333333333,1.75,0.142857142857143,0,0.25,3.875,11,9,8.25,9.25,3.0556769783012,1.85834172096594,0.314002926086259,6.71420547347178,1.74804947821885,2.59117839476015,0,TRUE,0.37851162325373,2,1,1,8.58895705521472,-0.760188256809733,0.486516757898007,-1.60417169657136,3.32192809488736,-0.760452319853902
"Economics",4.83333333333333,0,4.83333333333333,18,10,0.746666666666667,0.02,0.726666666666667,0.291428571428571,0.331428571428571,1.29761904761905,1.37142857142857,0.754761904761905,23.1,1.7,0.389221556886228,0,"Social Sciences",0,0,4,"False",0.464285714285714,0,0.464285714285714,0.242857142857143,0.142857142857143,0.464285714285714,19.5,1,1,1,0.72933131771227,0.004,0.686516502897455,0.769973544973545,0.854008968168526,0.877481364459408,1,FALSE,0,2.54432051622381,2,4,38.9221556886228,-1.13066826005398,1.00228574386955,-0.434958662195039,4.16992500144231,0.117711096635806
"Biological Sciences",3.48,1.68,1.8,25,24,1.30815018315018,0.917328042328042,0.390822140822141,0.142284798534799,0.662164224664225,4.31814713064713,4.82179741554742,2.2833485958486,23.125,9.20833333333333,0.367021276595745,42,"Natural Sciences",2,2,4,"True",1.0625,0.464285714285714,0.267857142857143,0,0.464285714285714,1.30952380952381,22.5,6.5,3.78571428571429,4.14285714285714,1.70656654952522,0.952080275212608,0.282930150108111,5.38293739515073,1.30635621081129,2.32011581502966,1,TRUE,1.42223300068305,1.48542682717024,1,4,36.7021276595745,0.261386446688595,-0.00106523772429051,-0.520531098508604,4.64385618977472,0.608501839278744
"Chemical Sciences",10.2,6.6,3.6,10,26,2.8546281333046,2.32971162824104,0.524916505063564,0.181219026071967,1.23399680384975,9.86965363068304,11.4008870214753,5.23991506859154,22.9230769230769,20.7692307692308,0.383886255924171,66,"Natural Sciences",3,2,4,"True",2.5625,2,0.5,0.11437908496732,1.125,5.0625,17.5,18,8.4375,9.125,4.56791391583028,4.0117392391681,0.160853326218203,13.6990615780291,2.13726786244268,3.70122433500444,1,TRUE,2.92599941855622,2.20163386116965,2,4,38.388625592417,1.73324451694601,0.677574212124548,-0.455523929651822,3.32192809488736,-0.760452319853902
"Political Science",5.83333333333333,1,4.83333333333333,6,12,0.264021164021164,0.0166666666666667,0.247354497354497,0.126455026455026,0.132936507936508,0.690939153439153,0.828769841269841,0.220171957671958,19.6666666666667,1.25,0.104938271604938,6,"Social Sciences",2,1,2,"True",0.242857142857143,0,0.142857142857143,0.0714285714285714,0.0714285714285714,0.267857142857143,14,1,0.702380952380952,0.857142857142857,0.112594119578247,0.00333333333333333,0.118255495239622,0.0348279230322881,0.335550472475076,0.186622407637154,0,FALSE,1,2.54432051622381,1,1,10.4938271604938,-0.151887212170812,1.00228574386955,-1.53074722911565,2.58496250072116,-1.52363461333368
"Economics",6,0.444444444444444,5.55555555555555,9,11,0.20487012987013,0.025974025974026,0.178896103896104,0.0831168831168831,0.0701298701298701,0.762770562770563,0.953246753246753,0.230844155844156,19,1.36363636363636,0.437125748502994,4,"Social Sciences",1,1,5,"False",0.142857142857143,0,0.142857142857143,0,0,0.142857142857143,13,1,1,1,0.0374547773654916,0.00333951762523191,0.0361746289424861,0.045413961038961,0.193532367746307,0.213105516209602,0,FALSE,0.53051471669878,2.71271804791953,2,5,43.7125748502994,-0.611410509726104,1.16185023128839,-0.250308813966055,3.16992500144231,-0.91786274768081
"Physical Sciences",5.125,1.5,3.625,8,16,0.546974206349206,0.147271825396825,0.399702380952381,0.0630952380952381,0.14858630952381,3.90704365079365,4.40114087301587,1.95131448412698,19.0625,6.1875,0.278606965174129,12,"Natural Sciences",1,0,3,"False",0.357142857142857,0.0555555555555556,0.142857142857143,0,0,0.735714285714286,20,2.5,1.17142857142857,1.42857142857143,0.299064581233728,0.0462038060594608,0.224019893759973,16.4329210699326,0.546867974225707,4.05375394787752,0,TRUE,1.32192809488736,2.20945336562895,1,3,27.8606965174129,0.163209905886072,0.68498355600479,-0.861329860251144,3,-1.09383263466993
"Mathematical Sciences",4.23076923076923,0.0769230769230769,4.15384615384615,13,24,0.957787698412698,0.227430555555556,0.730357142857143,0.399603174603175,0.347619047619048,1.12886904761905,1.24384920634921,0.733085317460317,18.5416666666667,1.70833333333333,0.336683417085427,1,"Formal Sciences",0,0,4,"False",0.657142857142857,0,0.452380952380952,0.226190476190476,0.133928571428571,0.633333333333333,14.5,1,1,1,0.920646995362154,0.138759425116665,0.682280390417036,0.309847675634263,0.959503515033767,0.556639628156551,0,FALSE,0.106915203916512,2.36564947231668,1,4,33.6683417085427,-1.02602168472993,0.832986626177345,-0.637470367601952,3.70043971814109,-0.368475583042514
"Chemical Sciences",8,0.375,7.625,8,18,1.7914241622575,0.959634038800706,0.83179012345679,0.16358024691358,0.896450617283951,6.01957671957672,7.20033068783069,2.67257495590829,21.3333333333333,14.2222222222222,0.241706161137441,3,"Natural Sciences",0,0,3,"False",1,0.5,0.225,0,0.3375,2.875,22.5,11.5,5.25,5.7375,5.43656449874188,1.38926662897669,2.51145535786331,4.5114234191619,2.33164416211863,2.12401116267356,0,TRUE,0.459431618637297,3.10852445677817,1,3,24.1706161137441,-0.680985298933504,1.53689519846013,-1.00356642943097,3,-1.09383263466993
"Geography",1.1875,0.375,0.8125,16,8,0.501488095238095,0.303571428571429,0.197916666666667,0.104166666666667,0.188988095238095,1.22619047619048,1.26488095238095,0.711309523809524,17.625,2.375,0.154761904761905,6,"Social Sciences",1,1,2,"False",0.464285714285714,0.25,0,0,0.166666666666667,0.583333333333333,17,2,0.928571428571429,0.928571428571429,0.152512046485261,0.119331065759637,0.0990823412698413,0.371952947845805,0.390527907434617,0.609879453536357,0,FALSE,0.459431618637297,0.857980995127572,1,2,15.4761904761905,-0.680985298933504,-0.595599323615069,-1.33869876758957,4,-0.0582587903533156
"Biological Sciences",2.04347826086957,0.826086956521739,1.21739130434783,23,20,1.00335317460317,0.630853174603175,0.3725,0.185198412698413,0.521210317460318,3.40809523809524,3.98700396825397,1.71420634920635,23.4,5.6,0.074468085106383,19,"Natural Sciences",1,1,1,"False",0.5,0.5,0.154761904761905,0.154761904761905,0.25,1.5,26.5,5,2.46428571428571,2.875,0.82140978230961,0.383680959591439,0.233142978146424,1.63381158915808,0.906316601585566,1.27820639536738,0,TRUE,0.868755466721748,1.14886338591448,1,1,7.4468085106383,-0.280346873981836,-0.319974739823971,-1.6481965612634,4.52356195605701,0.483928277218573
"Psychological Sciences",1.67164179104478,0.597014925373134,1.07462686567164,67,30,1.92940476190476,1.05743386243386,0.871970899470899,0.484563492063492,0.826058201058201,4.91407407407408,5.83137566137566,2.53846560846561,20.3333333333333,11.5333333333333,0.381578947368421,40,"Social Sciences",1,3,4,"False",1.70634920634921,0.825,0.555555555555556,0.333333333333333,0.3875,2.6125,20,10,4.95,6,2.45724598776292,0.831321555995749,0.674697053928,3.51604472304034,1.56756052124405,1.87511192280363,0,TRUE,0.675377795943374,1.05285188226573,2,4,38.1578947368421,-0.469621273223498,-0.410950101587033,-0.46441760179736,6.06608919045777,2.08132913531004
"Psychological Sciences",1.64705882352941,0.941176470588235,0.705882352941177,17,30,2.90217097717098,1.390892995893,1.51127798127798,0.418022163022163,1.33006216006216,5.35019656269656,6.18373080623081,2.92868261368261,25.3666666666667,12.4333333333333,0.912280701754386,16,"Social Sciences",1,1,10,"False",2.92307692307692,1.3375,1.325,0.454545454545455,1.19886363636364,2.7125,24,12,5.325,6.225,2.40334077368908,0.748495872814798,1.43936029185821,2.1873769968774,1.55027119359455,1.47897836254538,1,TRUE,0.956931278108114,0.770518153877233,3,10,91.2280701754386,-0.194042060915141,-0.678474430463567,1.58120711484906,4.08746284125034,0.0323154403951519
"Chemical Sciences",9.22222222222222,9.22222222222222,0,9,18,3.36055996472663,2.47989417989418,0.880665784832452,0.0989197530864198,1.95630511463845,9.2032848324515,10.5956349206349,4.74254850088183,19.2777777777778,21.1111111111111,0.885245901639344,83,"Natural Sciences",3,3,9,"True",1.4375,1.25,0.5,0,0.5,4.125,15,12,6.3125,6.5,14.4026383171581,8.20831399226357,1.17794971332154,15.2375923249958,3.79508080508942,3.90353587469051,1,TRUE,3.3536369546147,0,3,10,88.5245901639344,2.15180803260351,-1.40857619046139,1.47699970481532,3.16992500144231,-0.91786274768081
"Engineering",6.31818181818182,5.5,0.818181818181818,22,83,4.27149785597835,3.01388589728084,1.25761195869751,0.33593011626741,1.24279972946885,9.27329563008309,10.7202843755438,5.02925586373747,21.8313253012048,21.2530120481928,0.805882352941176,121,"Engineering",3,3,9,"True",3.27272727272727,2,0.75,0.136363636363636,0.454545454545455,3.95,21,17,7.81818181818182,9,15.3977370885218,9.35581869091349,2.33390951249931,17.6334664257796,3.92399504185744,4.19922212151007,1,TRUE,2.70043971814109,0.862496476250065,3,9,80.5882352941177,1.51247095701348,-0.591320695398226,1.17108770155544,4.4594316186373,0.417516577159516
"Anthropology",1,0.571428571428571,0.428571428571429,56,21,1.55530990173847,0.407993197278912,1.14731670445956,0.685468631897203,0.612339380196523,1.85251322751323,2.1328231292517,1.11967120181406,18.7619047619048,3.0952380952381,0.876811594202899,32,"Social Sciences",2,3,9,"True",1,0,1,0.5,0.571428571428571,0.714285714285714,15,1,1,1,1.871000968068,0.514020286686103,0.826478865973197,1.01186797007163,1.36784537432709,1.00591648265233,1,FALSE,0.652076696579693,0.514573172829758,3,10,87.6811594202899,-0.492427947675512,-0.920994194839091,1.44448911366465,5.8073549220576,1.81339069432644
"Biological Sciences",5.58333333333333,5.08333333333333,0.5,24,22,1.80639593991867,1.30264413616686,0.503751803751804,0.178861668634396,0.600619834710744,5.89929161747343,6.72153843631116,3.01992325855962,20.5454545454545,13.4545454545455,0.945205479452055,122,"Natural Sciences",3,3,10,"True",1,0.6625,0.162337662337662,0,0.181818181818182,1.94444444444444,19.5,8,4.5875,5.53571428571429,6.70756976176059,5.13690529736171,0.54295000725814,23.7787573433114,2.58989763538264,4.87634672099015,1,TRUE,2.60486205815886,0.584962500721156,3,10,94.5205479452055,1.41892135482185,-0.854297035375718,1.70811782975026,4.58496250072116,0.547513075299553
"Economics",11.8571428571429,5.42857142857143,6.42857142857143,14,35,0.639002267573696,0.0529365079365079,0.586065759637188,0.301383219954649,0.298446712018141,1.01240362811791,1.15231292517007,0.501156462585034,22.2285714285714,1.57142857142857,0.958083832335329,76,"Social Sciences",3,3,10,"True",0.5,0,0.5,0.111111111111111,0.142857142857143,0.5,17,1,1,1,0.220615723802749,0.00879354704844901,0.210591289955136,0.102027166157468,0.469697481154358,0.319416915891235,1,FALSE,2.68449817427207,2.89308479608349,3,10,95.8083832335329,1.49686767600048,1.33275610757041,1.75775828552414,3.8073549220576,-0.257756994306797
"Engineering",4.83333333333333,1.08333333333333,3.75,12,15,1.89111111111111,1.34428571428571,0.546825396825397,0.308862433862434,0.364920634920635,4.82301587301587,5.45595238095238,2.36714285714286,15.2666666666667,9.53333333333333,0.129411764705882,13,"Engineering",1,0,2,"False",1.71428571428571,1.22222222222222,0.428571428571429,0.125,0.2,2.11111111111111,11,9,4.42857142857143,5.42857142857143,1.62889025663175,0.904435824065076,0.352140247633445,2.60260319259979,1.2762798504371,1.61325856346706,0,TRUE,1.05889368905357,2.24792751344359,1,1,12.9411764705882,-0.0942431854852548,0.721439599113617,-1.43641254494282,3.58496250072116,-0.488060769017063
"Biological Sciences",1.35,1.1,0.25,20,23,0.81832298136646,0.539596273291925,0.278726708074534,0.116718426501035,0.423136645962733,3.07841614906832,3.40010351966874,1.5175983436853,13.5217391304348,5.39130434782609,0.117021276595745,22,"Natural Sciences",1,1,2,"False",0.571428571428571,0.333333333333333,0,0,0.285714285714286,1,9,4,2.16666666666667,2.83333333333333,0.662839715925896,0.347111448334274,0.149249678461635,1.79755294739767,0.814149688893815,1.34072851368115,0,TRUE,1.0703893278914,0.321928094887362,1,1,11.7021276595745,-0.0829914720574774,-1.10353435921148,-1.48417249395361,4.32192809488736,0.275121524462715
"Mathematical Sciences",1.75,0.25,1.5,12,22,1.20443722943723,0.607287157287157,0.597150072150072,0.450487012987013,0.258008658008658,2.05091991341991,2.39159451659452,1.06825396825397,23.4090909090909,4.04545454545455,0.180904522613065,3,"Formal Sciences",1,1,2,"False",0.547619047619048,0.225,0.142857142857143,0.133928571428571,0.142857142857143,0.585714285714286,23,3,1.73214285714286,2,3.32151619450089,1.51763142847327,0.710538933226008,1.19953681207933,1.82250272825609,1.09523367921158,0,FALSE,0.321928094887362,1.32192809488736,1,2,18.0904522613065,-0.815571141997093,-0.155987885031783,-1.23793033260286,3.58496250072116,-0.488060769017063
"Physical Sciences",0.555555555555556,0.555555555555556,0,9,13,2.35357142857143,1.48021978021978,0.873351648351648,0.332692307692308,0.848351648351648,2.96730769230769,3.33681318681319,1.62417582417582,14.5384615384615,5,0.0447761194029851,5,"Natural Sciences",0,0,1,"False",1.85714285714286,0.375,0.875,0.142857142857143,0.285714285714286,1.125,10,4,2,2.375,5.17637755102041,5.27733336603872,0.510079964678179,1.7178021978022,2.27516538981684,1.31064953278983,0,TRUE,0.637429920615292,0,1,1,4.47761194029851,-0.506763934402059,-1.40857619046139,-1.76264619031911,3.16992500144231,-0.91786274768081
"Psychological Sciences",7.83333333333333,3.72222222222222,4.11111111111111,18,4,0.107142857142857,0,0.107142857142857,0.0357142857142857,0,0.358630952380952,0.566964285714286,0.0357142857142857,18.75,1.75,0.864035087719298,67,"Social Sciences",3,3,9,"True",0,0,0,0,0,0,13.5,1.5,0.383928571428571,0.571428571428571,0.0459183673469388,0,0.0459183673469388,0.00510204081632653,0.214285714285714,0.0714285714285714,0,TRUE,2.23946593469539,2.3536369546147,3,10,86.4035087719298,1.06127855420583,0.821604207382813,1.39524123151757,4.16992500144231,0.117711096635806
"Biological Sciences",2.15789473684211,1.71052631578947,0.447368421052632,38,4,0.15,0.1,0.05,0,0.1,5.0875,7.44166666666667,0.15,20.5,16.75,0.680981595092024,65,"Natural Sciences",2,3,7,"True",0,0,0,0,0,0,23,7.5,4.125,6.75,0.09,0.04,0.01,0.09,0.3,0.3,0,TRUE,1.43857301373963,0.533432200081074,3,8,68.0981595092024,0.277379741790544,-0.903124390060648,0.689649539211855,5.24792751344359,1.23406230217193
"Mathematical Sciences",6.3,1.9,4.4,20,2,0,0,0,0,0,0.5,0.5,0,19.5,0.5,0.669811320754717,38,"Formal Sciences",3,3,7,"True",0,0,0,0,0,0,19.5,0.5,0.5,0.5,0,0,0,0,0,0,0,FALSE,1.53605290024021,2.43295940727611,3,8,66.9811320754717,0.37279120724711,0.896765917725414,0.646592984212228,4.32192809488736,0.275121524462715
"Geography",0.507936507936508,0.317460317460317,0.19047619047619,63,1,0,0,0,0,0,0,0,0,12,4,0.845238095238095,20,"Social Sciences",0,3,9,"False",0,0,0,0,0,0,12,4,0,0,NA,NA,NA,NA,NA,NA,0,FALSE,0.397759507847008,0.251538766995964,3,9,84.5238095238095,-0.74134879215799,-1.17023151867485,1.32278699125855,5.97727992349992,1.98936058131556
"Anthropology",3.92857142857143,0.857142857142857,3.07142857142857,14,2,0,0,0,0,0,0.166666666666667,0.333333333333333,0,4.5,0.5,0.478260869565217,12,"Social Sciences",2,2,5,"True",0,0,0,0,0,0,4.5,0.5,0.166666666666667,0.333333333333333,0,0,0,0,0,0,0,FALSE,0.893084796083488,2.02553509210714,2,5,47.8260869565217,-0.256533787494857,0.51071244439198,-0.0917507921172537,3.8073549220576,-0.257756994306797
"Sociology",1.51282051282051,0.666666666666667,0.846153846153846,39,5,0.05,0.05,0,0,0,1.28333333333333,1.51666666666667,0.35,10.8,2.8,0.76158940397351,26,"Social Sciences",2,3,8,"True",0,0,0,0,0,0,13,2,1,1.33333333333333,0.0125,0.0125,0,0.6125,0.111803398874989,0.782623792124926,0,FALSE,0.736965594166206,0.884522782580064,3,9,76.158940397351,-0.409340303542138,-0.570449746496033,1.00035762494913,5.28540221886225,1.27287012692697
"Agriculture",4.44444444444445,3,1.44444444444444,9,2,0,0,0,0,0,2.1875,3.4375,0,14,7,0.650602409638554,27,"Applied Sciences",3,2,7,"True",0,0,0,0,0,0,14,7,2.1875,3.4375,0,0,0,0,0,0,0,TRUE,2,1.28950661719498,3,7,65.0602409638554,0.826893835712353,-0.186708741906891,0.572550976560396,3.16992500144231,-0.91786274768081
"Political Science",14.3076923076923,6.92307692307692,7.38461538461538,13,1,0,0,0,0,0,1,1.5,0,23,3,0.864197530864197,90,"Social Sciences",3,3,9,"True",0,0,0,0,0,0,23,3,1,1.5,NA,NA,NA,NA,NA,NA,0,FALSE,2.98606080904213,3.06774460663583,3,10,86.4197530864197,1.79203146766313,1.49825439524018,1.3958673792729,3.70043971814109,-0.368475583042514
"Engineering",23,22.2,0.8,5,3,0.166666666666667,0.0555555555555556,0.111111111111111,0.111111111111111,0,0.222222222222222,0.333333333333333,0.111111111111111,10.3333333333333,0.666666666666667,0.7,111,"Engineering",3,3,8,"True",0,0,0,0,0,0,11,0,0,0,0.0833333333333333,0.00925925925925926,0.037037037037037,0.037037037037037,0.288675134594813,0.192450089729875,0,TRUE,4.53605290024021,0.84799690655495,3,8,70,3.3091343508966,-0.605059711539955,0.762957228190494,2.32192809488736,-1.79602616417052
"Chemical Sciences",13,1,12,5,38,1.97444653299916,1.45925229741019,0.515194235588972,0.183427318295739,1.22477025898079,5.82255639097744,6.72901002506266,2.95565998329156,18.1315789473684,11.6315789473684,0.0616113744075829,5,"Natural Sciences",1,0,1,"False",1.33333333333333,1.20535714285714,0.142857142857143,0,0.69047619047619,3,16.5,10,5.05555555555556,6.14285714285714,3.95944339355915,2.22554595501337,1.06673601244012,5.60709081261713,1.98983501666825,2.36792964688927,0,TRUE,1,3.70043971814109,1,1,6.16113744075829,-0.151887212170812,2.09776241737772,-1.6977535958179,2.32192809488736,-1.79602616417052
"Mathematical Sciences",4.6,0,4.6,10,16,0.889756944444444,0.162574404761905,0.72718253968254,0.563988095238095,0.244047619047619,1.35577876984127,1.50334821428571,0.744791666666667,11.75,2.1875,0.201005025125628,0,"Formal Sciences",0,0,3,"False",0.650793650793651,0,0.579365079365079,0.285714285714286,0.142857142857143,0.714285714285714,9,1,1,1,0.628419715687201,0.0877396010487528,0.486007180650038,0.346560256046863,0.792729282723428,0.588693686093934,0,FALSE,0,2.48542682717024,1,2,20.1005025125628,-1.13066826005398,0.946481236455407,-1.16045162744146,3.32192809488736,-0.760452319853902
"Chemical Sciences",5.54545454545455,2.36363636363636,3.18181818181818,11,36,1.88975669392336,1.50997975789642,0.379776936026936,0.231812169312169,1.00438411896745,5.86778098444765,6.79266574474908,3.00313351771685,19.5833333333333,9.58333333333333,0.488151658767773,26,"Natural Sciences",2,1,5,"True",1.33928571428571,1.125,0.171428571428571,0,0.8,2.70833333333333,15,6,4.5,4.875,2.61995835500694,2.33939998121159,0.369566467184955,5.714016418057,1.61862854139143,2.39040089065767,0,TRUE,1.75002174699165,2.06413033741972,2,5,48.8151658767773,0.58221985928484,0.547283233008013,-0.0536260964804432,3.4594316186373,-0.6180572671571
"Engineering",4.35714285714286,2.07142857142857,2.28571428571429,14,16,1.17574404761905,0.685491071428571,0.490252976190476,0.248883928571429,0.259598214285714,2.41019345238095,2.63318452380952,1.41309523809524,19.5,4.4375,0.291970802919708,29,"Engineering",2,2,3,"True",0.466666666666667,0.0714285714285714,0.354166666666667,0,0.196428571428571,0.4,21,2,0.928571428571429,1.05357142857143,2.70163357426304,1.60801100127551,0.275142520549887,4.55104761904762,1.6436646781698,2.13331845232905,0,TRUE,1.61890983264449,1.71620703399941,1,3,29.1970802919708,0.45389000237016,0.217609733567148,-0.809818071236544,3.8073549220576,-0.257756994306797
"Economics",7.85714285714286,5.85714285714286,2,7,27,1.17732216343327,0.640799529688419,0.536522633744856,0.267048794826573,0.40380658436214,2.777189888301,3.19584068195179,1.22038506760729,23.2222222222222,6.18518518518519,0.485714285714286,41,"Social Sciences",3,3,5,"True",0.571428571428571,0.428571428571429,0.142857142857143,0,0.142857142857143,1.28571428571429,22,5,2.42857142857143,3,4.12727791470075,0.653618876061557,1.9415213273238,1.2770252285519,2.03157030759478,1.13005540950517,0,FALSE,2.77760757866355,1.58496250072116,2,5,48.5714285714286,1.58800139639856,0.0932494388039798,-0.0630211107623716,2.8073549220576,-1.29333083862341
"Mathematical Sciences",1.36842105263158,0.736842105263158,0.631578947368421,19,1,0,0,0,0,0,0.5,0.75,0,12,2,0.256281407035176,14,"Formal Sciences",2,2,3,"True",0,0,0,0,0,0,12,2,0.5,0.75,NA,NA,NA,NA,NA,NA,0,FALSE,0.796466605914868,0.70626879694329,1,3,25.6281407035176,-0.351101840912674,-0.739353682094637,-0.947385188247584,4.24792751344359,0.198488457855317
"Chemical Sciences",1.52941176470588,0.529411764705882,1,51,23,2.81333678398896,2.46594202898551,0.347394755003451,0.0467391304347826,1.90481366459627,9.79330572808834,10.7736197377502,5.75940303657695,19,18.3913043478261,0.559241706161137,27,"Natural Sciences",0,1,6,"False",2.25,1.875,0.125,0,1.75,4.85714285714286,12,14,8.42857142857143,10.1428571428571,8.18294699745657,6.23426377797496,0.286891016544226,23.1519885853258,2.86058507956966,4.81165133663338,0,TRUE,0.612976876890753,1,2,6,55.9241706161137,-0.530698110162696,-0.461029716281691,0.220395153409133,5.6724253419715,1.67366115036464
"Agriculture",0.315789473684211,0.315789473684211,0,19,34,1.72739262371615,1.13841036414566,0.588982259570495,0.217285247432306,0.733555088702147,5.1812441643324,6.26895424836601,2.48468720821662,18.8529411764706,12.1470588235294,0.0843373493975904,6,"Applied Sciences",0,0,1,"False",1.3875,0.708333333333333,0.3875,0.125,0.45,2.125,20,9.5,3.85714285714286,4.38571428571429,2.30684309540314,1.58241614729506,0.403654000882059,4.62039932695862,1.51882951492363,2.14951141587074,0,TRUE,0.395928676331139,0,1,1,8.43373493975904,-0.743140775347589,-1.40857619046139,-1.61015483480902,4.24792751344359,0.198488457855317
"Mathematical Sciences",0.619047619047619,0.0317460317460317,0.587301587301587,63,17,1.00504201680672,0.175210084033613,0.829831932773109,0.114075630252101,0.258403361344538,1.37079831932773,1.49747899159664,0.827170868347339,14.5882352941176,2.11764705882353,0.556603773584906,2,"Formal Sciences",0,1,6,"False",1,0,0.75,0,0.25,0.857142857142857,10,1,1,1.14285714285714,1.17616559123649,0.0729790666266507,0.84733568427371,0.331274843270642,1.08451168331028,0.575564803710791,0,FALSE,0.0450878895285379,0.666576266274808,2,6,55.6603773584906,-1.08653708829439,-0.776964199580827,0.210227069293734,5.97727992349992,1.98936058131556
"Psychological Sciences",14.7931034482759,0.0344827586206896,14.7586206896552,29,1,0,0,0,0,0,0,1,0,14,11,0.219298245614035,1,"Social Sciences",0,0,3,"False",0,0,0,0,0,0,14,11,0,1,NA,NA,NA,NA,NA,NA,1,TRUE,0.0489096004809465,3.9780693599305,1,2,21.9298245614035,-1.08279647004369,2.36082940558304,-1.08993920936693,4.85798099512757,0.83024388712154
"Physical Sciences",5.36363636363636,4.09090909090909,1.27272727272727,11,15,1.09716931216931,0.672169312169312,0.425,0.0511904761904762,0.253439153439153,3.69335978835979,4.1576455026455,1.75190476190476,21.2,7,0.75,45,"Natural Sciences",3,2,8,"True",0.4,0.375,0,0,0,1.5,25,5,3.5,4,1.88472687584734,0.557595356572964,1.20491071428571,2.9006739552964,1.37285355222155,1.70313650518577,0,TRUE,2.34792330342031,1.18442457113743,3,8,75,1.16743457121705,-0.286278864148319,0.955685507279496,3.4594316186373,-0.6180572671571
"Health",3.76923076923077,1.53846153846154,2.23076923076923,13,16,2.34499007936508,1.39826388888889,0.946726190476191,0.593948412698413,0.430481150793651,6.18174603174603,6.83177083333333,3.77872023809524,16.5,11.9375,0.728260869565217,20,"Medicine and Health",3,3,8,"True",1.52777777777778,1.05,0.598214285714286,0.414285714285714,0.30952380952381,3.25,16,10,5.44444444444444,5.83333333333333,4.97707940444696,1.50661165438398,1.24535988284203,9.97314453420257,2.23093688939131,3.15802858349993,0,TRUE,1.34395440121736,1.69187770463767,3,8,72.8260869565217,0.184768837076744,0.194556563311274,0.871890603327756,3.70043971814109,-0.368475583042514
"Political Science",2.05128205128205,1.25641025641026,0.794871794871795,39,29,1.23607006020799,0.256007115489874,0.980062944718117,0.576108374384236,0.619293924466338,1.47302955665025,1.62183908045977,0.900684181718664,20.0344827586207,2.41379310344828,0.777777777777778,49,"Social Sciences",2,3,8,"True",1,0.125,0.777777777777778,0.375,0.4,0.857142857142857,19,2,1,1.125,0.867296372161344,0.198946160018468,0.72421347648711,0.437013595280294,0.9312874809431,0.661070038105112,0,FALSE,1.17402939977505,0.843880798082718,3,9,77.7777777777778,0.0184494661034888,-0.60895991561016,1.06275677344005,5.28540221886225,1.27287012692697
"Anthropology",1.36363636363636,1.36363636363636,0,22,11,0.650390266299357,0.0303030303030303,0.620087235996327,0.58285779876689,0.418355634264725,0.892424242424242,1.01753246753247,0.483644890463072,25.5454545454545,1.36363636363636,0.86231884057971,30,"Social Sciences",2,3,9,"True",0.75,0,0.75,0.75,0.333333333333333,0.5,21,1,0.875,1,0.156403190537144,0.0101010101010101,0.135789477650704,0.101968059088287,0.395478432455101,0.319324379101075,1,FALSE,1.24100809950379,0,3,10,86.231884057971,0.0840069480098425,-1.40857619046139,1.38862584436349,4.4594316186373,0.417516577159516
"Biological Sciences",5.33333333333333,4.66666666666667,0.666666666666667,15,5,0.457142857142857,0.268571428571429,0.188571428571429,0,0.04,1.91142857142857,2.33142857142857,0.651428571428571,14.8,5.2,0.684931506849315,70,"Natural Sciences",3,3,7,"True",0,0,0,0,0,0,13,3,0.857142857142857,0.857142857142857,0.759183673469388,0.274938775510204,0.12065306122449,1.09322448979592,0.871311467541538,1.04557376104985,0,TRUE,2.50250034052918,0.736965594166206,3,8,68.4931506849315,1.31873164557715,-0.710267040117454,0.704874733122575,3.90689059560852,-0.154680454201032
"Sociology",2.19047619047619,0.904761904761905,1.28571428571429,21,1,0,0,0,0,0,0,0,0,26,0,0.609271523178808,19,"Social Sciences",2,2,7,"True",0,0,0,0,0,0,26,0,0,0,NA,NA,NA,NA,NA,NA,0,FALSE,0.929610672108602,1.1926450779424,2,7,60.9271523178808,-0.220782952284146,-0.2784895519093,0.413238364148199,4.39231742277876,0.348014871346073
"Political Science",0.930232558139535,0.209302325581395,0.720930232558139,43,1,0,0,0,0,0,0.166666666666667,0.333333333333333,0,16,1,0.58641975308642,9,"Social Sciences",1,1,6,"False",0,0,0,0,0,0,16,1,0.166666666666667,0.333333333333333,NA,NA,NA,NA,NA,NA,0,FALSE,0.274174963438994,0.783188610926852,2,7,58.641975308642,-0.862311002035829,-0.666468583559955,0.325154717667329,5.4262647547021,1.41874368468683
"Health",1.95238095238095,1.80952380952381,0.142857142857143,21,1,0,0,0,0,0,0,0,0,11,0,0.816666666666667,38,"Medicine and Health",3,3,9,"True",0,0,0,0,0,0,11,0,0,0,NA,NA,NA,NA,NA,NA,0,TRUE,1.49032562658308,0.192645077942396,3,9,81.6666666666667,0.328034218420146,-1.226036026089,1.21265654606483,4.39231742277876,0.348014871346073
"Mathematical Sciences",5.58823529411765,2,3.58823529411765,17,4,0.35,0,0.35,0,0.15,0.35,0.5375,0.1,11.5,4,0.811320754716981,34,"Formal Sciences",3,3,9,"True",0,0,0,0,0,0,10.5,2,0.2,0.2,0.49,0,0.49,0.04,0.7,0.2,0,FALSE,1.58496250072116,2.19793937761191,3,9,81.1320754716981,0.420662997257398,0.674073517255495,1.19205037786035,4.08746284125034,0.0323154403951519
"Economics",2.5,1.61111111111111,0.888888888888889,18,1,0,0,0,0,0,0,0,0,4,0,0.850299401197605,29,"Social Sciences",3,3,9,"True",0,0,0,0,0,0,4,0,0,0,NA,NA,NA,NA,NA,NA,0,FALSE,1.38466385023533,0.917537839808027,3,9,85.0299401197605,0.224614474245293,-0.539166445424836,1.34229612700893,4.16992500144231,0.117711096635806
"Biological Sciences",0.235294117647059,0.117647058823529,0.117647058823529,34,14,1.90226757369615,1.17735260770975,0.724914965986395,0.113888888888889,0.716808390022676,6.13480725623583,7.20187074829932,2.84416099773243,26.5714285714286,7.42857142857143,0.552147239263804,4,"Natural Sciences",0,0,6,"False",1.38095238095238,0.746031746031746,0.347222222222222,0,0.396825396825397,2.94444444444444,26,4.5,5.94444444444444,6.75,8.59055118099336,2.30772473361546,2.21116513989601,9.32837641792574,2.93096420670628,3.05423908984312,1,TRUE,0.160464672193246,0.160464672193246,2,6,55.2147239263804,-0.973608480056442,-1.25652845609428,0.193049065485593,5.08746284125034,1.06788928471177
"Biological Sciences",0.0853658536585366,0.0853658536585366,0,82,28,0.553698979591837,0.442602040816327,0.11109693877551,0.0644132653061224,0.181802721088435,2.99009353741497,3.39383503401361,1.38197278911565,20.8928571428571,5.85714285714286,0.162162162162162,7,"Natural Sciences",0,0,2,"False",0.333333333333333,0.2,0,0,0,0.866071428571429,18.5,3.5,1.80357142857143,1.92857142857143,0.504832802058213,0.529841937215804,0.0303078077571417,3.35596967270153,0.710515870377441,1.83193058621268,1,TRUE,0.118181426348314,0,1,2,16.2162162162162,-1.01499451973245,-1.40857619046139,-1.31017399011823,6.35755200461808,2.38316040224538
"Psychological Sciences",0.5,0.45,0.05,20,29,2.27528735632184,1.48448275862069,0.790804597701149,0.364942528735632,0.825862068965517,7.86724137931034,9.33275862068965,3.89827586206897,23.9310344827586,17,0.211267605633803,9,"Social Sciences",1,1,3,"False",1.8,1,0.4,0,0.5,4.25,22,15,8.16666666666667,9.16666666666667,3.83608374384236,2.04916529830323,1.00104337712096,8.90016557197591,1.95859228627154,2.98331452783241,1,TRUE,0.53605290024021,0.070389327891398,1,2,21.1267605633803,-0.605989840636054,-1.34187903099802,-1.1208938378344,4.32192809488736,0.275121524462715
"Geography",1.77777777777778,0.777777777777778,1,18,1,0,0,0,0,0,0,0,0,46,0,0.880952380952381,14,"Social Sciences",2,3,9,"True",0,0,0,0,0,0,46,0,0,0,NA,NA,NA,NA,NA,NA,0,FALSE,0.830074998557688,1,3,10,88.0952380952381,-0.318206583144067,-0.461029716281691,1.46045004775069,4.16992500144231,0.117711096635806
"Engineering",3.88235294117647,0.117647058823529,3.76470588235294,17,31,1.5107654889913,1.11135432667691,0.399411162314388,0.0640552995391705,0.297299027137737,3.84062980030722,4.20248335893497,2.32332309267793,18.258064516129,8.83870967741935,0.630769230769231,2,"Engineering",0,0,7,"False",1.4,0.875,0.25,0,0.142857142857143,2,16,7,2.8,3,2.96449542015133,2.32980968839149,0.167459497259676,5.9450433957932,1.72177101269342,2.43824596704131,0,TRUE,0.160464672193246,2.25238716163429,2,7,63.0769230769231,-0.973608480056442,0.725665323032796,0.496102687913414,4.08746284125034,0.0323154403951519
"Sociology",7.33333333333333,2.33333333333333,5,9,23,0.364285714285714,0.0295031055900621,0.334782608695652,0.260351966873706,0.185300207039337,0.650172532781228,0.712146307798482,0.375155279503106,20.9130434782609,0.739130434782609,0.748344370860927,21,"Social Sciences",3,2,8,"True",0.285714285714286,0,0.285714285714286,0.285714285714286,0.142857142857143,0.285714285714286,20,1,0.714285714285714,0.857142857142857,0.0964424860853432,0.00471384205856256,0.0954513188674679,0.0986496733080584,0.310551905621819,0.314085455422658,0,FALSE,1.73696559416621,2.58496250072116,3,8,74.8344370860927,0.569440744341027,1.04079591298368,0.949303776183834,3.16992500144231,-0.91786274768081
"Economics",1.41379310344828,0.327586206896552,1.08620689655172,58,24,0.562318121693122,0.106332671957672,0.45598544973545,0.193253968253968,0.266369047619048,0.981068121693122,1.10446428571429,0.52349537037037,27.2083333333333,1.83333333333333,0.688622754491018,19,"Social Sciences",1,2,7,"False",0.45,0,0.25,0.118055555555556,0.118055555555556,0.577777777777778,27.5,1,1,1,0.224586502995589,0.0240579775757592,0.209851634360132,0.117170023924089,0.473905584473942,0.342301072046363,0,FALSE,0.408805545567329,1.06088224214702,3,8,68.8622754491018,-0.730537139783137,-0.403340962395125,0.719102889236111,5.85798099512757,1.86581773143816
"Mathematical Sciences",13.125,1.125,12,8,14,0.406179138321995,0.0833333333333333,0.322845804988662,0.032312925170068,0.121031746031746,1.10260770975057,1.34977324263039,0.541808390022676,26.7142857142857,2.71428571428571,0.783018867924528,9,"Formal Sciences",2,2,8,"True",0.30952380952381,0,0.208333333333333,0,0.0555555555555556,0.258928571428571,28.5,1,0.526785714285714,0.619047619047619,0.24372143037109,0.0173611111111111,0.158060563460223,0.564533466266034,0.493681507017521,0.751354421206154,0,FALSE,1.08746284125034,3.70043971814109,3,9,78.3018867924528,-0.0662802407609656,2.09776241737772,1.08295889913072,3,-1.09383263466993
"Physical Sciences",2,1.14285714285714,0.857142857142857,7,13,1.09346764346764,0.321581196581197,0.771886446886447,0.190598290598291,0.272435897435897,1.82893772893773,2.16376678876679,0.931929181929182,25.6923076923077,4.07692307692308,0.166666666666667,8,"Natural Sciences",1,0,2,"False",0.666666666666667,0.4,0.6,0.125,0.2,0.666666666666667,24,3,1.33333333333333,1.66666666666667,1.00080219659089,0.0979837369420703,0.541524834292692,0.452225807701998,1.00040101788777,0.672477365940296,1,TRUE,1.09953567355091,0.893084796083488,1,2,16.6666666666667,-0.0544635813108911,-0.562336840788985,-1.29281108209219,2.8073549220576,-1.29333083862341
"Mathematical Sciences",1.8,0,1.8,10,24,0.649819870388756,0.0894091847265222,0.560410685662234,0.250747710035636,0.189691269915728,1.16973775421918,1.32180480123592,0.574006934900898,20.9166666666667,2.04166666666667,0.366834170854271,0,"Formal Sciences",0,0,4,"False",0.45,0,0.316666666666667,0.171428571428571,0,0.5,18,1.5,1,1,0.384334989596238,0.0452860259093967,0.319567674270678,0.265843931960802,0.619947570038175,0.515600554655251,1,FALSE,0,1.48542682717024,1,4,36.6834170854271,-1.13066826005398,-0.00106523772429051,-0.521252309859841,3.32192809488736,-0.760452319853902
"Health",0.545454545454545,0.0909090909090909,0.454545454545454,11,39,1.02362637362637,0.501709401709402,0.521916971916972,0.450915750915751,0.314896214896215,2.74441391941392,3.16556776556777,1.51324786324786,13.8974358974359,5.33333333333333,0.673913043478261,1,"Medicine and Health",1,0,7,"False",1,0.4,0.333333333333333,0.285714285714286,0.25,1.25,9,4,2,2.33333333333333,0.831750621976186,0.204625536674409,0.473029352991759,1.65227944709148,0.912003630462174,1.28541022521663,1,TRUE,0.125530882083859,0.540568381362703,3,8,67.3913043478261,-1.00780101174624,-0.896362526648133,0.662403343448406,3.4594316186373,-0.6180572671571
"Chemical Sciences",2,0.315789473684211,1.68421052631579,38,21,1.1468253968254,0.94510582010582,0.201719576719577,0.0436507936507937,0.768424036281179,6.94321617535903,7.82785336356765,3.60468631897203,22.9047619047619,14.6190476190476,0.407582938388626,12,"Natural Sciences",0,0,5,"False",1,0.555555555555556,0,0,0.444444444444444,2.44444444444444,22,11,6,6,0.870902226631393,0.726552395649618,0.135525058788948,7.60435283791647,0.933221424224387,2.75759910754201,0,TRUE,0.395928676331139,1.42449782852791,2,4,40.7582938388626,-0.743140775347589,-0.0587982955631316,-0.364183513021963,5.24792751344359,1.23406230217193
"Psychological Sciences",3.08333333333333,3,0.0833333333333333,24,40,1.89774801587302,1.01003968253968,0.887708333333333,0.416448412698413,0.568095238095238,4.43176587301587,5.06397817460318,2.37099206349206,19.575,8.325,0.31140350877193,72,"Social Sciences",3,3,4,"True",1.39285714285714,0.535714285714286,0.598214285714286,0.267857142857143,0.333333333333333,1.76190476190476,17,4,2.88571428571429,3.27777777777778,3.0572292509537,1.39960158536349,1.16914787913622,4.78590076942458,1.7484934231943,2.1876701692496,0,TRUE,2,0.115477217419936,1,3,31.140350877193,0.826893835712353,-1.29915616024705,-0.734913432097714,4.58496250072116,0.547513075299553
"Biological Sciences",21,4.66666666666667,16.3333333333333,6,44,1.67564935064935,0.836616161616162,0.839033189033189,0.264601370851371,0.739700577200577,7.15023448773449,8.51443903318903,3.27965367965368,25.0681818181818,14.4772727272727,0.382978723404255,28,"Natural Sciences",3,2,4,"True",1.21428571428571,0.585714285714286,0.625,0.111111111111111,0.625,2.11111111111111,23,11,4.26785714285714,5.26785714285714,2.49678159874865,0.934838467334315,0.796260130040584,17.2164016796132,1.58012075448323,4.14926519755163,0,TRUE,2.50250034052918,4.11547721741994,2,4,38.2978723404255,1.31873164557715,2.49102973647175,-0.459022073267433,2.58496250072116,-1.52363461333368
"Geography",0.352941176470588,0.294117647058824,0.0588235294117647,34,12,1.27972883597884,0.615839947089947,0.663888888888889,0.599404761904762,0.365740740740741,2.84659391534392,3.13826058201058,1.70029761904762,16.75,6,0.511904761904762,10,"Social Sciences",0,2,6,"False",1,0.5,0.525,0.4375,0.291666666666667,1.46666666666667,15,5,2.5625,2.6875,0.911639795298029,0.226376647951549,0.498324915824916,1.01494334286745,0.954798300845801,1.00744396512533,0,FALSE,0.371968777386958,0.082462160191973,2,5,51.1904761904762,-0.76659227034335,-1.33043946131824,0.0379317973318676,5.08746284125034,1.06788928471177
"Engineering",1.89473684210526,0,1.89473684210526,19,9,1.50573192239859,1.11552028218695,0.39021164021164,0.333333333333333,0.497354497354497,5.40233686067019,6.39285714285714,2.45811287477954,18.3333333333333,13.2222222222222,0.570552147239264,0,"Engineering",0,0,6,"False",1.5,1.5,0.25,0.25,0.333333333333333,2.25,11,9,3.85714285714286,5.125,1.60332857422805,0.931742269953249,0.2508700239355,5.59373567456818,1.26622611496843,2.36510796256073,1,TRUE,0,1.53343220008107,2,6,57.0552147239264,-1.13066826005398,0.0444220841190502,0.26399199030363,4.24792751344359,0.198488457855317
"Biological Sciences",0.5,0,0.5,18,12,0.696990740740741,0.453935185185185,0.243055555555556,0.142361111111111,0.310416666666667,2.80787037037037,3.43888888888889,1.44328703703704,19.4166666666667,6.33333333333333,0.186170212765957,0,"Natural Sciences",0,0,2,"False",0.6875,0.375,0.236111111111111,0.0625,0.25,0.9375,16.5,5.5,2.1875,3,0.281643460063599,0.198275053778526,0.051750140291807,1.35162241629256,0.530700913946452,1.1625929710318,1,TRUE,0,0.584962500721156,1,2,18.6170212765957,-1.13066826005398,-0.854297035375718,-1.21763338457521,4.16992500144231,0.117711096635806
"Chemical Sciences",1.4,0.333333333333333,1.06666666666667,15,10,0.757896825396825,0.483849206349206,0.274047619047619,0.0853968253968254,0.453055555555555,3.41087301587302,4.25059523809524,1.40365079365079,21.1,7.9,0.350710900473934,5,"Natural Sciences",0,0,4,"False",0.642857142857143,0.357142857142857,0.267857142857143,0,0.314285714285714,1,23.5,6.5,2.51785714285714,3.71428571428571,0.346116165910809,0.273755495716805,0.0213875661375661,1.71218795666415,0.588316382493985,1.30850600176849,1,TRUE,0.415037499278844,1.04730571477836,1,4,35.0710900473934,-0.724437421599021,-0.416205353034908,-0.583400512933624,3.90689059560852,-0.154680454201032
"Medical Sciences",1.54545454545455,0.454545454545454,1.09090909090909,11,15,0.69031746031746,0.499761904761905,0.190555555555556,0.0383333333333333,0.381904761904762,3.75738095238095,4.32825396825397,1.94777777777778,23.2,7.73333333333333,0.274509803921569,5,"Medicine and Health",1,0,3,"False",0.5,0.333333333333333,0.142857142857143,0,0.285714285714286,1,27,5,1.85714285714286,2.375,0.303402345858978,0.207371072238419,0.0325764226325451,2.97010140643559,0.550819703586372,1.72339821470129,0,TRUE,0.540568381362703,1.06413033741972,1,3,27.4509803921569,-0.601570173291284,-0.400263241171685,-0.877122636998268,3.4594316186373,-0.6180572671571
"Engineering",4.48148148148148,1.33333333333333,3.14814814814815,27,17,3.17331932773109,2.20830999066293,0.96500933706816,0.191013071895425,0.858870214752568,5.22558356676004,5.89199346405229,2.8171101774043,18.8823529411765,10.8235294117647,0.241176470588235,36,"Engineering",1,2,3,"False",2.2,1.5,0.444444444444444,0,0.428571428571429,2.5,16,9,4.2,4.88888888888889,15.5355167692077,8.09094949669683,1.83241607291065,3.97344167064974,3.94151199024025,1.99334935990903,0,TRUE,1.22239242133645,2.05246741989414,1,3,24.1176470588235,0.0657862750261509,0.536232076628002,-1.00560815639094,4.75488750216347,0.723482962288675
"Anthropology",3.85,1.4,2.45,20,14,0.843225623582766,0.236366213151927,0.606859410430839,0.411196145124717,0.409892290249433,1.26692176870748,1.4718253968254,0.69484126984127,24.3571428571429,2.28571428571429,0.442028985507246,28,"Social Sciences",3,3,5,"True",0.571428571428571,0.0625,0.392857142857143,0.214285714285714,0.285714285714286,0.642857142857143,23,1.5,1.0625,1.25,0.519358694892283,0.113850795761935,0.444881641097627,0.359985343140105,0.720665452822794,0.599987785825766,0,FALSE,1.26303440583379,1.78659636189081,2,5,44.2028985507246,0.105565879200515,0.284306893030521,-0.231408965370154,4.32192809488736,0.275121524462715
"Economics",2.31578947368421,0.736842105263158,1.57894736842105,19,10,1.01206349206349,0.180793650793651,0.831269841269841,0.317936507936508,0.598412698412698,1.38396825396825,1.65095238095238,0.677142857142857,21.4,2.1,0.514970059880239,14,"Social Sciences",2,2,6,"True",0.436507936507937,0.111111111111111,0.253968253968254,0.105555555555556,0.253968253968254,0.69047619047619,16,2,1.21428571428571,1.35714285714286,1.77866196355085,0.0539987402368355,1.37224380616444,0.374390526581003,1.33366486178157,0.611874600372497,0,FALSE,0.796466605914868,1.36678233067162,2,6,51.497005988024,-0.351101840912674,-0.113486412062382,0.0497471894060436,4.24792751344359,0.198488457855317
"Political Science",3,1.85714285714286,1.14285714285714,7,12,0.950396825396825,0.382638888888889,0.567757936507936,0.514781746031746,0.294543650793651,1.60446428571429,1.76815476190476,1.03809523809524,13.6666666666667,2.83333333333333,0.265432098765432,13,"Social Sciences",2,2,3,"True",0.6875,0.339285714285714,0.375,0.392857142857143,0.285714285714286,0.928571428571429,13,3,1.60714285714286,1.9375,0.816766731945303,0.108824844963238,0.57450846689686,0.379300401978973,0.90375147687033,0.615873689955151,0,FALSE,1.51457317282976,1.09953567355091,1,3,26.5432098765432,0.351767257144064,-0.36671503975342,-0.912113246854659,2.8073549220576,-1.29333083862341
"Mathematical Sciences",1.66666666666667,0,1.66666666666667,21,22,0.852669552669553,0.186056998556999,0.666612554112554,0.270689033189033,0.438492063492063,1.29051226551227,1.43768037518038,0.633351370851371,17.2727272727273,1.90909090909091,0.236180904522613,0,"Formal Sciences",0,0,3,"False",0.55,0,0.4375,0.166666666666667,0.125,0.5,12.5,1,1,1,1.9394159525282,0.197954508984129,1.03576714020946,0.45976927553529,1.39262915111246,0.678062884646616,0,FALSE,0,1.41503749927884,1,3,23.6180904522613,-1.13066826005398,-0.0677623971876632,-1.02486389340899,4.39231742277876,0.348014871346073
"Sociology",0.633333333333333,0.2,0.433333333333333,30,9,0.870811287477954,0.0661375661375661,0.804673721340388,0.648589065255732,0.551146384479718,1.57407407407407,1.62698412698413,0.569223985890653,14.3333333333333,1.44444444444444,0.503311258278146,6,"Social Sciences",1,1,6,"False",0.666666666666667,0,0.5,0.5,0.166666666666667,0.666666666666667,10,1,1,1,0.577904978863974,0.0113063744016125,0.548161445648218,0.141176583802245,0.760200617510913,0.375734725307956,0,FALSE,0.263034405833794,0.519374159093579,2,5,50.3311258278146,-0.87321516868265,-0.916445037232222,0.00480757402581103,4.90689059560852,0.880893390115584
"Computational Sciences",3.53846153846154,0.269230769230769,3.26923076923077,26,9,1.61494708994709,1.3689594356261,0.245987654320988,0.189506172839506,0.358950617283951,4.91230158730159,5.79603174603175,2.5781746031746,18.6666666666667,13.7777777777778,0.255102040816326,7,"Formal Sciences",0,0,3,"False",1.5,1.375,0.125,0.111111111111111,0.25,3,16,13,4.9,6,1.47315932854623,1.20769584505613,0.0638485939643347,2.79457234977324,1.21373775114159,1.67169744564417,0,TRUE,0.343954401217361,2.09397614820901,1,3,25.5102040816326,-0.794012210806421,0.575563525790447,-0.951931132683075,4.70043971814109,0.667098261274102
"Biological Sciences",6.33333333333333,6,0.333333333333333,12,21,1.19467120181406,0.755102040816327,0.439569160997732,0.0756802721088435,0.678401360544218,4.58656462585034,5.42159863945578,2.21456916099773,18.3809523809524,9.95238095238095,0.331288343558282,72,"Natural Sciences",3,3,4,"True",1,0.571428571428571,0.333333333333333,0,0.5,2,18,7,4.42857142857143,4.57142857142857,0.780081436939856,0.71756407920311,0.206685644098909,2.4552314207429,0.883222190017809,1.56691780918557,0,TRUE,2.8073549220576,0.415037499278844,1,3,33.1288343558282,1.61711753233753,-1.01530887136736,-0.658266032330858,3.58496250072116,-0.488060769017063
"Mathematical Sciences",0.290322580645161,0.0161290322580645,0.274193548387097,62,21,0.865608465608466,0.214569160997732,0.651039304610733,0.294387755102041,0.346844293272865,1.38658352229781,1.55908919123205,0.757312925170068,20.1904761904762,2.57142857142857,0.407035175879397,1,"Formal Sciences",0,0,5,"False",0.666666666666667,0.125,0.5,0.25,0.125,0.625,15,2,1.25,1.5,0.791778995548837,0.0670120329877983,0.563422862751803,0.37232557904114,0.889819642146001,0.610184872838667,1,FALSE,0.0230836131130412,0.349584437790228,2,4,40.7035175879397,-1.10807445702226,-1.07732868900517,-0.366294899537025,5.95419631038687,1.96545579534337
"Engineering",2.52941176470588,0,2.52941176470588,17,17,2.55842670401494,1.8453081232493,0.71311858076564,0.341970121381886,1.59803921568627,4.80406162464986,5.57201213818861,2.82226890756302,15.4705882352941,10.2941176470588,0.484662576687116,0,"Engineering",0,0,5,"False",1.5,1,0.625,0,1,1.66666666666667,13,6,3.75,4.42857142857143,6.16099142434752,5.2735505683755,0.421822866878233,6.47731058048219,2.48213444928906,2.54505610556667,1,TRUE,0,1.81942775435818,2,5,48.4662576687116,-1.13066826005398,0.31541616320539,-0.0670749921805454,4.08746284125034,0.0323154403951519
"Anthropology",7,0.875,6.125,8,13,1.27838827838828,0.184065934065934,1.09432234432234,0.809371184371184,0.545940170940171,1.24496336996337,1.37164224664225,0.739163614163614,17.2307692307692,1.76923076923077,0.485507246376812,7,"Social Sciences",2,1,5,"True",0.625,0.125,0.5,0.625,0.375,0.875,12,2,1.14285714285714,1.25,2.04623224824118,0.0833419639223211,1.99429472643758,0.319841148710196,1.43046574521768,0.565545001489887,1,FALSE,0.906890595608518,2.83289001416474,2,5,48.5507246376812,-0.243020932568883,1.27571875419929,-0.0638191574666739,3,-1.09383263466993
"Biological Sciences",0.6875,0.25,0.4375,16,9,0.744135802469136,0.59320987654321,0.150925925925926,0.147222222222222,0.342901234567901,3.7537037037037,4.45432098765432,2.04537037037037,26.2222222222222,10.7777777777778,0.356382978723404,4,"Natural Sciences",0,0,4,"False",0.75,0.5,0,0,0.25,1.77777777777778,33,11,3.75,5,0.263527091906722,0.247521433470508,0.047091049382716,2.07893904320988,0.513348898807353,1.44185264268228,1,TRUE,0.321928094887362,0.523561956057013,1,4,35.6382978723404,-0.815571141997093,-0.91247690498494,-0.561537115336051,4,-0.0582587903533156
"Psychological Sciences",1.47368421052632,1.47368421052632,0,19,17,3.09869281045752,1.65032679738562,1.4483660130719,0.775980392156863,0.733823529411765,6.72478991596639,7.7110177404295,3.59003267973856,19.0588235294118,12.8235294117647,0.25,28,"Social Sciences",2,2,3,"True",2.33333333333333,0.8,0.888888888888889,0.444444444444444,0.4,2.2,12,9,6,6.8,7.04662241285403,3.20749024146696,2.25459785766158,10.2925550335875,2.65454749681637,3.20820121463531,1,TRUE,1.30666133823405,0,1,3,25,0.148267093811167,-1.40857619046139,-0.971597283610524,4.24792751344359,0.198488457855317
"Economics",1.60526315789474,0.0526315789473684,1.55263157894737,38,16,0.709350198412698,0.109722222222222,0.599627976190476,0.431051587301587,0.312053571428571,1.06369047619048,1.18816964285714,0.576810515873016,17.5,1.875,0.580838323353293,2,"Social Sciences",0,0,6,"False",0.666666666666667,0.0625,0.55,0.30952380952381,0.182539682539683,0.645833333333333,14,2,1,1.1,0.326110753522088,0.015108024691358,0.2659670880312,0.109602712033888,0.571061076875397,0.331063003118572,1,FALSE,0.0740005814437768,1.35198532874354,2,7,58.0838323353293,-1.05823789340447,-0.127507259067766,0.303640730720897,5.24792751344359,1.23406230217193
"Computational Sciences",3.85714285714286,0.428571428571429,3.42857142857143,7,12,1.06631794131794,0.506884319384319,0.559433621933622,0.134589947089947,0.190085377585378,3.49111351611352,4.3557239057239,1.45208032708033,21.75,7.5,0.770408163265306,3,"Formal Sciences",0,0,8,"False",0.875,0.339285714285714,0.358585858585859,0.0555555555555556,0.146464646464646,1.41071428571429,21.5,6.5,3.18253968253968,4,1.08452468580535,0.217177454212988,0.476032062273945,1.48775457280147,1.04140514969216,1.21973545197369,1,TRUE,0.514573172829758,2.14684138832927,3,9,77.0408163265306,-0.627013790739101,0.62565579767306,1.03435011098929,2.8073549220576,-1.29333083862341
"Chemical Sciences",2.63636363636364,0.727272727272727,1.90909090909091,11,14,2.56169296653168,2.01329286707002,0.548400099461653,0.209760624679979,1.55509106868554,7.00065983592152,8.16393929656767,3.96157919598506,16.0714285714286,13.1428571428571,0.33175355450237,8,"Natural Sciences",1,0,4,"False",1.14516129032258,0.903225806451613,0.403225806451613,0,0.645161290322581,3.26666666666667,10,8.5,5.13709677419355,5.64166666666667,5.10546034744577,4.34376153793602,0.288850740433563,9.90038144261285,2.25952657595474,3.14648715913681,1,TRUE,0.788495894806288,1.5405683813627,1,3,33.175355450237,-0.358903421883904,0.0511839475315644,-0.656472846237511,3.4594316186373,-0.6180572671571
"Biological Sciences",1.5,0.111111111111111,1.38888888888889,18,3,1.33333333333333,1.33333333333333,0,0,0.5,4.66666666666667,5.33333333333333,2,5.33333333333333,5.66666666666667,0.049079754601227,2,"Natural Sciences",0,0,1,"False",0,0,0,0,0,0,4,2,2,2,5.33333333333333,5.33333333333333,0,12,2.3094010767585,3.46410161513775,1,TRUE,0.15200309344505,1.25633975325979,1,1,4.9079754601227,-0.981890512970348,-0.218135886888287,-1.74605754620743,4.16992500144231,0.117711096635806
"Engineering",11.0357142857143,1.25,9.78571428571429,28,16,2.94652777777778,2.07013888888889,0.876388888888889,0.025,1.10277777777778,6.39444444444444,7.32013888888889,3.62986111111111,12.875,9.125,0.533742331288344,35,"Engineering",1,2,6,"False",3.15555555555556,1.7,0.472222222222222,0,0.733333333333333,3.05,11,8,4.72222222222222,5.16666666666667,4.77336985596708,3.313625,1.85236008230453,7.2338883744856,2.1848043061032,2.68958888577522,1,TRUE,1.16992500144231,3.43104981726747,2,6,53.3742331288344,0.0144321588024431,1.8425029666253,0.122106140667555,4.8073549220576,0.777816850009819
"Physical Sciences",2.61111111111111,1,1.61111111111111,18,11,2.01962481962482,1.49743867243867,0.522186147186147,0.252272727272727,0.676984126984127,4.57261904761905,5.43520923520923,2.51266233766234,19.0909090909091,10.1818181818182,0.666666666666667,18,"Natural Sciences",1,1,7,"False",2.1,1.25,0.333333333333333,0,0.3,2.25,10,6,4.5,5.5,2.39941107217298,2.67409994216542,0.33564066687281,3.44501368274583,1.54900325118218,1.8560748052667,1,TRUE,1,1.38466385023533,3,8,66.6666666666667,-0.151887212170812,-0.0965428412468211,0.634471708797826,4.16992500144231,0.117711096635806
"Psychological Sciences",3.8125,0.3125,3.5,16,13,1.58974358974359,0.921794871794872,0.667948717948718,0.198717948717949,0.597435897435897,3.01923076923077,3.79358974358974,1.77948717948718,17.8461538461538,5.69230769230769,0.114035087719298,5,"Social Sciences",0,0,2,"False",1.33333333333333,1,0.5,0,0.666666666666667,2,14,5,3,5,1.42298789173789,0.729508547008547,0.404188034188034,1.71709045584046,1.19289056150927,1.31037798204963,1,TRUE,0.39231742277876,2.16992500144231,1,1,11.4035087719298,-0.746675401883759,0.64752859388965,-1.49568295481746,4,-0.0582587903533156
"Chemical Sciences",2,1,1,21,23,2.48395445134576,2.11947895100069,0.364475500345066,0.162612146307798,1.62707039337474,7.90320910973085,8.87879572118703,4.51293995859213,17,15.7391304347826,0.23696682464455,21,"Natural Sciences",1,1,3,"False",1.55555555555556,1.25,0.25,0,1,3.77777777777778,10,12,6.5,7.75,6.20313928436987,4.68176770415383,0.273160471918236,9.43589482894607,2.49061022329265,3.07179016681577,0,TRUE,1,1,1,3,23.696682464455,-0.151887212170812,-0.461029716281691,-1.02183451275695,4.39231742277876,0.348014871346073
"Economics",3,1.22222222222222,1.77777777777778,18,15,0.807777777777778,0.291851851851852,0.515925925925926,0.505343915343915,0.339126984126984,1.58486772486772,1.72769841269841,0.845767195767196,19.4,2.26666666666667,0.640718562874252,22,"Social Sciences",3,2,7,"True",0.4,0,0.2,0.25,0.125,0.571428571428571,19,1,0.666666666666667,0.8,1.02836772486772,0.270466784244562,0.441688124632569,1.14746370682312,1.01408467342117,1.07119732394322,0,FALSE,1.15200309344505,1.47393118833241,3,7,64.0718562874251,-0.00310946508718296,-0.0119578897735191,0.534453041007126,4.16992500144231,0.117711096635806
"Medical Sciences",3.57142857142857,1.28571428571429,2.28571428571429,7,32,0.630877976190476,0.183407738095238,0.447470238095238,0.135714285714286,0.150297619047619,1.63653273809524,1.93839285714286,0.808705357142857,19.84375,3.40625,0.104166666666667,9,"Medicine and Health",2,1,2,"True",0.285714285714286,0.0714285714285714,0.225,0,0,0.69047619047619,17.5,3,1.28571428571429,1.46428571428571,0.652688349197206,0.0645056997933582,0.393835468327116,0.615236123683344,0.807891297884317,0.784369889582297,0,TRUE,1.1926450779424,1.71620703399941,1,1,10.4166666666667,0.0366701390871805,0.217609733567148,-1.53372143095345,2.8073549220576,-1.29333083862341
"Anthropology",4.8,1.1,3.7,10,5,0.781587301587302,0.0571428571428571,0.724444444444444,0.702222222222222,0.668571428571429,0.747619047619048,0.866666666666667,0.394285714285714,29.4,1.2,0.557971014492754,11,"Social Sciences",2,2,6,"True",0.285714285714286,0,0,0,0.142857142857143,0.4,35,1,1,1,1.89248878810784,0.0163265306122449,1.97965432098765,0.17730612244898,1.3756775741822,0.421077335472927,0,FALSE,1.0703893278914,2.23266075679027,2,6,55.7971014492754,-0.0829914720574774,0.706973637674613,0.215497189039126,3.32192809488736,-0.760452319853902
"Sociology",0.8,0.6,0.2,30,26,1.61916971916972,0.369184981684982,1.24998473748474,1.09035409035409,0.888843101343101,1.89604700854701,2.12333638583639,1.060057997558,25.1923076923077,3.42307692307692,0.794701986754967,18,"Social Sciences",1,2,8,"False",0.9375,0.214285714285714,0.527777777777778,0.535714285714286,0.333333333333333,1,27.5,2.5,1.53571428571429,1.65,4.20698926391069,0.188115847093823,3.93833791233017,0.466625660648875,2.05109465015896,0.683100037072811,0,FALSE,0.678071905112638,0.263034405833794,3,9,79.4701986754967,-0.466984330227695,-1.15933886662563,1.12799224686238,4.90689059560852,0.880893390115584
"Biological Sciences",1.51851851851852,0.296296296296296,1.22222222222222,27,3,0.444444444444444,0.444444444444444,0,0.222222222222222,0.111111111111111,4.33333333333333,6.67777777777778,0.666666666666667,6.33333333333333,9.66666666666667,0.150684931506849,8,"Natural Sciences",0,0,2,"False",0,0,0,0,0,0,7,10,4.8,6.83333333333333,0.592592592592593,0.592592592592593,0,1.33333333333333,0.769800358919501,1.15470053837925,0,TRUE,0.374395514781498,1.15200309344505,1,2,15.0684931506849,-0.764217025773385,-0.316999721023426,-1.35441372837635,4.75488750216347,0.723482962288675
"Economics",2.88888888888889,0.111111111111111,2.77777777777778,18,1,0.666666666666667,0.666666666666667,0,0.666666666666667,0,1.33333333333333,1.33333333333333,1,15,4,0.461077844311377,2,"Social Sciences",0,0,5,"False",0.666666666666667,0.666666666666667,0,0.666666666666667,0,1,15,4,1.33333333333333,1.33333333333333,NA,NA,NA,NA,NA,NA,0,FALSE,0.15200309344505,1.91753783980803,2,5,46.1077844311377,-0.981890512970348,0.408380028754862,-0.157983889851563,4.16992500144231,0.117711096635806
"Sociology",1.75862068965517,0.0689655172413793,1.68965517241379,29,18,0.988910934744268,0.0857583774250441,0.903152557319224,0.609942680776014,0.542195767195767,1.04455467372134,1.14744268077601,0.645789241622575,15.6666666666667,1.61111111111111,0.397350993377483,2,"Social Sciences",0,0,4,"False",0.775,0,0.598214285714286,0.571428571428571,0.472222222222222,0.666666666666667,11,1,1,1,0.732555808846172,0.0165679955109616,0.733647171317087,0.131374793230049,0.85589474168625,0.362456608754826,0,FALSE,0.096215315259303,1.42742122373468,2,4,39.7350993377483,-1.03649453296207,-0.0560282427423265,-0.403623216096577,4.85798099512757,0.83024388712154
"Physical Sciences",7.54545454545455,3.90909090909091,3.63636363636364,11,24,1.90737433862434,0.95583664021164,0.951537698412698,0.280175264550265,0.971693121693122,5.44191468253968,6.09928902116402,2.99325396825397,21.875,12,0.611940298507463,43,"Natural Sciences",2,2,7,"True",1.42857142857143,0.875,0.285714285714286,0,0.590277777777778,2.47222222222222,20.5,9,4.43650793650794,5.0625,2.53053743847244,0.612439825484005,0.996948720963828,7.92668293404318,1.59076630542404,2.81543654413364,0,TRUE,2.29545588352617,2.2129937233342,2,7,61.1940298507463,1.11608045499334,0.688338209465733,0.423525333675535,3.4594316186373,-0.6180572671571
"Engineering",2.35714285714286,0.571428571428571,1.78571428571429,14,28,2.46440166975881,1.65482632446918,0.809575345289631,0.201658163265306,0.606619769119769,6.35251623376623,7.35319392908679,3.39627138734282,19.3928571428571,13.5,0.515625,8,"Engineering",0,0,6,"False",1.6125,1.16666666666667,0.5,0.1,0.416666666666667,2.45,15.5,10,4.45,5.15,5.36496820692062,2.7444236494214,1.88009991059697,9.08612071986252,2.31624010131088,3.01431927968198,0,TRUE,0.652076696579693,1.47804729680464,2,6,51.5625,-0.492427947675512,-0.00805768570331462,0.0522716990497993,3.8073549220576,-0.257756994306797
"Chemical Sciences",3.32258064516129,2.06451612903226,1.25806451612903,31,36,3.48122093955427,2.63049543049543,0.850725509058842,0.171505731922399,2.13128707712041,10.3658680054513,12.3117925284592,4.96850148308482,23.5277777777778,23.5833333333333,0.644549763033175,64,"Natural Sciences",2,2,7,"True",2.4375,1.6875,0.436507936507937,0,1.25,3.625,20.5,20,8.3125,9.97916666666667,10.992545847232,6.72844690351107,2.23076957323759,14.2336815352298,3.31550084410063,3.77275516502593,0,TRUE,1.61565929794407,1.17508670655809,3,7,64.4549763033175,0.450708440609901,-0.295126924806836,0.549220653276625,4.95419631038687,0.929881951026751
"Political Science",0.885714285714286,0,0.885714285714286,35,14,1.33021541950113,0.0853174603174603,1.24489795918367,0.780612244897959,0.656462585034014,1.21938775510204,1.29705215419501,0.772534013605442,17.9285714285714,2.35714285714286,0.580246913580247,0,"Social Sciences",0,0,6,"False",1,0,1,0.476190476190476,0.535714285714286,0.732142857142857,11.5,1.5,1,1,1.18840285910864,0.0171491317324651,1.24225349480452,0.204856633587501,1.09013891734432,0.452610907499478,0,FALSE,0,0.915111102413487,2,6,58.0246913580247,-1.13066826005398,-0.541465891886793,0.301361102964983,5.12928301694497,1.11119716482585
"Anthropology",2.29411764705882,0.411764705882353,1.88235294117647,17,18,1.20542328042328,0.246230158730159,0.959193121693122,0.431040564373898,0.46276455026455,1.12281746031746,1.27480158730159,0.700154320987654,15.5555555555556,1.83333333333333,0.920289855072464,7,"Social Sciences",1,1,10,"False",0.857142857142857,0,0.642857142857143,0.267857142857143,0.267857142857143,0.817460317460317,9,1,1,1,1.50254672239266,0.338025918700814,1.07962348365272,0.331193906060367,1.22578412552646,0.575494488297122,0,FALSE,0.497499659470817,1.52724700286487,3,10,92.0289855072464,-0.643725022035613,0.0385613223047286,1.61207892156813,4.08746284125034,0.0323154403951519
"Biological Sciences",3.36363636363636,1.36363636363636,2,11,60,1.85677186177186,1.32468565364399,0.532086208127875,0.177718046155546,1.03234273046773,6.1902163619872,7.20412932246266,3.06652119454203,21.0666666666667,12.1333333333333,0.611111111111111,15,"Natural Sciences",1,1,7,"False",1.31666666666667,0.912878787878788,0.211111111111111,0,0.729166666666667,2.175,17,9.5,5,6,3.37620442010222,2.41980690671786,0.651014588798914,7.4847915740894,1.83744507947917,2.73583471249442,0,TRUE,1.24100809950379,1.58496250072116,2,7,61.1111111111111,0.0840069480098425,0.0932494388039798,0.420329176476713,3.4594316186373,-0.6180572671571
"Chemical Sciences",100.5,61.5,39,2,33,1.83092286501377,1.35799991254537,0.472922952468407,0.116178013905287,0.810671651580742,7.72511697057152,9.12981000481,3.84031986531987,23.3939393939394,16.6969696969697,0.734597156398104,123,"Natural Sciences",3,3,8,"True",1,0.4,0.2,0,0.3,1.66666666666667,19,10,4.88888888888889,5.66666666666667,11.3624939088771,5.96879656674766,1.22118580169726,34.2159576162465,3.37082985463181,5.84944079517406,0,TRUE,5.96578428466209,5.32192809488736,3,8,73.4597156398104,4.7085283335325,3.63419801168701,0.896314236470088,1,-3.16498032330316
"Medical Sciences",1,0.878787878787879,0.121212121212121,33,35,1.36075139146568,0.864601113172542,0.496150278293135,0.11750876108019,0.510296846011132,6.20088641517213,7.29964028035457,2.95122861265718,22.7142857142857,12.0857142857143,0.795698924731183,29,"Medicine and Health",1,2,8,"False",1.125,0.666666666666667,0.454545454545455,0,0.181818181818182,2.42857142857143,21,10,4.44444444444444,5.11111111111111,1.09243193676964,0.602374207744229,0.174884164912631,5.69193501512503,1.04519468845265,2.38577765416751,0,TRUE,0.909802191028422,0.165059246270496,3,9,79.5698924731183,-0.240171118152778,-1.25217488362702,1.13183500967267,5.04439411935845,1.02328844281238
"Political Science",2.5,0.0454545454545455,2.45454545454545,22,17,1.41708683473389,0.552474323062558,0.864612511671335,0.61125116713352,0.65406162464986,1.9827731092437,2.09766573295985,1.35924369747899,15.9411764705882,2.82352941176471,0.709876543209877,1,"Social Sciences",0,0,8,"False",1.11111111111111,0.5,0.6,0.555555555555556,0.571428571428571,1.33333333333333,13,2,1.88888888888889,2,0.911964216242052,0.326032209179968,0.642608974145214,0.669843863471315,0.954968175512699,0.818439896065261,0,FALSE,0.0641303374197156,1.78849589480629,3,8,70.9876543209877,-1.06789870119321,0.286106788747174,0.801027011714248,4.4594316186373,0.417516577159516
"Engineering",5.52941176470588,2.17647058823529,3.35294117647059,17,50,2.38108608058608,1.8309884004884,0.55009768009768,0.28324358974359,0.75502442002442,5.80959340659341,6.63689987789988,3.39349877899878,16.4,8.68,0.6,37,"Engineering",2,2,7,"True",1.52777777777778,1.30952380952381,0.285714285714286,0.0555555555555556,0.5,2.88888888888889,11.5,7,4.85714285714286,5,4.12537558333796,2.75055281661236,0.530349764700703,7.82083722483508,2.03110206128052,2.79657598231035,0,TRUE,1.66742466091313,2.12199052437861,2,7,60,0.501375396820807,0.602108449156292,0.37750067001249,4.08746284125034,0.0323154403951519
"Biological Sciences",1.76470588235294,0.529411764705882,1.23529411764706,17,33,0.968662818662819,0.66470658970659,0.303956228956229,0.146909571909572,0.485473785473786,4.16253006253006,4.9009139009139,1.93333333333333,23.5757575757576,7.90909090909091,0.220858895705521,9,"Natural Sciences",0,0,3,"False",1,0.4,0.125,0,0.25,1.6,25,7,3.2,4,0.736625758661349,0.469010957374673,0.200174590231014,2.66151343812988,0.858269047945543,1.63141455128054,0,TRUE,0.612976876890753,1.16046467219325,1,2,22.0858895705521,-0.530698110162696,-0.308981981914579,-1.08392358123908,4.08746284125034,0.0323154403951519
"Physical Sciences",3.52380952380952,2.66666666666667,0.857142857142857,21,25,0.895253968253968,0.511285714285714,0.383968253968254,0.298587301587302,0.243412698412698,8.19128571428572,9.37268253968254,4.60171428571429,21.84,15.44,0.746268656716418,56,"Natural Sciences",2,3,8,"True",0.555555555555556,0.333333333333333,0.222222222222222,0.111111111111111,0,1.28571428571429,14,5,2.85714285714286,3.71428571428571,0.919995321554548,0.407576951583102,0.291183796821198,55.6952133949567,0.959163865851163,7.46292257731224,1,TRUE,1.87446911791614,0.893084796083488,3,8,74.6268656716418,0.704026587404616,-0.562336840788985,0.941302799884794,4.39231742277876,0.348014871346073
"Anthropology",1.44117647058824,0.264705882352941,1.17647058823529,34,13,0.593101343101343,0.0195360195360195,0.573565323565324,0.432234432234432,0.45528083028083,0.95970695970696,1.16559829059829,0.419413919413919,29.1538461538462,2.15384615384615,0.630434782608696,9,"Social Sciences",1,1,7,"False",0.428571428571429,0,0.428571428571429,0.375,0.375,0.375,28,1,1,1,0.161781450471927,0.00231602612554993,0.154306855695745,0.0389112880432325,0.402220648987501,0.197259443483024,1,FALSE,0.338801913451758,1.12199052437861,2,7,63.0434782608696,-0.799055368180843,-0.345438025023406,0.494813535544926,5.08746284125034,1.06788928471177
"Engineering",1.86363636363636,0.272727272727273,1.59090909090909,44,16,1.42093253968254,0.887599206349206,0.533333333333333,0.214384920634921,0.382068452380952,3.57212301587302,4.14585813492064,1.78268849206349,16.625,3.4375,0.510948905109489,12,"Engineering",0,0,6,"False",0.875,0.472222222222222,0.375,0.125,0.142857142857143,1.46527777777778,15,1.5,3.22222222222222,3.8125,6.94918011463845,2.67852169942051,1.0727821239607,4.3602259568951,2.63612976058434,2.08811540794447,1,TRUE,0.347923303420307,1.37345839552744,2,5,51.0948905109489,-0.790127524549276,-0.107160530346854,0.0342473846276984,5.4594316186373,1.45309042147613
"Mathematical Sciences",6.71428571428571,0.285714285714286,6.42857142857143,7,28,1.11715367965368,0.324488507524222,0.792665172129458,0.383646413110699,0.44700061842919,1.49369459905174,1.80561482168625,0.880188363224077,20.5357142857143,2.42857142857143,0.542713567839196,2,"Formal Sciences",1,1,6,"False",0.916666666666667,0.133928571428571,0.732142857142857,0.25,0.333333333333333,0.833333333333333,17,2,1.16666666666667,1.47222222222222,0.836295462575625,0.262352688498626,0.495112825254073,0.257760902663454,0.914491914986472,0.507701588202611,1,FALSE,0.362570079384708,2.89308479608349,2,6,54.2713567839196,-0.77579153782273,1.33275610757041,0.156686360302478,2.8073549220576,-1.29333083862341
"Sociology",2.46153846153846,0.384615384615385,2.07692307692308,13,16,0.790178571428571,0.127455357142857,0.662723214285714,0.462276785714286,0.451116071428571,1.40535714285714,1.5811755952381,0.55796130952381,15.4375,2.125,0.615894039735099,5,"Social Sciences",1,1,7,"False",0.5,0,0.364285714285714,0.30952380952381,0.285714285714286,0.5,13.5,1,1,1,0.562469293272865,0.0745607461734694,0.556917369378307,0.151167180413832,0.74997952856919,0.38880223818007,1,FALSE,0.46948528330122,1.62148837674627,2,7,61.5894039735099,-0.671144962498684,0.127859403847901,0.438765288530849,3.70043971814109,-0.368475583042514
"Economics",3.625,0.5,3.125,16,17,1.01458916900093,0.0729458450046685,0.941643323996265,0.555905695611578,0.51155462184874,1.06454248366013,1.17763772175537,0.672619047619048,22,1.64705882352941,0.664670658682635,8,"Social Sciences",1,1,7,"False",1,0,1,0.285714285714286,0.428571428571429,0.666666666666667,22,1,1,1,0.50979955060728,0.0172629526347576,0.432771980319906,0.174535757590073,0.714002486415334,0.417774768972557,1,FALSE,0.584962500721156,2.04439411935845,3,7,66.4670658682635,-0.558118050625767,0.528582249170423,0.626777965121619,4,-0.0582587903533156
"Political Science",13.75,4.5,9.25,24,28,1.41038832199546,0.0471230158730159,1.36326530612245,0.665731292517007,0.570975056689342,1.03487811791383,1.10267857142857,0.571967120181406,19.1428571428571,1.35714285714286,0.759259259259259,108,"Social Sciences",3,3,8,"True",0.657142857142857,0,0.657142857142857,0.388888888888889,0.236111111111111,0.55,18,1,1,1,4.21806074687125,0.0114594662453459,4.24292064925127,0.133515581570665,2.05379179735222,0.365397840128626,1,FALSE,2.4594316186373,3.35755200461808,3,8,75.9259259259259,1.27657679683283,1.77286037338945,0.991375929333015,4.58496250072116,0.547513075299553
"Sociology",0.631578947368421,0.0701754385964912,0.56140350877193,57,16,0.74796626984127,0.123611111111111,0.624355158730159,0.478174603174603,0.463268849206349,1.45570436507936,1.73831845238095,0.704042658730159,24.1875,2.9375,0.509933774834437,4,"Social Sciences",0,0,6,"False",0.555555555555556,0.111111111111111,0.444444444444444,0.354166666666667,0.291666666666667,0.5,24,2,1.21111111111111,1.27777777777778,0.37581153680608,0.0262345679012346,0.276995399239943,0.524419547718779,0.613034694618568,0.724168176405715,0,FALSE,0.0978473233981446,0.642843416801656,2,5,50.9933774834437,-1.03489715432578,-0.79945217742135,0.0303344984084604,5.83289001416474,1.8398341678248
"Economics",2.46666666666667,0.533333333333333,1.93333333333333,15,13,0.643681318681319,0.138278388278388,0.50540293040293,0.273137973137973,0.319810744810745,1.27838827838828,1.4514652014652,0.609188034188034,27.6923076923077,1.92307692307692,0.497005988023952,8,"Social Sciences",2,1,5,"True",0.428571428571429,0.111111111111111,0.333333333333333,0.25,0.142857142857143,0.444444444444444,29,2,1.28571428571429,1.71428571428571,0.339534162192892,0.0271212473593426,0.316456694026138,0.138155387748642,0.582695599942965,0.371692598458244,0,FALSE,0.616671360448494,1.55254102302878,2,5,49.7005988023952,-0.527082019674662,0.0625285819288718,-0.0194965036798252,3.90689059560852,-0.154680454201032
"Political Science",1.21052631578947,0.210526315789474,1,38,19,0.984544695071011,0.00526315789473684,0.979281537176274,0.710213032581454,0.630179615705932,0.766833751044277,0.834001670843776,0.520906432748538,17.3157894736842,1.15789473684211,0.537037037037037,8,"Social Sciences",1,1,6,"False",0.888888888888889,0,0.888888888888889,0.6,0.428571428571429,0.571428571428571,15,1,1,1,0.973550318329628,0.000526315789473684,0.969460464064335,0.118182092687627,0.986686534989521,0.343776224727114,0,FALSE,0.275634442613427,1,2,6,53.7037037037037,-0.860882491480114,-0.461029716281691,0.134805800048562,5.24792751344359,1.23406230217193
"Anthropology",1.16666666666667,0.25,0.916666666666667,36,8,0.396279761904762,0.03125,0.365029761904762,0.333779761904762,0.233630952380952,0.804910714285714,0.915476190476191,0.505654761904762,26.5,1.375,0.565217391304348,9,"Social Sciences",0,1,6,"False",0.392857142857143,0,0.330357142857143,0.242857142857143,0.0833333333333333,0.392857142857143,27,1,0.633333333333333,0.757142857142857,0.0761870090298024,0.0078125,0.0676623491658568,0.229070193553612,0.276019943174044,0.478612780391009,0,FALSE,0.321928094887362,0.938599455335857,2,6,56.5217391304348,-0.815571141997093,-0.519209585890913,0.243428823689706,5.16992500144231,1.15328494095242
"Mathematical Sciences",1.78260869565217,0.173913043478261,1.60869565217391,23,17,1.30532212885154,0.674509803921569,0.630812324929972,0.737745098039216,0.295868347338936,1.53396358543417,1.86120448179272,0.887535014005602,23.7647058823529,3,0.528301886792453,4,"Formal Sciences",1,1,6,"False",0.75,0.25,0.5,0.142857142857143,0.25,0.857142857142857,20,2,1.66666666666667,1.66666666666667,2.74151327197546,2.59403487436641,0.309036083183273,0.371087216136455,1.655751573146,0.609169283644911,0,FALSE,0.231325546106456,1.38332863955151,2,6,52.8301886792453,-0.904251199633755,-0.0978080154225612,0.10113559056411,4.52356195605701,0.483928277218573
"Psychological Sciences",3.55,0.55,3,20,10,0.15,0.0642857142857143,0.0857142857142857,0.110714285714286,0.0142857142857143,0.645238095238095,0.847619047619048,0.214285714285714,18.8,1.1,0.0614035087719298,11,"Social Sciences",1,1,1,"False",0.142857142857143,0,0,0.0714285714285714,0,0.142857142857143,18,1,0.571428571428571,0.714285714285714,0.0183673469387755,0.0115646258503401,0.019047619047619,0.0408163265306122,0.135526185435788,0.202030508910442,0,TRUE,0.632268215499513,2,1,1,6.14035087719298,-0.511816113544144,0.486516757898007,-1.69855482754272,4.32192809488736,0.275121524462715
"Psychological Sciences",1.61111111111111,0.333333333333333,1.27777777777778,18,14,2.10159503195217,1.44396000824572,0.657635023706452,0.454050711193568,1.00996444032158,6.3679550608122,7.40774582560297,3.62305452484024,21.0714285714286,13.2857142857143,0.543859649122807,6,"Social Sciences",0,0,6,"False",1.91111111111111,1.3,0.4375,0.275,0.8125,3.21111111111111,14,12,6.03888888888889,7.05,1.63460838928159,0.773278751614404,0.535617478882978,3.30679995759097,1.2785180441752,1.81846087601327,1,TRUE,0.415037499278844,1.18762700317577,2,6,54.3859649122807,-0.724437421599021,-0.283244410961586,0.161104005772207,4.16992500144231,0.117711096635806
"Chemical Sciences",1.33333333333333,0.666666666666667,0.666666666666667,15,14,2.01967120181406,1.49665532879819,0.523015873015873,0.276190476190476,1.15907029478458,6.56848072562358,7.84549319727891,3.21743197278912,19.7857142857143,14.7857142857143,0.0758293838862559,10,"Natural Sciences",0,0,1,"False",2.05555555555556,1.19444444444444,0.138888888888889,0,0.714285714285714,2.30555555555556,16.5,14.5,5.33333333333333,6.88888888888889,3.53185533350499,1.91694865288403,0.791784696784697,8.14526092758023,1.87932310513786,2.85399035169712,1,TRUE,0.736965594166206,0.736965594166206,1,1,7.58293838862559,-0.409340303542138,-0.710267040117454,-1.64294934583999,3.90689059560852,-0.154680454201032
"Biological Sciences",3.125,0.125,3,8,10,0.616666666666667,0.452777777777778,0.163888888888889,0.15,0.244444444444444,2.57777777777778,2.89305555555556,1.26527777777778,23.1,5.4,0.00531914893617021,1,"Natural Sciences",0,0,1,"False",0.229166666666667,0.125,0.0833333333333333,0,0.118055555555556,0.708333333333333,20.5,4,1.625,1.625,0.686265432098765,0.624151234567901,0.0474022633744856,2.8927662037037,0.828411390613845,1.70081339473315,0,TRUE,0.169925001442312,2,1,1,0.531914893617021,-0.964348889080722,0.486516757898007,-1.91473567064181,3,-1.09383263466993
"Anthropology",1.65,0.3,1.35,20,12,1.04513888888889,0.666666666666667,0.378472222222222,0.504960317460317,0.354662698412698,1.86309523809524,2.15376984126984,1.08085317460317,25.25,4.58333333333333,0.471014492753623,6,"Social Sciences",1,1,5,"False",0.5,0.154761904761905,0.166666666666667,0.238095238095238,0.196428571428571,0.854166666666667,27,4,1.66666666666667,1.79166666666667,2.30921110552807,2.27435709132138,0.217322835068371,1.3722522310692,1.51960886596784,1.17143170141037,0,FALSE,0.37851162325373,1.23266075679027,2,5,47.1014492753623,-0.760188256809733,-0.240572836505085,-0.119682426767834,4.32192809488736,0.275121524462715
"Biological Sciences",1,0.5625,0.4375,16,71,1.71723675385647,1.00495752291527,0.712279230941203,0.189419852448021,0.812502794545048,4.87515649452269,5.87649228705567,2.53808964900514,19.3380281690141,10.0704225352113,0.555555555555556,9,"Natural Sciences",1,0,6,"False",1.25,1,0.333333333333333,0,0.5,2.33333333333333,15,6,4.55555555555556,5.5,3.02829940850697,1.15897786809038,1.06845226796658,4.92896275372061,1.74020096785026,2.22012674271552,0,TRUE,0.643856189774725,0.523561956057013,2,6,55.5555555555556,-0.50047402394021,-0.91247690498494,0.2061866441556,4,-0.0582587903533156
"Engineering",3.42105263157895,1.42105263157895,2,19,89,3.85817281968967,2.71395576957375,1.14421705011593,0.243686463349385,0.755560014267879,8.67834849295523,9.77478598180846,4.82211521312645,19.2921348314607,16.6516853932584,0.547058823529412,27,"Engineering",1,1,6,"False",1.88888888888889,1,0.625,0,0.285714285714286,3,16,11,6,6.55555555555556,25.7162583485045,14.1856616306058,3.7241181403306,28.9741236298789,5.07112002899799,5.38276171030066,0,TRUE,1.27563444261343,1.58496250072116,2,6,54.7058823529412,0.117898556403051,0.0932494388039798,0.173435433330018,4.24792751344359,0.198488457855317
"Agriculture",0.631578947368421,0.578947368421053,0.0526315789473684,19,48,1.4780505952381,0.964027297747056,0.514023297491039,0.152885251322751,0.49709016528573,4.91274292463808,5.71394137709662,2.46693727792518,19.4583333333333,10.2291666666667,0.313253012048193,11,"Applied Sciences",1,0,4,"False",1,0.625,0.354166666666667,0,0.2,2.05555555555556,19,10,4.25,5.2125,1.82529333153918,1.2001821311071,0.303295784842269,4.26661685003175,1.35103417112195,2.06557905925475,0,TRUE,0.658963082164933,0.0740005814437768,1,3,31.3253012048193,-0.485687683976263,-1.33845720042709,-0.727784400425642,4.24792751344359,0.198488457855317
"Physical Sciences",6,4.44444444444445,1.55555555555556,9,32,0.782043650793651,0.39000496031746,0.39203869047619,0.137276785714286,0.178695436507936,3.38778521825397,3.86006944444444,2.13359375,18.625,5.96875,0.517412935323383,40,"Natural Sciences",3,2,6,"True",0.30952380952381,0,0.211111111111111,0,0,1,12.5,2.5,1.76190476190476,1.92857142857143,1.29935344687457,0.52208469913503,0.311205491119686,10.3480580914321,1.13989185753499,3.21683976775843,0,TRUE,2.4447848426729,1.3536369546147,2,6,51.7412935323383,1.26224081010628,-0.125942266796885,0.0591634130097604,3.16992500144231,-0.91786274768081
"Health",1.875,0.8125,1.0625,16,11,2.27608225108225,1.04981962481962,1.22626262626263,0.242929292929293,0.656818181818182,5.73376623376623,6.4791847041847,3.13759018759019,17.3636363636364,11.5454545454545,0.9,13,"Medicine and Health",2,2,10,"True",1.55555555555556,0.875,0.666666666666667,0.2,0.6,3.11111111111111,14,11,6,7.4,4.46094054204173,0.527385089557709,2.23581323438466,4.04924316864793,2.11209387623792,2.01227313470312,0,TRUE,0.857980995127572,1.04439411935845,3,10,90,-0.290892722579171,-0.418964225009276,1.5338703445465,4,-0.0582587903533156
"Economics",2.86666666666667,1.13333333333333,1.73333333333333,15,19,0.682456140350877,0.132456140350877,0.55,0.21812865497076,0.321637426900585,1.30526315789474,1.46125730994152,0.601315789473684,15.8947368421053,2.21052631578947,0.383233532934132,17,"Social Sciences",3,2,4,"True",0.7,0.125,0.5,0.125,0.2,0.7,10,2,1.25,1.33333333333333,0.249482212475634,0.0130350245469641,0.24605024005487,0.127598052487185,0.499481944093712,0.357208695984833,0,FALSE,1.09310940439148,1.45066140900957,2,4,38.3233532934132,-0.06075349177274,-0.0340070871258223,-0.458039893223662,3.90689059560852,-0.154680454201032
"Political Science",5.14285714285714,0.714285714285714,4.42857142857143,7,19,0.874624060150376,0.295530492898914,0.579093567251462,0.533040935672515,0.341959064327485,1.58771929824561,1.79738930659983,0.921157059314954,18.3157894736842,2.68421052631579,0.296296296296296,5,"Social Sciences",2,1,3,"True",1,0.142857142857143,0.6,0.5,0.125,0.75,14,2,1.4,1.4,0.380264296101807,0.165922983715904,0.174625658797199,0.597080884714726,0.616655735481157,0.772710090988028,0,FALSE,0.777607578663552,2.44057259138598,1,3,29.6296296296296,-0.369560699367774,0.903979763486007,-0.793145173342929,2.8073549220576,-1.29333083862341
"Sociology",1.35,0.2,1.15,20,16,0.966468253968254,0.111855158730159,0.854613095238095,0.735193452380952,0.483606150793651,1.0296875,1.20240575396825,0.650272817460318,17.875,1.5625,0.43046357615894,4,"Social Sciences",1,0,5,"False",0.535714285714286,0,0.535714285714286,0.464285714285714,0.375,0.590277777777778,17,1,1,1,0.693131141345427,0.0255300847190728,0.545165698223734,0.219195572326153,0.832544978571985,0.468183267883585,0,FALSE,0.263034405833794,1.10433665981474,2,5,43.046357615894,-0.87321516868265,-0.362165882146552,-0.275988594183331,4.32192809488736,0.275121524462715
"Geography",2.04347826086957,0.260869565217391,1.78260869565217,23,6,1.4093253968254,0.237896825396825,1.17142857142857,0.785714285714286,0.560119047619048,1.29880952380952,1.46428571428571,0.870833333333333,11.1666666666667,2,0.523809523809524,6,"Social Sciences",0,1,6,"False",1.24285714285714,0.154761904761905,0.871428571428571,0.5,0.5375,0.919642857142857,10.5,1.5,1.51785714285714,1.64285714285714,1.71987551965231,0.0459299414210129,1.64571428571429,0.337757227891156,1.31144024631407,0.58116884628407,0,FALSE,0.334419039070559,1.47643804394299,2,6,52.3809523809524,-0.803345242560413,-0.00958252757844122,0.0838194828292493,4.52356195605701,0.483928277218573
"Psychological Sciences",6.5,2.85714285714286,3.64285714285714,14,40,1.83332341269841,1.07965277777778,0.753670634920635,0.471021825396825,0.791974206349206,3.99039682539683,4.52165674603175,2.35910714285714,20.125,8.275,0.504385964912281,40,"Social Sciences",3,3,6,"True",1.5,0.666666666666667,0.75,0.285714285714286,0.5,1.94444444444444,16,7,3.75694444444444,4,3.9911826792861,2.26877349932732,0.557185993936986,3.14429779468768,1.99779445371292,1.77321679291836,0,TRUE,1.94753258010586,2.21501289097085,2,5,50.4385964912281,0.775539719488645,0.690251464640621,0.00895010122825825,3.8073549220576,-0.257756994306797
"Engineering",9.5,6.16666666666667,3.33333333333333,6,23,2.17632850241546,1.54675638371291,0.629572118702553,0.254572118702553,0.717908902691511,4.94211525189786,5.87715665976535,2.584972394755,18.6086956521739,8.8695652173913,0.4,37,"Engineering",3,2,5,"True",2.22222222222222,1.55555555555556,0.375,0,0.333333333333333,2.88888888888889,19,7,5.125,6,2.57107651928433,1.97968947771613,0.380094680786969,4.01514387503647,1.60345767617494,2.00378239213655,0,TRUE,2.84130225398094,2.11547721741994,2,4,40,1.65034453745029,0.59593678811235,-0.393412446343518,2.58496250072116,-1.52363461333368
"Computational Sciences",7.31034482758621,1.58620689655172,5.72413793103448,29,29,3.06517003867276,2.12151513036268,0.943654908310081,0.153076793140314,0.616892650604084,7.05691883736348,8.27463947123657,3.50193088822853,20.2068965517241,15.7586206896552,0.454081632653061,46,"Formal Sciences",1,2,5,"False",2.75,2.25,0.583333333333333,0.0769230769230769,0.4,4,16,16,7.9,9.18181818181818,5.70741910150291,2.64879946760904,1.28695370292254,4.6146176382878,2.3890205318295,2.148166110497,0,TRUE,1.37083769536831,2.74934931862204,2,5,45.4081632653061,0.211081695896359,1.19656006268728,-0.184951246512557,4.85798099512757,0.83024388712154
"Physical Sciences",2.09090909090909,1.18181818181818,0.909090909090909,22,23,2.12165286404417,1.47465493443754,0.646997929606625,0.294858523119393,0.947446514837819,26.7936162870945,30.5194271911663,14.5954278812975,16.4347826086957,55.6521739130435,0.169154228855721,26,"Natural Sciences",1,1,2,"False",1,0.8,0.125,0.111111111111111,0.25,3.14285714285714,11,9,6.66666666666667,7.1,5.78774659614981,3.36504120433856,1.07789055272233,666.452046139822,2.40577359619516,25.8157325315363,0,TRUE,1.12553088208386,0.932885804141463,1,2,16.9154228855721,-0.0290199638630739,-0.524623535934853,-1.28322261049573,4.4594316186373,0.417516577159516
"Chemical Sciences",8.625,7,1.625,8,21,3.56489040060469,2.64620181405896,0.918688586545729,0.181198034769463,2.14572940287226,10.9644368858655,12.650566893424,5.61296296296296,18.1428571428571,25.2380952380952,0.113744075829384,56,"Natural Sciences",3,2,2,"True",2.28571428571429,2,0.333333333333333,0,1.25,4.875,12,15,8,9,24.1021474650266,11.7571160174387,2.46130840427,23.5852932623667,4.90939379812076,4.8564692176896,0,TRUE,3,1.39231742277876,1,1,11.3744075829384,1.80567488359552,-0.0892907255684105,-1.49680467923221,3,-1.09383263466993
"Psychological Sciences",3.64705882352941,0.823529411764706,2.82352941176471,17,18,1.8625140291807,0.967718855218855,0.89479517396184,0.464267676767677,0.756986531986532,4.2506734006734,4.84906004489338,2.15301627384961,24.6111111111111,9.38888888888889,0.293859649122807,14,"Social Sciences",1,1,3,"False",1.29166666666667,0.958333333333333,0.5,0.215909090909091,0.4,2.125,21.5,7.5,4.08333333333333,4.83333333333333,3.35578085686201,0.39813490107552,2.25973045321672,1.00415492170834,1.83187905082787,1.00207530740376,0,TRUE,0.866733469136536,1.93490497177812,1,3,29.3859649122807,-0.282325966897107,0.424836193419732,-0.802537389672802,4.08746284125034,0.0323154403951519
"Sociology",10.4444444444444,3.66666666666667,6.77777777777778,9,45,1.60913580246914,0.524100529100529,1.08503527336861,0.68820987654321,0.674938271604938,2.11171957671958,2.34452380952381,1.36126984126984,20.6444444444444,3.84444444444444,0.834437086092715,33,"Social Sciences",3,3,9,"True",1.1,0.285714285714286,0.888888888888889,0.5,0.444444444444444,1.11111111111111,17,2,1.5,1.625,2.08844674414846,0.818527890870153,0.934648330113939,1.64363983800591,1.44514592486311,1.28204517783341,0,FALSE,2.22239242133645,2.95935801550265,3,9,83.4437086092715,1.04456732290932,1.39555306296358,1.28115379315827,3.16992500144231,-0.91786274768081
"Engineering",3,2.11764705882353,0.882352941176471,34,43,3.03988808349274,1.77893385684083,1.2609542266519,0.424061210107722,1.14627252592369,5.86118577804624,6.86322108124434,2.99601832276251,22.4883720930233,11.6976744186047,0.765625,72,"Engineering",2,3,8,"True",3,1.66666666666667,1,0.125,1,3,19,9,5.5,5.66666666666667,5.05369634861135,2.65860275990966,1.16880735578015,4.51572340871135,2.24804278175736,2.12502315486475,0,TRUE,1.64045761331286,0.912537158749661,3,9,76.5625,0.4749805617123,-0.543904823130189,1.01591309449481,5.08746284125034,1.06788928471177
"Physical Sciences",4.75,4.375,0.375,8,33,2.26566859066859,1.11937229437229,1.1462962962963,0.274326599326599,0.487542087542088,6.55881433381433,7.52901635401636,3.54772727272727,23.6666666666667,8.27272727272727,0.802197802197802,35,"Natural Sciences",3,2,9,"True",1.77777777777778,0.888888888888889,0.875,0.125,0.333333333333333,3,27,6,4.55555555555556,5.66666666666667,3.71140577878177,1.05427692994285,1.27346386316872,8.61649954405163,1.92650091585282,2.93538746063473,0,TRUE,2.4262647547021,0.459431618637297,3,9,80.2197802197802,1.24411369899533,-0.973243380094946,1.15688535907571,3,-1.09383263466993
"Biological Sciences",12.3333333333333,2.33333333333333,10,9,20,1.05468253968254,0.86484126984127,0.18984126984127,0.052202380952381,0.532202380952381,4.37525793650794,4.89097222222222,2.31361111111111,22.05,8.95,0.321428571428571,21,"Natural Sciences",2,1,4,"True",0.944444444444444,0.409722222222222,0,0,0.285714285714286,1.33928571428571,14,7.5,2.88888888888889,3.43650793650794,1.53870358104255,1.22218816551962,0.135648751508401,4.78691207350387,1.24044491253846,2.18790129427812,0,TRUE,1.73696559416621,3.4594316186373,1,3,32.1428571428571,0.569440744341027,1.86939604244415,-0.696271170626235,3.16992500144231,-0.91786274768081
"Chemical Sciences",2.36,2.16,0.2,25,20,2.82017316017316,2.34033008658009,0.479843073593074,0.0205176767676768,1.31214285714286,12.3700865800866,14.1145472582973,6.69098665223665,20.45,27.1,0.42654028436019,54,"Natural Sciences",2,2,5,"True",2.16666666666667,1.53571428571429,0.182539682539683,0,0.828571428571429,6.58333333333333,21,23.5,13.2738095238095,15.25,5.11151046502083,5.04210707341332,0.542106713457498,25.213514408298,2.26086498159904,5.02130604606989,0,TRUE,1.65992455840238,0.263034405833794,2,4,42.654028436019,0.494034438626103,-1.15933886662563,-0.291111179718076,4.64385618977472,0.608501839278744
"Engineering",24.4375,8.375,16.0625,16,65,5.4341846188,4.35103140449294,1.08315321430706,0.273952713952714,1.753579540118,13.7399865519096,15.6292641973411,7.99100540485156,19.7230769230769,23.4307692307692,0.570588235294118,134,"Engineering",3,3,6,"True",4.5,3.5,0.7,0.1,1.5,6.16666666666667,19,21,10.5,12.375,20.0107950014826,14.6042712686782,1.48453750676906,54.2402950413532,4.47334271004163,7.36480108633989,0,TRUE,3.22881869049588,4.09275714091985,2,6,57.0588235294118,2.02963828125433,2.469501408091,0.264131094077783,4,-0.0582587903533156
"Economics",9.14285714285714,1,8.14285714285714,7,23,0.488871635610766,0.147394755003451,0.341476880607315,0.208868184955141,0.224033816425121,0.983488612836439,1.20617667356798,0.513543823326432,18.3478260869565,2.17391304347826,0.455089820359281,7,"Social Sciences",2,1,5,"True",0.375,0,0.2,0,0.125,0.5,16,2,1,1,0.199574521837721,0.052485753597296,0.162252168361123,0.185995532197654,0.446737643184141,0.431271993291536,0,FALSE,1,3.1926450779424,2,5,45.5089820359281,-0.151887212170812,1.6166033964501,-0.181065120880186,2.8073549220576,-1.29333083862341
"Computational Sciences",124.785714285714,6,118.785714285714,14,40,3.1426253485077,2.17323617558912,0.969389172918585,0.247607800696036,0.479207573472279,7.61437799945153,8.86145457483693,4.01521663793723,15.7,16.825,0.581632653061224,84,"Formal Sciences",3,3,6,"True",2.1875,1.58173076923077,0.416666666666667,0.0916666666666667,0.275,3.27083333333333,12.5,14.5,6.58333333333333,7.6375,7.88759539714073,4.59871920429672,1.53727957015357,13.3887077307431,2.80848631777702,3.65905831201732,0,TRUE,2.8073549220576,6.90431205150674,2,7,58.1632653061224,1.61711753233753,5.13358035058022,0.306702526673673,3.8073549220576,-0.257756994306797
"Computational Sciences",13.8888888888889,2.33333333333333,11.5555555555556,9,3,0,0,0,0,0,0.666666666666667,1.6,0,8.66666666666667,2,0.413265306122449,21,"Formal Sciences",2,1,5,"True",0,0,0,0,0,0,9,0,0,0,0,0,0,0,0,0,0,TRUE,1.73696559416621,3.65025396097288,2,4,41.3265306122449,0.569440744341027,2.05020908011894,-0.34228045393215,3.16992500144231,-0.91786274768081
"Health",4,0,4,5,24,0.358333333333333,0.17281746031746,0.185515873015873,0.135515873015873,0.108928571428571,1.21825396825397,1.3781746031746,0.535515873015873,12.0416666666667,1.125,0.315217391304348,0,"Medicine and Health",0,0,4,"False",0.2,0,0,0,0,0.30952380952381,8,1,0.916666666666667,1,0.223224391205758,0.0920900703276479,0.0848831295803345,0.452274433928161,0.472466285787417,0.672513519513296,0,TRUE,0,2.32192809488736,1,3,31.5217391304348,-1.13066826005398,0.791558589147915,-0.720212571755304,2.32192809488736,-1.79602616417052
"Mathematical Sciences",3.7,0.7,3,10,20,1.50880952380952,0.549980158730159,0.958829365079365,0.699345238095238,0.487460317460317,2.08585317460317,2.27744047619048,1.22563492063492,23.5,3.6,0.587939698492462,7,"Formal Sciences",2,1,6,"True",1.17142857142857,0.133928571428571,0.366666666666667,0.171428571428571,0.25,0.746031746031746,21,3,1.41666666666667,1.70714285714286,3.60116752860988,0.729088436617337,2.10057083639986,2.59536369694076,1.89767424196301,1.61101325163413,1,FALSE,0.765534746362977,2,2,7,58.7939698492462,-0.381377358817849,0.486516757898007,0.331013446915645,3.32192809488736,-0.760452319853902
"Economics",1.29166666666667,0,1.29166666666667,24,21,0.751322751322751,0.12037037037037,0.630952380952381,0.47713529856387,0.262282690854119,1.11479591836735,1.22004913076342,0.584561602418745,18.1428571428571,1.85714285714286,0.604790419161677,0,"Social Sciences",0,0,7,"False",1,0,0.666666666666667,0.333333333333333,0.125,0.5,19,1,1,1,0.303131036365163,0.0558899176954733,0.242457168052406,0.184424003287382,0.55057337055579,0.429446158775908,1,FALSE,0,1.1963972128035,2,7,60.4790419161677,-1.13066826005398,-0.274934229751011,0.395965654835389,4.58496250072116,0.547513075299553
"Physical Sciences",3.71428571428571,2,1.71428571428571,7,17,1.99733893557423,1.17488328664799,0.822455648926237,0.460924369747899,0.743930905695611,6.11540616246499,6.83543417366947,3.64666199813259,20.5882352941176,12.1176470588235,0.81592039800995,14,"Natural Sciences",2,0,9,"True",1.75,0.625,0.6,0.285714285714286,0.333333333333333,2.8,13,9,4.75,5.125,2.63463964405207,1.59656865639774,0.821368182689743,6.96431033987669,1.62315730724168,2.63899798027143,1,TRUE,1.58496250072116,1.44057259138598,3,9,81.592039800995,0.420662997257398,-0.0435667106936912,1.20978000458589,2.8073549220576,-1.29333083862341
"Psychological Sciences",3.15384615384615,1.38461538461538,1.76923076923077,13,21,2.87411351013836,1.57648953301127,1.29762397712708,0.409345525649873,1.501357257879,5.20880163659667,5.76198609878734,2.85340957639094,24,9.95238095238095,0.723684210526316,18,"Social Sciences",2,2,8,"True",2,0.9,0.875,0.166666666666667,0.555555555555556,2,19,6,3.22222222222222,3.77777777777778,11.7266633045837,6.89693115407205,1.3037381491514,6.61541268916916,3.42442160146552,2.57204445707479,1,TRUE,1.25375659224578,1.46948528330122,3,8,72.3684210526316,0.0964849310947768,-0.0161705914103629,0.854249570916863,3.70043971814109,-0.368475583042514
"Engineering",4.8,2.3,2.5,10,67,2.54887467424781,1.67299810471452,0.875876569533286,0.388172234067756,0.750645581615731,5.07157664060649,5.85801942667614,2.75194266761431,18.7462686567164,9.26865671641791,0.601226993865031,23,"Engineering",2,1,7,"True",2,1.14285714285714,0.666666666666667,0.142857142857143,0.555555555555556,2.57142857142857,18,8,4,4.66666666666667,4.64451256516896,3.27072204677556,0.731875513149796,4.56266527775071,2.15511312120013,2.13603962457411,1,TRUE,1.72246602447109,1.8073549220576,2,7,60.1226993865031,0.555248840320987,0.303976593525617,0.382230198333693,3.32192809488736,-0.760452319853902
"Health",64.3333333333333,6.33333333333333,58,3,21,0.519444444444444,0.336148904006047,0.183295540438398,0.143121693121693,0.0806878306878307,2.18346560846561,2.5078798185941,1.07724867724868,20.6666666666667,5.23809523809524,0.583333333333333,19,"Medicine and Health",3,2,6,"True",0.333333333333333,0.2,0.125,0,0,0.833333333333333,21,5,1.66666666666667,2,0.187073176492819,0.170120888522958,0.068395485398745,0.906754666372722,0.432519567757136,0.952236665106276,1,TRUE,2.87446911791614,5.88264304936184,2,7,58.3333333333333,1.68280763528778,4.16550148981913,0.313257910316156,1.58496250072116,-2.55920845765029
"Sociology",0.0294117647058824,0.0294117647058824,0,34,12,1.50132275132275,0.176256613756614,1.32506613756614,1.11474867724868,0.931547619047619,1.85284391534392,2.05257936507937,1.06547619047619,13.75,3.66666666666667,0.245033112582781,1,"Social Sciences",0,0,3,"False",1.5,0.154761904761905,1.13888888888889,1.125,0.75,0.845238095238095,11.5,2,1,1,0.742525405223818,0.0488429027615536,0.833953074776488,0.621279404017499,0.861699138460645,0.788212791077066,1,FALSE,0.0418201756946269,0,1,3,24.5033112582781,-1.08973546466493,-1.40857619046139,-0.99074247689751,5.08746284125034,1.06788928471177
"Psychological Sciences",1.39393939393939,0.515151515151515,0.878787878787879,33,18,1.18858024691358,0.553703703703704,0.634876543209877,0.419907407407407,0.507253086419753,2.26311728395062,2.48472222222222,1.31697530864198,17,3.5,0.570175438596491,17,"Social Sciences",1,1,6,"False",1,0.4375,0.422222222222222,0.25,0.3125,1.25,15,3.5,2.3125,2.52777777777778,1.36571068345033,0.250990377632534,0.66063382554668,0.940448337771322,1.16863624941653,0.96976715647176,1,TRUE,0.599462070416271,0.909802191028422,2,6,57.0175438596491,-0.543926146605727,-0.546496332151444,0.26253994213484,5.04439411935845,1.02328844281238
"Biological Sciences",3.72727272727273,0.545454545454545,3.18181818181818,11,8,2.5,1.125,1.375,0.125,0.625,10,15.8125,3.8125,23.25,25.25,0.511111111111111,6,"Natural Sciences",1,0,6,"False",2,0.5,1,0,0,1.5,22.5,24,6,13,3.14285714285714,2.33928571428571,0.625,20.0669642857143,1.77281052085584,4.47961653333344,1,TRUE,0.628031222613042,2.06413033741972,2,5,51.1111111111111,-0.515963201881438,0.547283233008013,0.0348726182987087,3.4594316186373,-0.6180572671571
"Political Science",0.280701754385965,0.12280701754386,0.157894736842105,57,10,1.62321428571429,0,1.62321428571429,0.930357142857143,1.18035714285714,0.825,0.851785714285714,0.676785714285714,9.1,0.8,0.512345679012346,7,"Social Sciences",0,1,6,"False",1,0,1,0.5625,0.928571428571429,0.660714285714286,7,1,1,1,2.18172123015873,0,2.18172123015873,0.100372023809524,1.47706507309554,0.316815441242254,1,FALSE,0.167109985835258,0.211504105193712,2,6,51.2345679012346,-0.967104173006402,-1.20816622131056,0.0396313412391781,5.83289001416474,1.8398341678248
"Sociology",1.4,0,1.4,20,16,0.891294642857143,0.217708333333333,0.673586309523809,0.4484375,0.264831349206349,1.56959325396825,1.81929563492063,0.810044642857143,18.625,3.0625,0.218543046357616,0,"Social Sciences",0,0,3,"False",0.881944444444444,0.118055555555556,0.583333333333333,0.291666666666667,0.25,0.666666666666667,18,2,1.25396825396825,1.66964285714286,0.385673878154657,0.0683918467078189,0.3146851215409,0.330038920776644,0.62102647137997,0.574490139842838,0,FALSE,0,1.26303440583379,1,2,21.8543046357616,-1.13066826005398,-0.211792392445928,-1.09285017442811,4.32192809488736,0.275121524462715
"Engineering",3.14285714285714,1.28571428571429,1.85714285714286,14,17,5.54808590102708,4.3531746031746,1.19491129785247,0.480742296918768,0.739962651727358,9.9265873015873,11.2469654528478,5.58216619981326,18.6470588235294,21.5294117647059,0.205882352941176,18,"Engineering",1,1,3,"False",3.55555555555556,2.75,0.888888888888889,0.166666666666667,0.5,4.11111111111111,18,19,8.125,10.125,34.4583552460336,27.9781160438713,1.00811047798749,26.0967173617132,5.87012395491216,5.10849462774634,0,TRUE,1.1926450779424,1.51457317282976,1,2,20.5882352941176,0.0366701390871805,0.0265522793406068,-1.14165164751258,3.8073549220576,-0.257756994306797
"Health",0,0,0,13,17,0.396218487394958,0.245798319327731,0.150420168067227,0.236554621848739,0.117647058823529,2.1312324929972,2.40140056022409,0.700140056022409,14.5882352941176,3.70588235294118,0.195652173913043,0,"Medicine and Health",0,0,2,"False",0.285714285714286,0.166666666666667,0,0.166666666666667,0,0.571428571428571,14,4,2,2,0.159439525810324,0.0829602674403094,0.0517128934907296,0.457936841403228,0.399298792648217,0.676710308332323,0,TRUE,0,0,1,2,19.5652173913043,-1.13066826005398,-1.40857619046139,-1.18108454348987,3.70043971814109,-0.368475583042514
"Biological Sciences",3.5,0.75,2.75,16,31,2.32258064516129,1.33870967741935,0.983870967741935,0.32258064516129,0.67741935483871,5.61290322580645,6.64516129032258,2.7741935483871,18.6129032258065,10.5806451612903,0.457446808510638,12,"Natural Sciences",1,1,5,"False",2,1,0.5,0,0.5,2,17,9,5,5,2.8758064516129,2.48978494623656,1.19139784946237,5.04731182795699,1.69582028871367,2.24662231537857,0,TRUE,0.807354922057604,1.90689059560852,2,5,45.7446808510638,-0.340444563428804,0.398291270053887,-0.171979955475303,4,-0.0582587903533156
"Chemical Sciences",1.125,0.625,0.5,16,40,2.48256403318903,1.9323060966811,0.550257936507937,0.169541847041847,1.37263347763348,7.46444624819625,8.68985209235209,3.82815386002886,21,17.95,0.0491803278688525,10,"Natural Sciences",0,0,1,"False",1.66666666666667,1.22619047619048,0.2,0,1,3,17.5,12.5,6.1,7.1,13.9035327123699,8.63932831051074,1.00137525397148,12.9119804999853,3.72874411999133,3.5933244356703,0,TRUE,0.700439718141092,0.584962500721156,1,1,4.91803278688525,-0.44509113875285,-0.854297035375718,-1.7456698799516,4,-0.0582587903533156
"Anthropology",1.11538461538462,0.153846153846154,0.961538461538462,26,15,0.861798941798942,0.187407407407407,0.674391534391534,0.642645502645503,0.262010582010582,1.6842328042328,1.90063492063492,0.796719576719577,19.6666666666667,3.26666666666667,0.231884057971014,4,"Social Sciences",0,0,3,"False",0.8,0,0.285714285714286,0.428571428571429,0.2,0.8,20,2,1,1.14285714285714,0.658598231532472,0.0553404839890101,0.512135790471391,0.377458325834743,0.811540653037463,0.614376371481475,0,FALSE,0.206450877467426,0.971985623830404,1,3,23.1884057971014,-0.92859805387001,-0.487574639647536,-1.04142637023697,4.70043971814109,0.667098261274102
"Engineering",1.60606060606061,0.575757575757576,1.03030303030303,33,41,1.58535617499032,0.961885404568331,0.62347077042199,0.283865660085172,0.53034262485482,3.18143631436314,3.60785907859079,1.83723383662408,17.5609756097561,5.58536585365854,0.153284671532847,19,"Engineering",0,1,2,"False",1.3,0.666666666666667,0.4,0,0.25,1.875,16,5,2.875,3.14285714285714,2.20300703739038,0.979611866584936,0.615495681854494,2.15320261638983,1.48425302337249,1.46737950660006,0,TRUE,0.656045598782639,1.02169507109932,1,2,15.3284671532847,-0.488543261418367,-0.440472628154453,-1.34439285995056,5.04439411935845,1.02328844281238
"Physical Sciences",3.66666666666667,2.08333333333333,1.58333333333333,12,26,0.995970695970696,0.266849816849817,0.729120879120879,0.221611721611722,0.255555555555556,2.01712454212454,2.22431318681319,1.13365384615385,18.3076923076923,3.30769230769231,0.228855721393035,25,"Natural Sciences",2,1,3,"True",0.611111111111111,0.0555555555555556,0,0,0.0555555555555556,0.866071428571429,11,3,1.51785714285714,1.58035714285714,3.79993566001899,0.196278020039925,2.71899254317111,1.52049473443223,1.94934236603502,1.23308342557681,0,TRUE,1.62449086490779,1.36923380966572,1,2,22.8855721393035,0.459352610977102,-0.111163521785001,-1.0530992921805,3.58496250072116,-0.488060769017063
"Psychological Sciences",2.03125,1.5,0.53125,32,36,2.55656565656566,1.26616362033029,1.29040203623537,0.798757415424082,0.736895743145743,5.13800705467372,5.82391273849607,2.97609227192561,19.2222222222222,8.58333333333333,0.482456140350877,48,"Social Sciences",2,3,5,"True",2.25,1.05555555555556,0.9375,0.5,0.535714285714286,3,19.5,8.5,5,5.16666666666667,2.97904335288272,0.570305683609994,1.57786375333751,2.36575623371649,1.72599054252412,1.53810150306034,0,TRUE,1.32192809488736,0.614709844115208,2,5,48.2456140350877,0.163209905886072,-0.826110045026471,-0.0755798457406022,5,0.9773150539633
"Political Science",2.28571428571429,0.214285714285714,2.07142857142857,14,17,1.01727357609711,0.0696778711484594,0.947595704948646,0.798576097105509,0.597759103641457,0.877987861811391,0.929458450046685,0.637021475256769,15.5294117647059,1.58823529411765,0.216049382716049,3,"Social Sciences",1,0,3,"False",0.666666666666667,0,0.5,0.5,0.333333333333333,0.666666666666667,14,1,1,1,1.15286434944348,0.0147672402294251,1.0402012564285,0.214350902397996,1.07371520872319,0.46298045574084,0,FALSE,0.280107919192735,1.61890983264449,1,2,21.6049382716049,-0.856503937386138,0.125416113475747,-1.10246216447343,3.8073549220576,-0.257756994306797
"Biological Sciences",0.705882352941177,0.529411764705882,0.176470588235294,17,120,2.11580802299552,1.19190686628187,0.923901156713657,0.181913248788249,0.602233021608022,6.9603837019462,8.27660721223221,3.42654077404077,20.4083333333333,16.1666666666667,0.311111111111111,9,"Natural Sciences",0,0,4,"False",1.23214285714286,0.6,0.236111111111111,0,0.279220779220779,2.17424242424242,18,11,4.78030303030303,5.70833333333333,10.3165258462761,2.57832464622883,4.21213260303386,11.8080002443974,3.21193490691765,3.43627709074768,0,TRUE,0.612976876890753,0.234465253637023,1,3,31.1111111111111,-0.530698110162696,-1.18640946605998,-0.736040498057299,4.08746284125034,0.0323154403951519
"Medical Sciences",1.19354838709677,1.06451612903226,0.129032258064516,31,29,4.9202380952381,2.67692939244663,2.24330870279146,0.487178434592228,1.30346195949644,14.3281472359059,16.5080733442802,7.5822249589491,17.551724137931,29.9310344827586,0.583333333333333,33,"Medicine and Health",1,2,6,"False",3.125,1.88888888888889,1,0.333333333333333,0.6,6.8,13,22,11.6666666666667,13.1111111111111,30.0200479384876,8.20269170585585,9.63815038337448,31.8605683936592,5.47905538742652,5.64451666608039,0,TRUE,1.04580368961312,0.175086706558091,2,7,58.3333333333333,-0.107055428854362,-1.24267339898653,0.313257910316156,4.95419631038687,0.929881951026751
"Chemical Sciences",7.4,2.4,5,5,19,1.35910609857978,1.07433166248956,0.284774436090226,0.121031746031746,0.77280701754386,5.57577276524645,6.5078320802005,2.81416040100251,19.6842105263158,7.52631578947368,0.14218009478673,12,"Natural Sciences",2,0,2,"True",1,0.75,0,0,0.375,3.42857142857143,16,7,6.57142857142857,6.85714285714286,1.44116460684339,1.07058019184499,0.198651689666553,4.11152242470521,1.20048515477843,2.02768893687005,0,TRUE,1.76553474636298,2.58496250072116,1,1,14.218009478673,0.597403689065316,1.04079591298368,-1.38719617927638,2.32192809488736,-1.79602616417052
"Engineering",0.606060606060606,0.363636363636364,0.242424242424242,33,18,1.28331128747795,0.711022927689595,0.57228835978836,0.166115520282187,0.42255291005291,3.01108906525573,3.51688712522046,1.66172839506173,18.7222222222222,6.55555555555556,0.0364963503649635,12,"Engineering",0,0,1,"False",1.08333333333333,0.5,0.354166666666667,0,0.333333333333333,1.4375,16,5.5,2.41428571428571,2.82857142857143,0.746057968969481,0.33650476034035,0.301762339194937,0.942779504806038,0.863746472623467,0.970968333575322,0,TRUE,0.447458976971221,0.31315788525963,1,1,3.64963503649635,-0.692703893689355,-1.11184454042206,-1.79456110307816,5.04439411935845,1.02328844281238
"Mathematical Sciences",2.125,0.1875,1.9375,16,14,1.13945578231293,0.5,0.639455782312925,0.363945578231292,0.393707482993197,3.17091836734694,3.6390306122449,1.53146258503401,15.3571428571429,5.57142857142857,0.206030150753769,3,"Formal Sciences",1,1,3,"False",1.0625,0.30952380952381,0.547619047619048,0.0625,0.333333333333333,0.928571428571429,9.5,4,1.98809523809524,2.28571428571429,0.55507977000324,0.347783664747951,0.308840889835788,2.16256447633999,0.745036757484649,1.47056603943515,0,FALSE,0.247927513443585,1.55458885167764,1,2,20.6030150753769,-0.888001508646596,0.0644689947448221,-1.1410819511511,4,-0.0582587903533156
"Psychological Sciences",4.66666666666667,3.11111111111111,1.55555555555556,9,36,1.37310405643739,0.855853174603175,0.517250881834215,0.148963844797178,0.616479276895944,6.17239858906526,7.10505952380952,2.76446208112875,19.5555555555556,11.4722222222222,0.28169014084507,28,"Social Sciences",3,2,3,"True",1.19444444444444,0.75,0.330357142857143,0,0.388888888888889,2.70634920634921,16.5,10,5.66666666666667,6.66666666666667,0.952814482877219,0.417637965437498,0.371845071501558,3.53249759245262,0.976122165959374,1.87949397244381,0,TRUE,2.03952836418664,1.3536369546147,1,3,28.169014084507,0.865583449432057,-0.125942266796885,-0.849445557427353,3.16992500144231,-0.91786274768081
"Computational Sciences",2.33333333333333,1.77777777777778,0.555555555555556,18,12,2.15853174603175,1.42569444444444,0.732837301587302,0.263888888888889,0.206944444444444,5.28779761904762,6.36299603174603,2.66150793650794,18.9166666666667,10.4166666666667,0.459183673469388,32,"Formal Sciences",2,2,5,"True",1.35,0.65,0.4,0.133333333333333,0.05,1.95,15.5,6,3.2,4.15,6.32749686490758,4.7193618476431,0.474205694272659,6.28517504981791,2.51545162245422,2.50702513944673,0,TRUE,1.47393118833241,0.637429920615292,2,5,45.9183673469388,0.3119876529697,-0.804581716645724,-0.165285095585107,4.16992500144231,0.117711096635806
"Sociology",0.807692307692308,0.653846153846154,0.153846153846154,26,1,0,0,0,0,0,0,0,0,15,0,0.112582781456954,17,"Social Sciences",2,2,2,"True",0,0,0,0,0,0,15,0,0,0,NA,NA,NA,NA,NA,NA,0,FALSE,0.725825036561006,0.206450877467426,1,1,11.2582781456954,-0.420244470188959,-1.21295438942582,-1.5012809645505,4.70043971814109,0.667098261274102
"Chemical Sciences",1.75,0.75,1,8,11,0.766214516708588,0.429168163851958,0.33704635285663,0.121541501976285,0.299242424242424,3.35180859983232,4.05285064079531,1.54557432027788,21,7,0.222748815165877,6,"Natural Sciences",1,0,3,"False",0.666666666666667,0.454545454545455,0.217391304347826,0,0,1.86363636363636,21,5,3,3.5,0.470577734314035,0.142223388803752,0.329776766221006,1.57479908473651,0.685986686688623,1.25490999069117,0,TRUE,0.807354922057604,1,1,2,22.2748815165877,-0.340444563428804,-0.461029716281691,-1.07663876273486,3,-1.09383263466993
"Anthropology",3.5,0.5,3,8,10,0.533333333333333,0.225,0.308333333333333,0.154166666666667,0,1.7125,1.78333333333333,0.879166666666667,13.5,2.5,0.181159420289855,4,"Social Sciences",1,0,2,"False",0.4375,0,0,0,0,0.458333333333333,12.5,1.5,1.5,1.5,0.287731481481482,0.145138888888889,0.234259259259259,1.06730324074074,0.536406078900567,1.03310369312124,0,FALSE,0.584962500721156,2,1,2,18.1159420289855,-0.558118050625767,0.486516757898007,-1.23694781279103,3,-1.09383263466993
"Biological Sciences",7.875,4.625,3.25,8,41,1.47723577235772,0.690068806532221,0.787166965825502,0.212271671418013,0.523382782529124,3.4890059127864,4.17979182064548,1.82872804702073,17.2682926829268,7.58536585365854,0.452127659574468,37,"Natural Sciences",3,2,5,"True",1.2,0.454545454545455,0.5,0.0909090909090909,0.25,1.28571428571429,16,6,2.90909090909091,4,1.91613636958951,0.563102568358022,0.915060103067913,3.2355898829702,1.38424577643911,1.79877455034537,0,TRUE,2.49185309632967,2.08746284125034,2,5,45.2127659574468,1.30831032474249,0.569391864746505,-0.192482963889026,3,-1.09383263466993
"Engineering",3.3,2.33333333333333,0.966666666666667,30,71,3.33173180497124,2.15568512082597,1.17604668414528,0.411450521309676,0.785252423632705,6.58794331646444,7.77019185822003,3.44572129748186,16.5915492957746,13.6901408450704,0.390625,70,"Engineering",2,3,4,"True",2,1.25,0.5,0.125,0.571428571428571,3.18181818181818,12,9,6,7,15.4569941046385,7.12928538791401,3.0958596067759,7.14291725752381,3.93153838905822,2.67262366552491,0,TRUE,1.73696559416621,0.975752453753323,2,4,39.0625,0.569440744341027,-0.484005393235239,-0.429548998672706,4.90689059560852,0.880893390115584
"Computational Sciences",21.7,8,13.7,10,17,2.65210932857992,1.37352941176471,1.27857991681521,0.230926916221034,0.617647058823529,6.46247771836007,7.60715983363042,2.94055258467023,14.0588235294118,9.11764705882353,0.76530612244898,80,"Formal Sciences",3,3,8,"True",2,1,0.777777777777778,0,0.181818181818182,3.2,11,10,6.36363636363636,7.09090909090909,5.0064610191337,1.89317949248876,1.41781903819838,2.96369728741665,2.23751223887909,1.72153922041197,0,TRUE,3.16992500144231,3.877744249949,3,9,76.530612244898,1.97199425456877,2.26576670134839,1.01468396006184,3.32192809488736,-0.760452319853902
"Medical Sciences",1.03333333333333,0.233333333333333,0.8,30,18,3.10581461929501,1.59247372324539,1.51334089604962,0.412825085461075,0.711232511339248,12.2296094179791,13.5528962159259,5.17891095759138,18.7222222222222,20.6666666666667,0.375,7,"Medicine and Health",0,1,4,"False",2.53125,1.36538461538462,1.25652841781874,0.0606617647058824,0.473557692307692,5.12179487179487,17,16.5,9.20588235294118,10.341628959276,4.8634676870505,2.33225799693809,1.20145067118514,12.2547137753679,2.20532711565665,3.50067333171319,0,TRUE,0.302562770020431,0.84799690655495,2,4,37.5,-0.834525554962946,-0.605059711539955,-0.489776585888019,4.90689059560852,0.880893390115584
"Computational Sciences",2.2,1.2,1,15,19,2.88924394319131,1.98408521303258,0.90515873015873,0.405179615705931,0.329197994987469,5.85728905597327,6.60100250626567,3.15244360902256,16.4736842105263,10.2631578947368,0.137755102040816,18,"Formal Sciences",1,1,2,"False",2.5,1.375,0.375,0.25,0.166666666666667,2.85714285714286,17,7,5.28571428571429,6.28571428571429,5.2831058217634,2.24336200860028,1.87271039794519,3.28957402968768,2.2985007769769,1.81371828840305,0,TRUE,1.13750352374994,1,1,1,13.7755102040816,-0.0173013691072225,-0.461029716281691,-1.40425260401441,3.90689059560852,-0.154680454201032
"Economics",1.07692307692308,0.846153846153846,0.230769230769231,13,14,1.25124716553288,0.359438775510204,0.891808390022676,0.634155328798186,0.300283446712018,1.90331632653061,2.05909863945578,1.08715986394558,16,3.07142857142857,0.203592814371257,11,"Social Sciences",2,2,3,"True",1.07142857142857,0.236111111111111,0.825,0.619047619047619,0.225,1.14285714285714,13,3.5,1.92857142857143,1.92857142857143,0.847066177712436,0.132254689676033,0.61864850686917,0.309389635229346,0.920361981892144,0.556228042469405,0,FALSE,0.884522782580064,0.299560281858908,1,2,20.3592814371257,-0.264914124043729,-1.1247289015817,-1.15047682408235,3.70043971814109,-0.368475583042514
"Physical Sciences",0.851063829787234,0.595744680851064,0.25531914893617,47,27,2.09139142750254,1.50958126235904,0.581810165143498,0.200852439741329,0.981771417882529,7.00919378974935,8.05619154508043,3.53469215969216,19.8888888888889,13.7777777777778,0.208955223880597,28,"Natural Sciences",0,2,3,"False",1.625,1.11111111111111,0.285714285714286,0,0.444444444444444,2.88888888888889,18,11,6.4,7.5,5.36933813812732,3.37743865364426,0.576000499553891,9.43644606706025,2.31718323361087,3.07187989137926,0,TRUE,0.674229838818243,0.328054197684204,1,2,20.8955223880597,-0.470744871901359,-1.09772959210587,-1.12980706495224,5.55458885167764,1.55163276311025
"Anthropology",2.8,0.5,2.3,10,13,1.3481684981685,0.205860805860806,1.14230769230769,0.437179487179487,0.644230769230769,1.37344322344322,1.49111721611722,0.832600732600733,20.1538461538462,2.07692307692308,0.239130434782609,5,"Social Sciences",1,0,3,"False",0.8,0,0.571428571428571,0.333333333333333,0.25,0.75,17,1,1,1,2.25125605049712,0.116820545525903,1.90540358451073,0.376420667626025,1.50041862508339,0.613531309409736,0,FALSE,0.584962500721156,1.72246602447109,1,3,23.9130434782609,-0.558118050625767,0.223540417920515,-1.01349473558639,3.32192809488736,-0.760452319853902
"Biological Sciences",0.285714285714286,0.214285714285714,0.0714285714285714,14,36,1.28616622574956,0.677921075837743,0.608245149911817,0.194631834215168,0.628042328042328,2.79415784832451,3.09846781305115,1.68279320987654,22.3611111111111,5.55555555555556,0.526595744680851,3,"Natural Sciences",0,0,6,"False",1.12698412698413,0.535714285714286,0.333333333333333,0,0.5,1.59821428571429,18.5,5,2.70833333333333,3,1.65150549934112,0.523828889543766,0.66488857494791,1.61644225923026,1.28510913907774,1.27139382538624,0,TRUE,0.280107919192735,0.0995356735509144,2,6,52.6595744680851,-0.856503937386138,-1.31426151393312,0.0945591539031042,3.8073549220576,-0.257756994306797
"Engineering",3.78947368421053,3.05263157894737,0.736842105263158,19,63,2.4015306122449,1.59371378180902,0.807816830435878,0.312925170068027,0.511337868480725,5.55363441672965,6.45035273368607,3.13419627110103,17.5238095238095,9.50793650793651,0.111764705882353,58,"Engineering",2,3,2,"True",2,1,0.4,0.2,0.333333333333333,2.25,15,7,4,4.75,4.63486241078613,2.49897664666462,1.45300095211133,8.52718163315942,2.15287305960805,2.92013383822718,0,TRUE,2.01885902725132,0.796466605914868,1,1,11.1764705882353,0.845352694167453,-0.653887066224885,-1.50443429050365,4.24792751344359,0.198488457855317
"Chemical Sciences",1.26666666666667,1.2,0.0666666666666667,15,45,1.55292945326279,1.16666666666667,0.38626278659612,0.108485008818342,0.789492063492063,5.72557319223986,6.69092945326279,2.5132380952381,23.0888888888889,11.1111111111111,0.10655737704918,18,"Natural Sciences",1,1,2,"False",1.44444444444444,1,0.142857142857143,0,0.75,2.28571428571429,23,9,5.125,6.44444444444444,1.70388430959889,0.872663490059324,0.348923319310515,2.94517795517534,1.30532919587317,1.71615207810244,0,TRUE,1.13750352374994,0.0931094043914815,1,1,10.655737704918,-0.0173013691072225,-1.32035070261727,-1.524506280997,3.90689059560852,-0.154680454201032
"Economics",0.846153846153846,0.538461538461538,0.307692307692308,91,19,1.68216374269006,0.594131161236424,1.08803258145363,0.540350877192982,0.766311612364244,2.3500417710944,2.72589807852966,1.24398496240602,22.3684210526316,4.78947368421053,0.971428571428571,49,"Social Sciences",2,3,10,"True",1.14285714285714,0.25,0.75,0.333333333333333,0.25,1.125,15,3,2.11111111111111,2.22222222222222,5.87789713112882,0.86872610962297,2.56666565646185,1.34410665755364,2.42443748756878,1.15935613922282,0,FALSE,0.62148837674627,0.387023123109247,3,10,97.1428571428571,-0.522367215415055,-1.04185379473321,1.80919645753079,6.5077946401987,2.53874774595385
"Engineering",6.36363636363636,2.72727272727273,3.63636363636364,11,28,1.82430555555556,0.793608276643991,1.03069727891156,0.383801020408163,0.658857709750567,3.61081349206349,4.1453798185941,1.86835317460317,20.2857142857143,5.53571428571429,0.969230769230769,30,"Engineering",2,2,10,"True",1.42777777777778,0.577777777777778,0.714285714285714,0.211111111111111,0.5,1.70833333333333,16,4.5,3.47222222222222,3.89444444444444,2.12371017311245,0.605189365024375,1.0624217338807,1.06180803571429,1.4572954995856,1.03044069975632,0,TRUE,1.89812038598079,2.2129937233342,3,10,96.9230769230769,0.727176000344695,0.688338209465733,1.80072488482358,3.4594316186373,-0.6180572671571
"Mathematical Sciences",2.15384615384615,1.88461538461538,0.269230769230769,26,18,2.32292768959436,0.384700176366843,1.93822751322751,0.944951499118166,0.705070546737213,2.80965608465609,3.36377865961199,1.51011904761905,18.4444444444444,5.61111111111111,0.981132075471698,49,"Formal Sciences",3,3,10,"True",1.75,0.225,1,0.4375,0.422222222222222,1.20535714285714,10,3.5,2,2.27678571428571,7.10711596778629,0.205685667271024,7.19269700472782,0.705044522438605,2.66591747205091,0.839669293495127,0,FALSE,1.52837897235479,0.343954401217361,3,10,98.1132075471698,0.365280112070038,-1.08266341030929,1.84659925023809,4.70043971814109,0.667098261274102
"Biological Sciences",23.4,18.8,4.6,5,126,1.6012843858082,0.973028470647518,0.628255915160677,0.152989074417646,0.909215740168121,5.58055355138689,6.61329250555441,2.74988146773861,26.6031746031746,12.5555555555556,0.978723404255319,94,"Natural Sciences",3,3,10,"True",1.22222222222222,0.591666666666667,0.5,0,0.666666666666667,1.9375,26,9,4.2,5,1.66829571330871,1.13622474348343,0.337735615106674,5.86925613875005,1.29162522169115,2.42265477085573,0,TRUE,4.30742852519225,2.48542682717024,3,10,97.8723404255319,3.08536114551553,0.946481236455407,1.83731486906961,2.32192809488736,-1.79602616417052
"Economics",4.09090909090909,0.954545454545455,3.13636363636364,22,30,0.874799182299183,0.176101491101491,0.698697691197691,0.421529581529582,0.413835978835979,1.29921837421837,1.43203944203944,0.728893698893699,18.5666666666667,2.16666666666667,0.820359281437126,21,"Social Sciences",2,2,9,"True",0.666666666666667,0.05,0.535714285714286,0.154761904761905,0.25,0.666666666666667,17,2,1,1.08333333333333,0.581643657651025,0.072223854792472,0.476478287677599,0.230517762564884,0.762655661259408,0.480122653667669,0,FALSE,0.966833136064801,2.0483630215614,3,9,82.0359281437126,-0.184350310008304,0.532342968459187,1.22688997186582,4.4594316186373,0.417516577159516
"Computational Sciences",7.23809523809524,5.28571428571429,1.95238095238095,21,32,4.02208243145743,2.65539772727273,1.3666847041847,0.25488677988678,1.20122551060051,8.25011897824398,9.71243686868687,4.2735511016761,23.15625,21.0625,0.760204081632653,111,"Formal Sciences",3,3,8,"True",2.85,1.6969696969697,1,0.148351648351648,0.454545454545455,3.14646464646465,24,15.5,6.42272727272727,7.49090909090909,26.0220580167381,14.8654497228126,2.35566085200789,18.4458657268521,5.10118202152581,4.29486504175068,0,TRUE,2.65207669657969,1.56187888760812,3,9,76.0204081632653,1.46513414809082,0.0713766425873895,0.995017809134394,4.39231742277876,0.348014871346073
"Chemical Sciences",1.33333333333333,1.04444444444444,0.288888888888889,45,26,3.88817571317571,2.51662504162504,1.37155067155067,0.174682262182262,1.97854229104229,8.58196664446664,9.8856795981796,4.29187617937618,25.7307692307692,15.5,0.745901639344262,47,"Natural Sciences",1,2,8,"False",3.4125,2.1,1,0.118055555555556,1.71103896103896,4.60555555555556,27.5,10,8.3,9.0625,8.97120390800477,5.17499226044118,1.30836582481972,8.52906784751444,2.99519680622238,2.92045678747597,0,TRUE,1.03170885972734,0.366127898797897,3,8,74.5901639344262,-0.120851181219707,-1.06165299085662,0.939888107354168,5.49185309632967,1.48666525576845
"Anthropology",1.3125,0.375,0.9375,32,22,1.07164502164502,0.307088744588745,0.764556277056277,0.477940115440115,0.546861471861472,2.06650432900433,2.3877886002886,1.07896825396825,20.8636363636364,4.63636363636364,0.91304347826087,12,"Social Sciences",1,2,10,"False",0.833333333333333,0,0.6125,0.267857142857143,0.5,0.8375,16.5,1,1,1,0.774096775715256,0.23065145195885,0.366519955043906,1.2238066143565,0.879827696606134,1.10625793301404,0,FALSE,0.459431618637297,0.954196310386875,3,10,91.304347826087,-0.680985298933504,-0.504430840879028,1.58414728691755,5,0.9773150539633
"Sociology",11,4,7,5,19,1.04250208855472,0.0976399331662489,0.944862155388471,0.778091060985798,0.569862155388471,1.08886800334169,1.15528404344194,0.724937343358396,17.3684210526316,1.31578947368421,0.708609271523179,20,"Social Sciences",3,2,8,"True",1,0,1,0.625,0.5,0.666666666666667,20,1,1,1,0.461398020330073,0.0554866967904771,0.400803964644121,0.185744297177394,0.67926285069189,0.430980622740041,0,FALSE,2.32192809488736,3,3,8,70.8609271523179,1.14199095376924,1.43406323207771,0.796142229887938,2.32192809488736,-1.79602616417052
"Political Science",3.05882352941176,1.17647058823529,1.88235294117647,17,25,1.00603174603175,0.23484126984127,0.771190476190476,0.57984126984127,0.385714285714286,1.56142857142857,1.78825396825397,0.813571428571429,20.08,3.2,0.771604938271605,20,"Social Sciences",2,2,8,"True",0.833333333333333,0.142857142857143,0.444444444444444,0.428571428571429,0.333333333333333,0.888888888888889,17,3,1.5,1.66666666666667,0.776608389497774,0.05896934313849,0.669186101137986,0.239470308956916,0.881253873465402,0.489357036280175,0,FALSE,1.12199052437861,1.52724700286487,3,9,77.1604938271605,-0.0324851988876984,0.0385613223047286,1.03896315873771,4.08746284125034,0.0323154403951519
"Psychological Sciences",5.93333333333333,3.53333333333333,2.4,15,45,2.49281305114638,1.07276014109347,1.42005291005291,0.558756613756614,1.07873897707231,4.9455114638448,5.66850088183421,2.63016754850088,16.8222222222222,5.86666666666667,0.780701754385965,53,"Social Sciences",3,3,8,"True",2,0.777777777777778,1,0.4,0.8,2.125,14,5,4,4.625,3.50084718516101,0.935780674914934,1.78677687876497,2.86689416478338,1.8710550994455,1.69319052819917,0,TRUE,2.18057224564182,1.76553474636298,3,9,78.0701754385965,1.00363452752027,0.264350033496597,1.0740274330359,3.90689059560852,-0.154680454201032
"Chemical Sciences",10.75,5.125,5.625,8,19,2.12127667653983,1.43478203083466,0.686494645705172,0.101965140123035,1.23035049745576,5.69848294979874,6.57561517429938,3.20115060378218,21.3157894736842,11.2631578947368,0.672131147540984,41,"Natural Sciences",3,2,7,"True",1.66666666666667,1.1,0.25,0,1.14285714285714,2.4,20,10,4.6,5.2,3.89155502587936,1.79469955838059,1.43565878632325,9.75680850930321,1.97270246765177,3.12358904296055,0,TRUE,2.61470984411521,2.7279204545632,3,8,67.2131147540984,1.42856018107953,1.17625521810265,0.655534908698263,3,-1.09383263466993
"Biological Sciences",4.03703703703704,3.07407407407407,0.962962962962963,27,33,2.61947698765881,1.86716431716432,0.752312670494488,0.146322532686169,1.0836963541509,9.9666736462191,12.0497350292805,4.52666323575415,16.030303030303,17.5151515151515,0.328767123287671,83,"Natural Sciences",3,3,4,"True",2.14285714285714,1.11111111111111,0.5,0,0.6,2.75,12,12,6.22222222222222,7.71428571428571,7.84782771122095,4.19660837754831,0.874762481278982,16.3431426577541,2.80139745684559,4.04266529133369,0,TRUE,2.02647221136119,0.973032952399731,1,3,32.8767123287671,0.852804334488244,-0.486582247154362,-0.667984241210041,4.75488750216347,0.723482962288675
"Mathematical Sciences",1.38095238095238,0.428571428571429,0.952380952380952,21,10,2.52559523809524,0.672619047619048,1.85297619047619,0.413690476190476,0.814880952380952,3.46785714285714,4.07559523809524,1.9172619047619,18.5,7.7,0.679245283018868,9,"Formal Sciences",2,2,7,"True",2.0625,0.5625,1.46428571428571,0.291666666666667,0.535714285714286,1.8125,13,6.5,3.07142857142857,3.58333333333333,1.67938279478458,0.345025510204082,1.06862599206349,0.775679091080877,1.29591002572886,0.880726456444268,0,FALSE,0.514573172829758,0.965234581839324,3,8,67.9245283018868,-0.627013790739101,-0.493971565683223,0.682956810455437,4.39231742277876,0.348014871346073
"Economics",7.8,3.13333333333333,4.66666666666667,15,38,0.623851294903926,0.103007518796992,0.520843776106934,0.314567669172932,0.209043441938179,0.973454469507101,1.08699874686717,0.52672305764411,18.8421052631579,1.60526315789474,0.922155688622754,47,"Social Sciences",3,3,10,"True",0.535714285714286,0,0.428571428571429,0.25,0.142857142857143,0.472222222222222,13.5,1,1,1,0.471838409748811,0.0330838034597433,0.349324015655469,0.189343938124483,0.686904949573673,0.435136689012181,0,FALSE,2.04730571477836,2.50250034052918,3,10,92.2155688622754,0.873195772793975,0.962659183840533,1.61927089935241,3.90689059560852,-0.154680454201032
"Engineering",1.8,0.466666666666667,1.33333333333333,30,48,4.1646862974988,3.073556998557,1.0911292989418,0.224727182539683,2.0545897967773,10.7053015271765,12.4006921897547,5.919589496152,25.7708333333333,25.8541666666667,0.921875,14,"Engineering",0,1,10,"False",3.53333333333333,2.49166666666667,0.733333333333333,0.0916666666666667,1.4375,5.02083333333333,26.5,19,9.25,9.91666666666667,12.4828060001853,7.69366324469403,1.35233148531369,27.6131999278859,3.53310147040603,5.25482634612086,0,TRUE,0.552541023028779,1.22239242133645,3,10,92.1875,-0.589851578535432,-0.250302561560054,1.61818896664794,4.90689059560852,0.880893390115584
"Medical Sciences",4.6,3.33333333333333,1.26666666666667,30,24,3.00429894179894,1.36736111111111,1.63693783068783,0.429960317460317,1.10800264550265,6.53981481481481,7.42744708994709,3.59854497354497,20.4583333333333,12.25,0.895833333333333,100,"Medicine and Health",3,3,9,"True",2.20833333333333,1,1.25396825396825,0,0.619047619047619,3.41666666666667,18.5,12,5.78571428571429,6.39285714285714,6.36372358148842,2.56392702753404,2.23550067255834,7.40361802155108,2.52264218261101,2.72095902606987,0,TRUE,2.11547721741994,1.18057224564182,3,10,89.5833333333333,0.93992074758527,-0.289929121589073,1.51780965462242,4.90689059560852,0.880893390115584
"Mathematical Sciences",6.58333333333333,3.16666666666667,3.41666666666667,12,8,2.77430555555556,1.21354166666667,1.56076388888889,0.213541666666667,1.22743055555556,5.34548611111111,6.19965277777778,2.83159722222222,12.125,6.5,0.858490566037736,38,"Formal Sciences",3,3,9,"True",2.625,1,1.13888888888889,0.111111111111111,1.22222222222222,2.33333333333333,12,5,5.16666666666667,6.61111111111111,4.28316523368607,1.57864514440035,3.14792424492945,3.63626749889771,2.06958093190048,1.90689997086835,0,FALSE,2.05889368905357,2.14295795384204,3,9,85.8490566037736,0.88453786239791,0.621976063016979,1.37386950907639,3.58496250072116,-0.488060769017063
"Computational Sciences",11.3928571428571,4.96428571428571,6.42857142857143,28,38,4.23645828466791,2.67953554104361,1.55692274362431,0.570710379955532,0.875256988227495,8.92346963638719,10.442400884606,4.88402667865149,22.1052631578947,21.7894736842105,0.959183673469388,139,"Formal Sciences",3,3,10,"True",3.05,1.55769230769231,1,0.183333333333333,0.4,3.45384615384615,20.5,11.5,6.31666666666667,7.5,20.3275808362026,10.9336270287154,3.21987913363245,24.0920636418508,4.50861185246664,4.9083666979812,0,TRUE,2.57634937041645,2.89308479608349,3,10,95.9183673469388,1.39101367643537,1.33275610757041,1.76199769530491,4.8073549220576,0.777816850009819
"Political Science",1.53333333333333,0.333333333333333,1.2,30,22,1.58991702741703,0.439844877344877,1.15007215007215,0.972041847041847,0.603084415584416,1.53400072150072,1.6525974025974,0.984397546897547,14.7727272727273,2.63636363636364,0.611111111111111,10,"Social Sciences",1,1,7,"False",1.33333333333333,0,1.12698412698413,0.928571428571429,0.330357142857143,0.817460317460317,15,1,1,1,1.92426400825281,1.9300469210652,0.549700485854114,0.592581455481824,1.38717843417954,0.769793125119875,0,FALSE,0.415037499278844,1.13750352374994,2,7,61.1111111111111,-0.724437421599021,-0.330738737165155,0.420329176476713,4.90689059560852,0.880893390115584
"Engineering",2.74074074074074,1.51851851851852,1.22222222222222,27,18,2.96637004970338,1.40754369087702,1.55882635882636,0.189421997755331,1.29430415263749,4.62655523488857,5.32912057078724,2.66677088343755,15.0555555555556,7.27777777777778,0.558282208588957,41,"Engineering",1,2,6,"False",2.10606060606061,0.875,0.783333333333333,0,1,2.79166666666667,11,5,3.2,3.88571428571429,9.34227879758508,1.71692558028551,4.31306034014463,3.33342484482144,3.05651415792322,1.8257669196317,0,TRUE,1.33257533908687,1.15200309344505,2,6,55.8282208588957,0.173631226720735,-0.316999721023426,0.216696707091605,4.75488750216347,0.723482962288675
"Sociology",20.3333333333333,7,13.3333333333333,3,22,1.22490981240981,0.216901154401154,1.00800865800866,0.634415584415584,0.56729797979798,1.84020562770563,2.06002886002886,0.894408369408369,26.8181818181818,2.90909090909091,0.602649006622517,21,"Social Sciences",3,2,7,"True",1,0.171428571428571,0.55,0.563492063492063,0.388888888888889,0.8875,30,2,1.45535714285714,1.61904761904762,1.18792332439229,0.0558586584585734,1.25017001758215,0.24901565869253,1.08991895313013,0.499014687852502,0,FALSE,3,3.84130225398094,2,7,60.2649006622517,1.80567488359552,2.23123621655678,0.38771143976555,1.58496250072116,-2.55920845765029
"Chemical Sciences",4.72,3.44,1.28,25,58,4.08958053440812,2.98775563516943,1.10182489923869,0.216626237746927,2.44733791113101,10.8371280539384,12.6158425386874,5.61154587749415,17.9310344827586,23.9310344827586,0.691943127962085,86,"Natural Sciences",2,3,7,"True",2.85714285714286,2,0.527777777777778,0,1.40178571428571,4.125,14,17.5,7.75,9.04545454545455,20.8027330087931,14.1410830459931,1.8252242009488,17.0744668175434,4.56100131646474,4.13212618606249,0,TRUE,2.15055967657538,1.18903382439002,3,8,69.1943127962085,0.974258793719755,-0.281911382480226,0.731901486536342,4.64385618977472,0.608501839278744
"Physical Sciences",5.84210526315789,4,1.84210526315789,19,35,2.0481746031746,1.16647392290249,0.881700680272109,0.284081632653061,0.886598639455783,9.30696145124716,10.5964965986395,5.93877551020408,20.5142857142857,19.6285714285714,0.741293532338308,76,"Natural Sciences",3,3,8,"True",1.85714285714286,0.875,0.4,0.111111111111111,0.555555555555556,2.33333333333333,17,9,4.11111111111111,4.77777777777778,2.68846871341129,1.76624423261368,1.04241563080259,98.0419044059422,1.63965505927658,9.90161120252367,0,TRUE,2.32192809488736,1.50695998871988,3,8,74.1293532338308,1.14199095376924,0.0193384335800139,0.922125856691859,4.24792751344359,0.198488457855317
"Computational Sciences",38.5,23.5,15,4,30,3.70340067340067,2.6262962962963,1.07710437710438,0.143518518518519,0.724292929292929,8.91498316498317,10.2623484848485,5.11078282828283,14.6333333333333,11.8333333333333,0.63265306122449,94,"Formal Sciences",3,3,7,"True",3.16666666666667,2.3,0.784090909090909,0,0.5,4,12,10.5,8.36666666666667,9.2,5.84521633846886,3.40642301072961,1.15657741791537,12.7388701414616,2.41768822193203,3.56915538208434,0,TRUE,4.61470984411521,4,3,7,63.265306122449,3.38612227684586,2.3816097062574,0.503364035948165,2,-2.12940647898655
"Economics",3.05,0,3.05,20,25,0.853650793650794,0.106603174603175,0.747047619047619,0.367079365079365,0.310269841269841,1.34873015873016,1.4948253968254,0.858761904761905,19.92,1.96,0.634730538922156,0,"Social Sciences",0,0,7,"False",0.8,0,0.8,0.222222222222222,0.2,0.555555555555556,23,1,1,1,0.636922542936928,0.0510830666834635,0.444379397098345,2.39926315560175,0.798074271566831,1.54895550471979,0,FALSE,0,2.01792190799726,3,7,63.4730538922156,-1.13066826005398,0.503498598631386,0.511371809978503,4.32192809488736,0.275121524462715
"Mathematical Sciences",3.42857142857143,1.71428571428571,1.71428571428571,21,38,1.79154135338346,0.547326649958229,1.24421470342523,0.802067669172932,0.552694235588972,2.28064954051796,2.51068295739348,1.38240392648287,19.0526315789474,3.97368421052632,0.623115577889447,36,"Formal Sciences",3,3,7,"True",1.38095238095238,0.292857142857143,1,0.5,0.5,1,12,3,1.92857142857143,2,2.65594794714156,0.778960386272416,1.66347873069991,1.35905322223853,1.62970793307929,1.16578438068046,0,FALSE,1.44057259138598,1.44057259138598,2,7,62.3115577889447,0.279336890494561,-0.0435667106936912,0.466601180948109,4.39231742277876,0.348014871346073
"Sociology",1.69047619047619,0.523809523809524,1.16666666666667,42,22,0.841450216450216,0.100721500721501,0.740728715728716,0.59724025974026,0.558910533910534,1.19049422799423,1.29507575757576,0.696969696969697,26.1363636363636,1.86363636363636,0.788079470198676,22,"Social Sciences",1,2,8,"False",0.844444444444444,0,0.757142857142857,0.571428571428571,0.428571428571429,0.746031746031746,27,1.5,1,1,0.288075422729618,0.0247310651052148,0.304861314254738,0.16196300413704,0.536726580979196,0.402446274845526,0,FALSE,0.60768257722124,1.11547721741994,3,9,78.8079470198676,-0.535880070341029,-0.351609686067348,1.10246532247973,5.39231742277876,1.38358871566269
"Physical Sciences",3.57894736842105,3.44736842105263,0.131578947368421,38,41,2.08562717770035,1.00202284165699,1.08360433604336,0.417305458768873,0.913801780874952,6.84342818428184,7.96983159117306,3.73308168795974,25.5365853658537,14.8780487804878,0.940298507462687,131,"Natural Sciences",2,3,10,"True",1.5,0.444444444444444,0.571428571428571,0.142857142857143,0.444444444444444,1.33333333333333,26,7,2.66666666666667,3,4.92378785204235,1.56643226257305,1.60660225685803,72.4258717463159,2.21896098479499,8.51033910877328,0,TRUE,2.1529519228386,0.178337241258512,3,10,94.0298507462687,0.976600279024062,-1.23959336629195,1.68920358440928,5.24792751344359,1.23406230217193
"Economics",2.43478260869565,0.347826086956522,2.08695652173913,46,23,0.961473429951691,0.226811594202899,0.734661835748792,0.451432022084196,0.329106280193237,1.66273291925466,1.84711870255349,0.906815044858523,22.4347826086957,2.78260869565217,0.826347305389222,16,"Social Sciences",1,2,9,"False",0.857142857142857,0.166666666666667,0.571428571428571,0.285714285714286,0.333333333333333,0.875,22,2,1.33333333333333,1.5,1.02383716577687,0.0606939122816452,0.788539528056868,0.522639299058812,1.01184839070726,0.722937963492589,0,FALSE,0.430634354329862,1.62618516344767,3,9,82.6347305389222,-0.709171515468504,0.132309827526786,1.24997120289444,5.52356195605701,1.51950212153519
"Political Science",3.22222222222222,1.11111111111111,2.11111111111111,18,17,0.836624649859944,0.149159663865546,0.687464985994398,0.537605042016807,0.539985994397759,1.26505602240896,1.4187675070028,0.715756302521008,23.5294117647059,2.41176470588235,0.790123456790123,20,"Social Sciences",2,2,8,"True",0.666666666666667,0,0.571428571428571,0.5,0.5,0.571428571428571,23,1,1,1,0.24999637354942,0.0707087522509004,0.239026204231693,0.253373463968921,0.499996373536269,0.503362159850063,0,FALSE,1.07800251200127,1.63742992061529,3,9,79.0123456790123,-0.0755398317366865,0.142964757533974,1.11034400284474,4.16992500144231,0.117711096635806
"Engineering",17.2857142857143,11.3571428571429,5.92857142857143,14,40,5.72733523421023,3.96428335553336,1.76305187867688,0.276369047619048,1.72989711677212,11.0018663974914,12.7787701187701,6.54643752081252,21.75,25.6,0.929411764705882,159,"Engineering",3,3,10,"True",3.85,2.875,1.05,0.125,0.9375,4.28181818181818,20.5,15,7.48181818181818,8.58928571428572,21.8839982082147,11.8394669955458,5.663690663883,27.6023755983158,4.67803358348512,5.25379630346627,0,TRUE,3.62727330557912,2.79255792012952,3,10,92.9411764705882,2.41963810693939,1.23750222069993,1.64723992048121,3.8073549220576,-0.257756994306797
"Biological Sciences",3.91666666666667,3.16666666666667,0.75,12,22,0.798250360750361,0.507359307359307,0.290891053391053,0.0941558441558441,0.313221500721501,4.13546176046176,4.92279942279942,1.80775613275613,29,9.5,0.547619047619048,38,"Natural Sciences",3,2,6,"True",0.598214285714286,0.236111111111111,0.2,0,0.154761904761905,1.125,32,6.5,2.67777777777778,3.51111111111111,0.520566483387487,0.279456378110006,0.106078799344814,2.88466147955094,0.721502933734498,1.69842912114428,0,TRUE,2.05889368905357,0.807354922057604,2,6,54.7619047619048,0.88453786239791,-0.643569880654081,0.175594853824012,3.58496250072116,-0.488060769017063
"Anthropology",1.41666666666667,0.222222222222222,1.19444444444444,36,17,1.66652661064426,0.582959850606909,1.08356676003735,0.494934640522876,0.873272642390289,2.05634920634921,2.22079831932773,1.29397759103641,18.8235294117647,3.41176470588235,0.840579710144927,8,"Social Sciences",0,1,9,"False",1,0,0.666666666666667,0.444444444444444,0.625,0.666666666666667,16,1,1,1,6.4246566543284,1.18468916270212,2.45479708086938,1.69219829135358,2.53469064272712,1.3008452219052,0,FALSE,0.289506617194985,1.13385574673479,3,9,84.0579710144928,-0.847304669906759,-0.334195175414449,1.30483094041175,5.16992500144231,1.15328494095242
"Mathematical Sciences",4.54545454545455,3.18181818181818,1.36363636363636,11,26,0.904777167277167,0.314163614163614,0.590613553113553,0.329410866910867,0.391849816849817,1.35836385836386,1.52458791208791,0.771367521367521,28.1923076923077,2.61538461538462,0.834170854271357,35,"Formal Sciences",3,3,9,"True",0.563492063492063,0.125,0.380952380952381,0.2,0.194444444444444,0.571428571428571,27,2,1.11111111111111,1.23611111111111,0.844011369120298,0.268291783437021,0.315305038325872,0.467639829835068,0.918700913856244,0.683841962616413,0,FALSE,2.06413033741972,1.24100809950379,3,9,83.4170854271357,0.889663394573123,-0.23266334134812,1.28012758514289,3.4594316186373,-0.6180572671571
"Geography",1.7027027027027,1.05405405405405,0.648648648648649,37,17,2.19325396825397,0.781886087768441,1.41136788048553,0.20093370681606,0.509990662931839,2.89017273576097,3.28342670401494,1.66914098972923,17.9411764705882,4.47058823529412,0.952380952380952,39,"Social Sciences",3,3,10,"True",0.5,0.5,0,0,0.4,1.16666666666667,19,4,2,2.33333333333333,8.27047390715546,0.862411835104412,4.54887630978317,2.50669799401242,2.87584316456156,1.5832555049683,0,FALSE,1.03847414781464,0.721283971933937,3,10,95.2380952380952,-0.114229445456391,-0.725126105973059,1.73577616073498,5.20945336562895,1.19421948101273
"Chemical Sciences",1.6078431372549,1.15686274509804,0.450980392156863,51,30,3.38427248677249,2.74160052910053,0.642671957671958,0.169166666666667,2.11544973544974,10.9778703703704,12.8055687830688,5.73525132275132,21.6,26.1,0.687203791469194,59,"Natural Sciences",1,2,7,"False",2.05,1.73333333333333,0.316666666666667,0,1.3375,5,14.5,14,9.67361111111111,11.1875,15.2997790145539,9.94700283971613,1.00543632042004,20.1607935539584,3.91149319500289,4.49007723251599,0,TRUE,1.10893437155316,0.537028023657454,3,8,68.7203791469194,-0.0452643138315119,-0.899717180109076,0.71363340321037,5.6724253419715,1.67366115036464
"Psychological Sciences",4.2,1.33333333333333,2.86666666666667,15,33,1.50667388167388,0.497438672438672,1.00923520923521,0.823821548821549,0.616378066378066,2.49562289562289,2.84561087061087,1.32876382876383,25.030303030303,2.96969696969697,0.710526315789474,20,"Social Sciences",2,2,8,"True",1.4,0.5,1,0.5,0.5,1.25,25,2,2.28571428571429,2.71428571428571,1.53668881541463,0.225568045821022,0.921082316396676,0.568595158584618,1.23963253241218,0.75405249060302,0,TRUE,1.22239242133645,1.95109039951905,3,8,71.0526315789474,0.0657862750261509,0.440172638408749,0.803531602735547,3.90689059560852,-0.154680454201032
"Anthropology",2.5,1.78571428571429,0.714285714285714,14,19,0.678111946532999,0.0413533834586466,0.636758563074353,0.381662489557226,0.367355889724311,0.76624895572264,0.846971595655806,0.45233918128655,22.8421052631579,1.21052631578947,0.768115942028985,25,"Social Sciences",3,3,8,"True",0.555555555555556,0,0.5,0.375,0.25,0.428571428571429,20,1,0.75,0.888888888888889,0.412783521303258,0.00793837271750806,0.3898215197385,0.127262095383963,0.642482312054782,0.35673813278645,0,FALSE,1.47804729680464,0.777607578663552,3,9,76.8115942028985,0.316016421933352,-0.671756871003328,1.02551459390595,3.8073549220576,-0.257756994306797
"Biological Sciences",1.47272727272727,0.981818181818182,0.490909090909091,55,62,1.96092549923195,1.10017804775869,0.860747451473258,0.254564655774333,0.941095866499092,6.29329004329004,7.45166527021366,2.96030582320905,22.6129032258065,12.758064516129,0.25,54,"Natural Sciences",1,3,3,"False",1.07142857142857,0.5,0.380952380952381,0,0.5,2,19,9,4.84523809523809,5.92424242424242,7.18834176815888,3.33192526334576,1.49131433160827,8.81591542628272,2.68110830966578,2.96916072759336,0,TRUE,0.986824611252267,0.576192291093424,1,3,25,-0.164783032975586,-0.862607216586292,-0.971597283610524,5.78135971352466,1.78647073629216
"Engineering",0.739130434782609,0.173913043478261,0.565217391304348,23,40,3.22829494478951,2.38102613871636,0.847268806073154,0.170152260179434,1.13687327467219,8.32749784334023,9.58156271566598,4.45500129399586,15.15,14.475,0.28125,4,"Engineering",0,0,3,"False",2.61111111111111,2,0.577380952380952,0.05,0.788888888888889,4.30952380952381,11.5,11.5,7.5625,8.875,5.30593831777194,3.54655926897154,1.05139471941061,7.21623978629486,2.30346224578827,2.68630597406454,0,TRUE,0.231325546106456,0.646363045385299,1,3,28.125,-0.904251199633755,-0.796117165766496,-0.851142109179897,4.52356195605701,0.483928277218573
"Political Science",15.8666666666667,15.3333333333333,0.533333333333333,15,32,0.85625,0.05703125,0.79921875,0.627777777777778,0.603794642857143,0.928125,1.01432291666667,0.591232638888889,15.46875,1.1875,0.969135802469136,230,"Social Sciences",3,3,10,"True",0.65,0,0.633333333333333,0.45,0.316666666666667,0.6,13.5,1,1,1,0.579372759856631,0.0237773717517921,0.533675445228495,0.182568752177917,0.761165395861261,0.427280648026467,1,FALSE,4.02974734339405,0.616671360448494,3,10,96.9135802469136,2.81357206741765,-0.82425141714082,1.80035882921278,3.90689059560852,-0.154680454201032
"Anthropology",3.59574468085106,3.12765957446809,0.468085106382979,47,16,0.698065476190476,0.028125,0.669940476190476,0.601488095238095,0.491517857142857,0.819940476190476,0.893080357142857,0.512276785714286,21.1875,1.1875,0.992753623188406,147,"Social Sciences",3,3,10,"True",0.69047619047619,0,0.69047619047619,0.583333333333333,0.5,0.535714285714286,14.5,1,0.828571428571429,0.928571428571429,0.112190074640968,0.00390625,0.125563586545729,0.0374655553193499,0.334947868542207,0.19356021109554,1,FALSE,2.04532399050949,0.553935605100532,3,10,99.2753623188406,0.871256098637479,-0.883696460925782,1.89139526807393,5.55458885167764,1.55163276311025
"Health",0.607142857142857,0.607142857142857,0,28,15,0.909206349206349,0.631428571428571,0.277777777777778,0.252777777777778,0.257380952380952,2.53285714285714,3.30095238095238,1.06968253968254,17.6,4.66666666666667,0.641304347826087,17,"Medicine and Health",2,2,7,"True",0.25,0.166666666666667,0,0,0.125,0.571428571428571,21,4,1.71428571428571,2,3.43692975920527,1.37362666018788,0.705026455026455,2.48891842133679,1.85389583288956,1.57763063526821,0,TRUE,0.684498174272071,0,3,7,64.1304347826087,-0.460694419765846,-1.40857619046139,0.536710987520796,4.8073549220576,0.777816850009819
"Biological Sciences",1.02040816326531,0.673469387755102,0.346938775510204,49,4,0.0416666666666667,0,0.0416666666666667,0,0,5.08333333333333,6.08333333333333,0.75,21.25,11,0.438356164383562,33,"Natural Sciences",1,2,5,"False",0,0,0,0,0,0,22.5,9.5,5,5.66666666666667,0.00694444444444444,0,0.00694444444444444,2.25,0.0833333333333333,1.5,0,TRUE,0.742842160502876,0.429684275243245,2,5,43.8356164383562,-0.403588431785178,-1.00143037044419,-0.245566095261544,5.61470984411521,1.61389249037295
"Physical Sciences",3.6,1.46666666666667,2.13333333333333,15,25,1.14736507936508,0.64452380952381,0.50284126984127,0.236761904761905,0.280587301587302,4.62111111111111,5.29831746031746,2.55193650793651,24.56,9.16,0.562189054726368,22,"Natural Sciences",1,1,6,"False",0.5,0.333333333333333,0.125,0,0,1.3,29,4,2,2.2,2.48747782134459,0.67426882558579,1.09190528260687,9.23574015442597,1.57717399843663,3.0390360567828,0,TRUE,1.30256277002043,1.64769825606912,2,6,56.2189054726368,0.144255492920219,0.152694482588942,0.23175590174618,3.90689059560852,-0.154680454201032
"Mathematical Sciences",8,1.36363636363636,6.63636363636364,11,38,1.52485380116959,0.394715956558062,1.13013784461153,0.519319131161236,0.544632414369256,2.21193609022556,2.45320593149541,1.38527568922306,22.3421052631579,4.28947368421053,0.4321608040201,15,"Formal Sciences",3,2,5,"True",1.35,0.166666666666667,0.894444444444444,0.316666666666667,0.25,1,21,2.5,1.5,1.775,1.25539768868403,0.345930080635594,0.882478966614305,2.20760205604817,1.12044530820742,1.48580014000813,0,FALSE,1.24100809950379,2.93288580414146,2,5,43.21608040201,0.0840069480098425,1.37046941242454,-0.269446518085265,3.4594316186373,-0.6180572671571
"Geography",4.71428571428571,1.14285714285714,3.57142857142857,7,6,2.01421957671958,1.31977513227513,0.694444444444444,0.416666666666667,0.366402116402116,7.2228835978836,8.04298941798942,4.30092592592593,19.8333333333333,14.8333333333333,0.345238095238095,8,"Social Sciences",3,1,4,"True",1.13888888888889,0.674603174603175,0,0.25,0.238095238095238,3.77777777777778,21,12,6.27777777777778,6.66666666666667,4.56598390127656,4.64246097358697,1.29351851851852,12.4964248971193,2.13681630031141,3.53502827387835,0,FALSE,1.09953567355091,2.1926450779424,1,4,34.5238095238095,-0.0544635813108911,0.669056922270398,-0.604495799631472,2.8073549220576,-1.29333083862341
"Political Science",0.605263157894737,0.105263157894737,0.5,38,15,0.68047619047619,0.0228571428571429,0.657619047619048,0.547142857142857,0.29,0.920952380952381,1.0652380952381,0.51031746031746,18.2666666666667,1.33333333333333,0.555555555555556,4,"Social Sciences",0,1,6,"False",0.571428571428571,0,0.5,0.5,0.285714285714286,0.5,18,1,1,1,0.309638969873664,0.00375510204081633,0.289347424684159,0.126961181297916,0.556452127207421,0.356316125509239,0,FALSE,0.144389909335175,0.584962500721156,2,6,55.5555555555556,-0.989342153291139,-0.854297035375718,0.2061866441556,5.24792751344359,1.23406230217193
"Psychological Sciences",1.58333333333333,0.958333333333333,0.625,24,31,1.9955069124424,1.29431643625192,0.701190476190476,0.417972350230415,0.468637992831541,5.91249359959037,6.78141321044547,3.13373015873016,19.2903225806452,10.5161290322581,0.526315789473684,23,"Social Sciences",1,2,6,"False",1.22222222222222,0.833333333333333,0.5,0.222222222222222,0.2,2.5,14,7,4.125,5,3.14582047731478,1.57784277512279,0.725575050390526,7.06239859956328,1.77364609697504,2.65751737521381,0,TRUE,0.969626350956481,0.700439718141092,2,6,52.6315789473684,-0.181616364209662,-0.744877005161375,0.0934800481971187,4.58496250072116,0.547513075299553
"Chemical Sciences",4.57142857142857,1.80952380952381,2.76190476190476,21,27,2.45127865961199,2.10364491475603,0.347633744855967,0.0381687242798354,1.32236919459142,9.60806878306878,11.3068489124045,4.65526161081717,23.5185185185185,17.2962962962963,0.611374407582938,38,"Natural Sciences",1,2,7,"False",2,1.33333333333333,0.25,0,0.777777777777778,5.11111111111111,23,13,8.75,9,5.2115100240001,4.20799335519794,0.155367226794696,11.026586921146,2.28287319490157,3.32063050054444,0,TRUE,1.49032562658308,1.91146332539834,2,7,61.1374407582938,0.328034218420146,0.402624144043612,0.421344069994822,4.39231742277876,0.348014871346073
"Geography",5.72727272727273,1.45454545454545,4.27272727272727,11,23,1.63040027605245,0.608781918564527,1.02161835748792,0.59120082815735,0.547394755003451,2.27563837129055,2.417977915804,1.3889751552795,17.0434782608696,2.52173913043478,0.892857142857143,16,"Social Sciences",3,3,9,"True",1.33333333333333,0.166666666666667,1,0.333333333333333,0.375,0.857142857142857,13,2,1.42857142857143,1.71428571428571,2.99081675226085,1.13575116677472,0.967286439645394,2.4997929544384,1.72939780046722,1.58107335517312,0,FALSE,1.29545588352617,2.39854937649027,3,10,89.2857142857143,0.137299407110181,0.864160814377884,1.50633773324807,3.4594316186373,-0.6180572671571
"Biological Sciences",7.3,3.7,3.6,10,103,1.99011228792782,1.31956247635859,0.670549811569229,0.128640776699029,1.08002441194189,6.39836523482781,7.49876112247706,3.16220982361759,22.9902912621359,12.7281553398058,0.527777777777778,37,"Natural Sciences",3,2,6,"True",1.75,1,0.333333333333333,0,0.888888888888889,2.55555555555556,21,10,5,6.44444444444444,2.80897447559543,1.91664309360093,0.791096966560687,7.06668912437378,1.67599954522531,2.6583244956878,0,TRUE,2.23266075679027,2.20163386116965,2,6,52.7777777777778,1.05461777504483,0.677574212124548,0.0991153779950429,3.32192809488736,-0.760452319853902
"Engineering",143,59.5,83.5,2,45,3.85906525573192,2.71143738977072,1.1476278659612,0.292275132275132,0.922178130511464,7.19885361552028,8.1026278659612,4.07832451499118,18.4888888888889,14.4666666666667,0.829411764705882,119,"Engineering",3,3,9,"True",2.25,1.2,0.666666666666667,0.1,0.333333333333333,3,16,10,5.33333333333333,5.66666666666667,31.8205067608881,16.7672773174552,5.41863029020999,16.0015677343796,5.64096682855768,4.00019596199731,0,TRUE,5.91886323727459,6.40087943628218,3,9,82.9411764705882,4.66260290160279,4.65655455103713,1.26178336230321,1,-3.16498032330316
"Geography",0.846153846153846,0.423076923076923,0.423076923076923,26,9,0.917460317460317,0.744312169312169,0.173148148148148,0.191798941798942,0.352116402116402,2.76375661375661,3.20145502645503,1.47962962962963,19,2.55555555555556,0.440476190476191,11,"Social Sciences",1,2,5,"False",0.571428571428571,0.571428571428571,0,0,0.142857142857143,1.66666666666667,17,0,2.66666666666667,2.66666666666667,1.12912450396825,0.778926366843034,0.0739891975308642,1.79438614103049,1.06260270278607,1.33954699097512,0,FALSE,0.509013647487858,0.509013647487858,2,5,44.0476190476191,-0.632455348778979,-0.926262103474921,-0.237394315652421,4.70043971814109,0.667098261274102
"Mathematical Sciences",1.26315789473684,0.447368421052632,0.815789473684211,38,17,3.59199346405229,1.22796451914099,2.3640289449113,0.70422502334267,0.964939309056956,3.77714752567694,4.21304855275444,2.34652194211018,19.5294117647059,8.70588235294118,0.60377358490566,17,"Formal Sciences",2,2,7,"True",2.25,1.11111111111111,1.33333333333333,0.4,0.666666666666667,2.5,15,8,3.71428571428571,4.125,17.0427332970225,1.2608642392142,9.60619053408401,1.67187038472797,4.12828454651839,1.29300826939659,0,FALSE,0.533432200081074,0.860596943334584,2,7,60.377358490566,-0.608554932284001,-0.593120591114879,0.392046200509773,5.24792751344359,1.23406230217193
"Health",0.481481481481482,0.148148148148148,0.333333333333333,27,21,0.9505291005291,0.409145880574452,0.541383219954648,0.40328798185941,0.229213907785336,2.78658352229781,3.53246409674981,1.26489040060469,14.4761904761905,6.04761904761905,0.804347826086957,4,"Medicine and Health",1,1,9,"False",0.333333333333333,0,0.285714285714286,0,0,1,14,3,2,3,1.22410451835055,0.374260746979568,0.628711154302991,2.27725005698929,1.10639256972855,1.50905601519271,0,TRUE,0.199308808223407,0.415037499278844,3,9,80.4347826086957,-0.935588575888726,-1.01530887136736,1.16517276715885,4.75488750216347,0.723482962288675
"Physical Sciences",7.9,4.6,3.3,10,27,1.1141240446796,0.523897707231041,0.59022633744856,0.265461493239271,0.464638447971781,2.26575543797766,2.6169165196943,1.21078777189888,23.2222222222222,4.81481481481481,0.587064676616915,46,"Natural Sciences",3,2,6,"True",0.888888888888889,0.3,0.142857142857143,0,0.2,1,23,4,1.5,1.71428571428571,1.49757627937743,0.449966777784238,0.929599312316464,1.22223552286273,1.22375499156384,1.10554761220977,0,TRUE,2.48542682717024,2.10433665981474,2,7,58.7064676616915,1.30202041428064,0.585380592033147,0.327640617710858,3.32192809488736,-0.760452319853902
"Chemical Sciences",0.697674418604651,0.279069767441861,0.418604651162791,43,14,1.11944444444444,0.56797052154195,0.551473922902494,0.0796485260770975,0.436394557823129,2.58236961451247,3.12086167800454,1.57120181405896,15.2142857142857,5.57142857142857,0.0245901639344262,12,"Natural Sciences",0,0,1,"False",0.585714285714286,0.339285714285714,0.366666666666667,0,0,0.9,12,3,2.02380952380952,2.23809523809524,2.11942329495901,0.459581332940176,0.763429158395145,2.23283169840993,1.45582392306179,1.49426627426638,1,TRUE,0.355094958822562,0.504472582860788,1,1,2.45901639344262,-0.7831080441596,-0.930564973251323,-1.84045427950357,5.4262647547021,1.41874368468683
"Biological Sciences",2.71428571428571,0.714285714285714,2,7,16,0.855877976190476,0.4515625,0.404315476190476,0.0792410714285714,0.448735119047619,3.16026785714286,3.85691964285714,1.43578869047619,18.0625,5.3125,0.340425531914894,5,"Natural Sciences",1,0,4,"False",0.6125,0.414285714285714,0.242857142857143,0,0.267857142857143,1.225,14,3.5,2.92857142857143,3.74107142857143,1.12317866000567,0.327314572704082,0.347774730725623,1.92238444231859,1.05980123608423,1.38650079059429,1,TRUE,0.777607578663552,1.58496250072116,1,4,34.0425531914894,-0.369560699367774,0.0932494388039798,-0.623046140577222,2.8073549220576,-1.29333083862341
"Biological Sciences",7.54545454545455,3.27272727272727,4.27272727272727,11,18,0.790740740740741,0.647222222222222,0.143518518518518,0.0111111111111111,0.474074074074074,4.93148148148148,6.13055555555556,2.26018518518519,23.0555555555556,11.1666666666667,0.675531914893617,36,"Natural Sciences",3,2,7,"True",0.5,0.25,0,0,0.25,1.125,21.5,7,3.75,4.5,0.561837327523602,0.578962418300654,0.0398738198983297,5.3662790486565,0.749558088158351,2.31652305161345,0,TRUE,2.09515723304034,2.39854937649027,3,8,67.5531914893617,0.92003193198124,0.864160814377884,0.668643389487366,3.4594316186373,-0.6180572671571
"Computational Sciences",11.2,5.4,5.8,10,26,2.30181552986983,1.41972881316773,0.882086716702101,0.390496632578081,0.296136449021064,6.73251721255115,7.61267461171307,3.19541916730831,18.5384615384615,13.7692307692308,0.525510204081633,54,"Formal Sciences",3,2,6,"True",1.57142857142857,1.0625,0.375,0,0.0954545454545455,3,13.5,9,5.25,5.4375,3.76416617479661,1.40747759376324,1.04380263080755,4.74009023326729,1.94014591585185,2.17717482836526,0,TRUE,2.67807190511264,2.76553474636298,2,6,52.5510204081633,1.49057776553863,1.2118965076763,0.0903748664717319,3.32192809488736,-0.760452319853902
"Psychological Sciences",2.44444444444444,0.333333333333333,2.11111111111111,27,11,0.770021645021645,0.305194805194805,0.46482683982684,0.30050505050505,0.373556998556999,1.87878787878788,2.31421356421356,0.954365079365079,14.7272727272727,3.90909090909091,0.0526315789473684,9,"Social Sciences",0,1,1,"False",0.5,0.25,0.142857142857143,0.125,0.125,0.625,14,3,1.5,2,0.840081297670583,0.0845315398886827,0.586652880849309,1.07018691735954,0.916559489433492,1.03449838924937,1,TRUE,0.415037499278844,1.63742992061529,1,1,5.26315789473684,-0.724437421599021,0.142964757533974,-1.73236680633027,4.75488750216347,0.723482962288675
"Political Science",4.54545454545455,0.409090909090909,4.13636363636364,22,26,0.99000892270123,0.178139381985536,0.811869540715695,0.689034469803701,0.538306565229642,1.32493190570114,1.58306213017751,0.710040386963464,20.1923076923077,2.65384615384615,0.604938271604938,9,"Social Sciences",1,1,7,"False",0.645833333333333,0.1,0.535714285714286,0.414285714285714,0.375,0.6125,19,2,1.21538461538462,1.39230769230769,1.13575968867967,0.0853764766207567,1.10224813970194,0.342011357020092,1.06572026755602,0.584817370655226,0,FALSE,0.494764691749578,2.36074734377789,2,7,60.4938271604938,-0.646401956607733,0.828341631564439,0.396535561774367,4.4594316186373,0.417516577159516
"Mathematical Sciences",3.44,1.08,2.36,25,53,1.59615672587371,0.457698067132029,1.13845865874168,0.469257838597461,0.64570115419172,2.49926451954754,2.9472412283733,1.2850392793789,23.2075471698113,4.94339622641509,0.688442211055276,27,"Formal Sciences",2,3,7,"True",1.125,0.285714285714286,0.777777777777778,0.285714285714286,0.333333333333333,1,21,3,1.85714285714286,2,2.12628335527828,0.363887742697094,1.27032215644963,1.14547392875335,1.45817809449953,1.07026815740419,0,FALSE,1.05658352836637,1.74846123300404,3,8,68.8442211055276,-0.0965043269834516,0.248172086111472,0.718406972722685,4.64385618977472,0.608501839278744
"Chemical Sciences",11.3913043478261,7.08695652173913,4.30434782608696,23,47,3.82435832489024,3.03585781830463,0.788500506585613,0.15450861195542,1.98309692671395,12.8845660249916,15.1892097264438,6.410494765282,23.7659574468085,30.0425531914894,0.843601895734597,163,"Natural Sciences",3,3,9,"True",3.16666666666667,2.33333333333333,0.5,0,1.6,5.5,22,24,9.5,11.6666666666667,12.9549810114884,10.5918164033867,0.921804518232071,39.2220038163191,3.59930285075991,6.26274730580111,0,TRUE,3.01559685505102,2.40717538150587,3,9,84.3601895734597,1.82094078972604,0.872334355016671,1.31648015296744,4.52356195605701,0.483928277218573
"Geography",2.5,0.857142857142857,1.64285714285714,14,15,1.15,0.562698412698413,0.587301587301587,0.226190476190476,0.511111111111111,2.5334126984127,2.97031746031746,1.27007936507937,16.7333333333333,4.26666666666667,0.607142857142857,12,"Social Sciences",2,2,7,"True",1,0.25,0,0.125,0.25,0.875,13,6,3,3.125,1.57565597667638,0.565267992117482,0.712492238959076,1.51796158622179,1.25525135995799,1.2320558372987,0,FALSE,0.893084796083488,1.40209844357135,2,7,60.7142857142857,-0.256533787494857,-0.0800227538025178,0.405033281310919,3.8073549220576,-0.257756994306797
"Biological Sciences",2.34210526315789,1.44736842105263,0.894736842105263,38,112,2.20794327200577,1.27225346578025,0.93568980622552,0.214951491960421,0.800689290867862,8.15617623943517,9.5335694315605,4.27283743042672,21.7321428571429,16.2142857142857,0.472222222222222,55,"Natural Sciences",2,3,5,"True",1.5,0.828571428571429,0.5,0,0.414285714285714,2.88888888888889,18.5,11,5.45,7,5.44792640245545,2.19389801078734,1.38756350124637,20.6130015454455,2.33407934793474,4.5401543526014,0,TRUE,1.29123129766445,0.921997487998727,2,5,47.2222222222222,0.133164462533569,-0.534940721505657,-0.11502715432607,5.24792751344359,1.23406230217193
"Physical Sciences",0.420289855072464,0.304347826086956,0.115942028985507,69,14,1.33577612863327,0.855122655122655,0.480653473510616,0.16948051948052,0.272686044114616,15.2560606060606,20.4652958152958,6.36722840651412,17.8571428571429,33.7142857142857,0.626373626373626,21,"Natural Sciences",0,1,7,"False",0.95,0.738888888888889,0.05,0,0.0714285714285714,2.9,19,24,7.33333333333333,17.7,2.11385199525274,0.653678936103179,0.664851532832362,49.8365587724594,1.45390921148906,7.05950131188169,0,TRUE,0.383328639551506,0.158262083916732,2,7,62.6373626373626,-0.755473452550126,-1.25861551084976,0.479159542498997,6.10852445677817,2.12527398718806
"Health",1.85106382978723,1,0.851063829787234,47,24,2.04955357142857,1.40421626984127,0.645337301587302,0.260962301587302,0.92827380952381,6.90128968253968,8.07872023809524,3.68521825396825,24.6666666666667,17.125,0.533333333333333,47,"Medicine and Health",3,3,6,"True",1.9,1.38095238095238,0.5,0,0.619047619047619,3.92857142857143,24,14.5,6.14285714285714,7.21428571428571,2.32789174954402,1.30134033066729,0.393033362499589,6.27512322743107,1.52574301556455,2.50501960619694,0,TRUE,1,0.888354644171091,2,6,53.3333333333333,-0.151887212170812,-0.566818879555911,0.120529631227154,5.55458885167764,1.55163276311025
"Economics",1.13953488372093,0.441860465116279,0.697674418604651,43,45,1.23469135802469,0.454223985890653,0.780467372134039,0.442116402116402,0.452037037037037,2.15920634920635,2.35783068783069,1.30018518518519,24.2888888888889,4.24444444444444,0.428571428571429,19,"Social Sciences",1,2,5,"False",1,0.25,0.6,0.285714285714286,0.285714285714286,1,27,3,1.6,1.71428571428571,1.0635741734872,0.34214161280861,0.635745442584067,1.33360798031334,1.03129732545334,1.15481945788653,0,FALSE,0.527931555684777,0.763559804177919,2,4,42.8571428571429,-0.613938858770241,-0.685067790187261,-0.283282001149802,5.4262647547021,1.41874368468683
"Anthropology",5.35294117647059,0.705882352941177,4.64705882352941,17,29,1.11933124346917,0.270435885953127,0.848895357516047,0.385771508185301,0.499150370702095,2.17205553067622,2.58160297556849,1.11585311240484,23.2413793103448,5.03448275862069,0.681159420289855,12,"Social Sciences",2,2,7,"True",0.875,0.2,0.666666666666667,0.25,0.333333333333333,0.8,24,4,1.5,1.625,0.919689128314923,0.135133134584192,0.522068799988372,0.910720587838121,0.959004237902483,0.954316817329613,0,FALSE,0.770518153877233,2.49749965947082,3,8,68.1159420289855,-0.376499693989017,0.95792080613518,0.690334978098986,4.08746284125034,0.0323154403951519
"Mathematical Sciences",7.22222222222222,1.44444444444444,5.77777777777778,9,16,1.57700892857143,0.488368055555556,1.08864087301587,0.349652777777778,0.519494047619048,2.49350198412698,2.88482142857143,1.38710317460317,18.375,5.125,0.537735849056604,13,"Formal Sciences",3,2,6,"True",1.47222222222222,0.444444444444444,1,0.261111111111111,0.472222222222222,1.26111111111111,14,4.5,2.53472222222222,2.78888888888889,0.659631151187327,0.150512570730453,0.372046398652053,0.507680797010162,0.812176797986329,0.712517225763814,0,FALSE,1.28950661719498,2.76081233612057,2,6,53.7735849056604,0.131476377976406,1.20742180450148,0.137499416807318,3.16992500144231,-0.91786274768081
"Psychological Sciences",0.805555555555556,0.361111111111111,0.444444444444444,36,35,3.50078849721707,2.16379303236446,1.33699546485261,0.859845392702535,1.02545866831581,7.27378581735725,8.07150793650794,4.06308390022676,21.1142857142857,15.5428571428571,0.75,13,"Social Sciences",0,1,8,"False",2.83333333333333,1.28571428571429,0.833333333333333,0.4,0.428571428571429,3.85714285714286,22,14,5.85714285714286,5.85714285714286,14.4958155333715,9.35301203806766,3.11558563319508,10.6713157715467,3.80733706589941,3.26669799209335,0,TRUE,0.444784842672896,0.53051471669878,3,8,75,-0.695321285660051,-0.905888841153019,0.955685507279496,5.16992500144231,1.15328494095242
"Sociology",1.8125,0.25,1.5625,16,16,1.62893894300144,0.582248827561328,1.04669011544012,0.445907738095238,0.774535533910534,2.04677579365079,2.26139971139971,1.33969381313131,18.1875,2.375,0.682119205298013,4,"Social Sciences",1,0,7,"False",1,0.211111111111111,0.634920634920635,0.354166666666667,0.472222222222222,0.857142857142857,17,1,1.38095238095238,1.43650793650794,3.19927876115979,0.729887698094938,1.23500197250107,1.3528736745103,1.78865277825513,1.16313097908632,0,FALSE,0.321928094887362,1.35755200461808,3,8,68.2119205298013,-0.815571141997093,-0.122232574969942,0.694034532357341,4,-0.0582587903533156
"Political Science",3.78571428571429,0,3.78571428571429,14,26,1.37176434676435,0.274984737484738,1.09677960927961,0.781288156288156,0.57039072039072,1.66196581196581,1.84082722832723,0.950228937728938,15.1153846153846,2.73076923076923,0.561728395061728,0,"Social Sciences",0,0,6,"False",1.40972222222222,0.183333333333333,0.944444444444444,0.732142857142857,0.472222222222222,0.9,10,2.5,1.41428571428571,1.53571428571429,1.17361200166676,0.0793730597224645,0.97981166952536,0.429418936420722,1.08333374435894,0.655300645826572,0,FALSE,0,2.25873426840017,2,6,56.1728395061728,-1.13066826005398,0.73167950167005,0.229980258857946,3.8073549220576,-0.257756994306797
"Engineering",12.1666666666667,8.33333333333333,3.83333333333333,6,29,2.79389709906951,1.58515325670498,1.20874384236453,0.148084291187739,1.23643951833607,5.20871647509579,5.78969622331691,2.97452107279693,20.1724137931034,8.13793103448276,0.552147239263804,50,"Engineering",3,2,6,"True",1.25,0.625,0.375,0,0.5,1.66666666666667,16,7,3.66666666666667,4.4,22.8196014695789,6.16011809736666,7.44955546650333,7.82765821702244,4.7769866516015,2.79779524215451,0,TRUE,3.22239242133645,2.27301849440642,2,6,55.2147239263804,2.02334837079248,0.745214469658657,0.193049065485593,2.58496250072116,-1.52363461333368
"Geography",1,0.722222222222222,0.277777777777778,18,10,2.43916666666667,1.22,1.21916666666667,0.548333333333333,0.5875,3.4625,3.98,2.00416666666667,15.7,5.9,0.55952380952381,13,"Social Sciences",2,2,6,"True",0.875,0.5,0.375,0.125,0.3125,1.41666666666667,14.5,5,2.5625,3.3125,16.9666365740741,3.07883024691358,6.62038657407408,3.7231674382716,4.11905772890768,1.92955109760576,0,FALSE,0.784271308944563,0.3536369546147,2,6,55.952380952381,-0.363038366460516,-1.07348874097658,0.221482539321393,4.16992500144231,0.117711096635806
"Physical Sciences",1.04347826086957,0.347826086956522,0.695652173913043,23,10,1.83035714285714,1.02916666666667,0.801190476190476,0.260119047619048,0.78952380952381,5.53,6.58571428571429,2.93392857142857,18.6,11.9,0.119402985074627,8,"Natural Sciences",0,0,2,"False",1.225,1,0.214285714285714,0.0714285714285714,0.526785714285714,3.02857142857143,19,9,5.07142857142857,5.35714285714286,3.45420138888889,0.781355583900227,1.83457105064248,5.67796839569161,1.85854819385694,2.38284879832767,0,TRUE,0.430634354329862,0.761840262805235,1,1,11.9402985074627,-0.709171515468504,-0.686697135552153,-1.47499204242508,4.52356195605701,0.483928277218573
"Computational Sciences",2,1.05555555555556,0.944444444444444,18,10,1.17666666666667,0.732698412698413,0.443968253968254,0.0611111111111111,0.175396825396825,4.11031746031746,4.93301587301587,2.11365079365079,20.5,9.8,0.183673469387755,19,"Formal Sciences",1,1,2,"False",1.08333333333333,0.420634920634921,0.414285714285714,0,0.0714285714285714,1.88888888888889,21,8.5,3.27777777777778,3.83333333333333,1.06219929453263,0.645010050110579,0.17617314744828,2.91757800733462,1.03063053250553,1.7080919200484,0,TRUE,1.03952836418664,0.959358015502654,1,2,18.3673469387755,-0.113197598451107,-0.499539885395817,-1.22725724566736,4.16992500144231,0.117711096635806
"Engineering",0.803921568627451,0.470588235294118,0.333333333333333,51,37,1.30686985686986,0.845941070941071,0.460928785928786,0.202520377520378,0.236143286143286,3.79023634023634,4.51458893958894,1.78650793650794,23.1081081081081,8.40540540540541,0.165644171779141,24,"Engineering",0,1,2,"False",1,0.545454545454545,0.285714285714286,0,0,1.5,26,6,3.5,3.85714285714286,2.09414607408956,1.3351477092281,0.381424062478957,2.7859336244786,1.4471164687369,1.66911162732712,0,TRUE,0.556393348524385,0.415037499278844,1,2,16.5644171779141,-0.586080995350056,-1.01530887136736,-1.2967523556932,5.6724253419715,1.67366115036464
"Chemical Sciences",3.77777777777778,1.88888888888889,1.88888888888889,9,9,3.90899470899471,3.14171075837743,0.767283950617284,0.128571428571429,3.27835097001764,7.21252204585538,8.4136684303351,3.78862433862434,24,15.6666666666667,0.208530805687204,17,"Natural Sciences",2,1,3,"True",1.6,1.4,0.5,0,1.4,3.4,12,11,5,5.75,28.9484662383472,18.6999721452367,1.1907696803001,6.48816295036533,5.38037788992067,2.54718726252416,0,TRUE,1.53051471669878,1.53051471669878,1,2,20.8530805687204,0.36737053815706,0.0416576330266794,-1.13144301271278,3.16992500144231,-0.91786274768081
"Physical Sciences",3.88235294117647,1.82352941176471,2.05882352941176,17,21,1.1182917611489,0.698526077097506,0.419765684051398,0.152437641723356,0.455763416477702,14.1225056689342,15.9198979591837,8.87411186696901,20.8095238095238,36.9047619047619,0.631840796019901,31,"Natural Sciences",1,2,7,"False",0.285714285714286,0.142857142857143,0.142857142857143,0,0.142857142857143,1.14285714285714,20,10,3.4,3.875,2.51424206199235,1.61419995815787,0.648110081554668,294.030273225384,1.58563616948919,17.1473109619375,0,TRUE,1.49749965947082,1.61297687689075,3,7,63.18407960199,0.335056025847552,0.119794362169825,0.500233106447277,4.08746284125034,0.0323154403951519
"Computational Sciences",11.6,1.88,9.72,25,28,1.91418521954236,1.07500773036487,0.839177489177489,0.362407235621521,0.268684291898578,5.71832869511441,6.5369086270872,2.89335575139147,18,11.8214285714286,0.607142857142857,47,"Formal Sciences",2,2,7,"True",1.775,1,0.591666666666667,0,0.2,2.4047619047619,14,9.5,5.60119047619048,5.78571428571429,2.18126490366505,0.76907426662052,1.02447871919914,4.68884031542256,1.47691059433706,2.1653730199258,0,TRUE,1.52606881166759,3.42223300068305,2,7,60.7142857142857,0.363018970571841,1.83414862315724,0.405033281310919,4.64385618977472,0.608501839278744
"Political Science",2.79245283018868,0.358490566037736,2.43396226415094,53,9,0.814241622574956,0.0421075837742504,0.772134038800706,0.592504409171076,0.446516754850088,1.1429012345679,1.3505291005291,0.534303350970018,19.7777777777778,1.77777777777778,0.518518518518518,19,"Social Sciences",1,2,6,"False",0.6,0,0.6,0.5,0.5,0.5,15,1,1,1,0.305491325130875,0.00405267559698777,0.316703151682484,0.0442373752484533,0.552712696733914,0.210326829597304,0,FALSE,0.442004546879113,1.7798741856355,2,6,51.8518518518518,-0.698042586490515,0.277937318620988,0.0634249559415238,5.7279204545632,1.73113043745201
"Mathematical Sciences",9,0.538461538461538,8.46153846153846,13,52,1.93963993331739,0.540708683037214,1.39893125028017,0.76355636922555,0.87955722939337,1.99256491129077,2.17481384447135,1.24904699545427,17.2692307692308,3.55769230769231,0.703517587939699,7,"Formal Sciences",2,1,8,"True",1.52631578947368,0.182194616977226,1.02941176470588,0.396358543417367,0.533333333333333,1,12,2.5,1.62013729977117,1.72380952380952,2.7632153925387,0.520589724925508,1.9798754109813,0.873260277248786,1.66229221033448,0.934483963077369,0,FALSE,0.62148837674627,3.24207478719815,3,8,70.3517587939699,-0.522367215415055,1.66344034317511,0.77651600159374,3.70043971814109,-0.368475583042514
"Anthropology",7.33333333333333,2.5,4.83333333333333,6,12,0.839781746031746,0.09375,0.746031746031746,0.53531746031746,0.382638888888889,0.873511904761905,0.977678571428571,0.582043650793651,18.25,1.25,0.536231884057971,15,"Social Sciences",3,2,6,"True",0.732142857142857,0,0.669642857142857,0.473214285714286,0.154761904761905,0.4375,16,1,0.857142857142857,1,0.588072165103415,0.0423374368686869,0.401299302549303,0.27622331950457,0.766858634367127,0.525569519192818,0,FALSE,1.8073549220576,2.54432051622381,2,6,53.6231884057971,0.638336484454361,1.00228574386955,0.131702285087386,2.58496250072116,-1.52363461333368
"Biological Sciences",0.2,0.171428571428571,0.0285714285714286,35,60,1.5416323953824,0.997819865319865,0.54381253006253,0.166924603174603,0.576735209235209,6.16931457431457,7.44872594997595,2.96415945165945,20.9666666666667,13.05,0.797619047619048,6,"Natural Sciences",0,0,8,"False",1,0.666666666666667,0.285714285714286,0,0.316666666666667,2,20.5,7,4.27777777777778,4.61904761904762,2.47996297442528,1.36121006279752,0.459654124801099,9.29124523470628,1.57478981912676,3.04815439810819,0,TRUE,0.228268987673117,0.0406419844973458,3,9,79.7619047619048,-0.907242901100053,-1.37006602134726,1.13923624926902,5.12928301694497,1.11119716482585
"Economics",1.68421052631579,0.421052631578947,1.26315789473684,19,10,0.777380952380952,0.0333333333333333,0.744047619047619,0.203571428571429,0.463690476190476,0.945238095238095,1.06904761904762,0.531547619047619,26.3,1.3,0.856287425149701,8,"Social Sciences",1,1,9,"False",0.535714285714286,0,0.535714285714286,0.125,0.30952380952381,0.535714285714286,30,1,1,1,0.454902053413958,0.0111111111111111,0.498905580750819,0.10506464159738,0.674464271413956,0.324136763723863,0,FALSE,0.506959988719883,1.17833724125851,3,9,85.6287425149701,-0.634465431059892,-0.292046892112253,1.36537735803755,4.24792751344359,0.198488457855317
"Engineering",6,4.36363636363636,1.63636363636364,11,40,3.38153183621934,2.03856782106782,1.34296401515152,0.301259920634921,0.961223845598845,7.98979301948052,9.38357548701299,4.14697916666667,17.625,16.375,0.835294117647059,48,"Engineering",3,2,9,"True",2.58333333333333,1.76190476190476,0.78125,0.05,0.375,3.95,12,14.5,7.4375,8.8875,8.69960382858062,2.87732776755071,2.96930384894866,6.36577080241968,2.94950908264081,2.52304791916834,0,TRUE,2.42321143072454,1.39854937649027,3,9,83.5294117647059,1.24112516335306,-0.0833856598018136,1.28445727749015,3.4594316186373,-0.6180572671571
"Chemical Sciences",9.06666666666667,5.06666666666667,4,15,30,2.47013227513228,1.97690235690236,0.493229918229918,0.120609668109668,1.55742664742665,7.80386844636845,8.87642736892737,4.07071789321789,22.1666666666667,18.4,0.729857819905213,76,"Natural Sciences",3,2,8,"True",2.00892857142857,1.45,0.333333333333333,0,1.1625,3.46969696969697,20,17.5,7.0625,7.5375,4.00787162940953,3.02475756388634,0.251088850598168,9.7958061716108,2.00196694013901,3.12982526215295,0,TRUE,2.60090404459018,2.32192809488736,3,8,72.9857819905213,1.41504732615356,0.791558589147915,0.878046153144116,3.90689059560852,-0.154680454201032
"Geography",1.66666666666667,0.75,0.916666666666667,12,5,0.368571428571429,0.0285714285714286,0.34,0.12,0.08,0.571428571428571,0.571428571428571,0.471428571428571,17,0.4,0.821428571428571,9,"Social Sciences",2,1,9,"True",0.142857142857143,0,0,0,0,0.5,14,0,0.857142857142857,0.857142857142857,0.257795918367347,0.00408163265306122,0.278,0.218367346938775,0.507736071564102,0.467297920965604,0,FALSE,0.807354922057604,0.938599455335857,3,9,82.1428571428571,-0.340444563428804,-0.519209585890913,1.23101162026378,3.58496250072116,-0.488060769017063
"Psychological Sciences",6,4,2,4,37,2.66888674388674,1.27570102570103,1.39318571818572,0.468233493233493,1.23954701454701,5.06926309426309,5.96429448929449,2.49657092157092,20.9189189189189,10.9189189189189,0.885964912280702,16,"Social Sciences",3,1,9,"True",2.33333333333333,0.9,1,0.222222222222222,0.75,2.1,19,9,4.3,5,3.81697089018713,1.23530749511224,2.34975317316467,2.79256151611701,1.95370696118613,1.67109590272881,0,TRUE,2.32192809488736,1.58496250072116,3,10,88.5964912280702,1.14199095376924,0.0932494388039798,1.47977117848643,2,-2.12940647898655
"Biological Sciences",3.66666666666667,2.23809523809524,1.42857142857143,21,52,1.8731135694371,1.14452932688227,0.728584242554831,0.187382674515027,0.727407274098451,6.54492807029572,7.60833631238043,3.11414982076747,22.2884615384615,13.4423076923077,0.356164383561644,47,"Natural Sciences",2,3,4,"True",1,0.69047619047619,0.4,0,0.5,2.29166666666667,19,10,4.81746031746032,5.4040404040404,7.54210111313987,1.98261073490476,2.53646020505442,10.4916575134682,2.74628860703675,3.23908281979146,0,TRUE,1.69514541847158,1.28010791919274,1,4,35.6164383561644,0.528507948951982,-0.195614445060803,-0.562379704722917,4.39231742277876,0.348014871346073
"Mathematical Sciences",5.46666666666667,0.866666666666667,4.6,15,16,1.50798611111111,0.200198412698413,1.3077876984127,0.560615079365079,0.662648809523809,1.34275793650794,1.50649801587302,0.819246031746032,18.625,2.4375,0.688679245283019,13,"Formal Sciences",2,2,7,"True",0.875,0.105555555555556,0.791666666666667,0.285714285714286,0.422222222222222,0.69047619047619,15,2,1,1.18055555555556,3.28963470804989,0.164604644326867,2.24392577632905,0.284315738641135,1.81373501594083,0.533212657990351,0,FALSE,0.900464326449086,2.48542682717024,3,8,68.8679245283019,-0.249310843030732,0.946481236455407,0.719320636698644,3.90689059560852,-0.154680454201032
"Chemical Sciences",6.86666666666667,3.66666666666667,3.2,15,30,1.80607142857143,1.27698412698413,0.529087301587302,0.100780423280423,1.25329365079365,5.76043650793651,6.76597883597884,2.92289682539683,23.8333333333333,10.8666666666667,0.725118483412322,55,"Natural Sciences",2,2,8,"True",1.64583333333333,1.13392857142857,0.380952380952381,0,1,2.775,21,9.5,5.50793650793651,6.61904761904762,1.38162179466295,1.00193134725154,0.212726617818264,3.83240624701349,1.17542409140827,1.95765324994328,0,TRUE,2.22239242133645,2.0703893278914,3,8,72.5118483412322,1.04456732290932,0.55321391736138,0.859778069818145,3.90689059560852,-0.154680454201032
"Engineering",3.77777777777778,1.55555555555556,2.22222222222222,9,14,1.34027777777778,0.833333333333333,0.506944444444444,0.348781179138322,0.352324263038549,4.65745464852608,5.6421485260771,2.5077947845805,17.2142857142857,9.92857142857143,0.359375,14,"Engineering",1,1,4,"False",1,0.761904761904762,0.182539682539683,0.142857142857143,0.267857142857143,1.88888888888889,17.5,5,2.8968253968254,3.38888888888889,0.884609782303235,0.424743686648449,0.468095740789193,4.40302758898635,0.940536964878699,2.09833924544778,0,TRUE,1.3536369546147,1.68805599368526,1,4,35.9375,0.194245936837176,0.190935314572986,-0.550004173103332,3.16992500144231,-0.91786274768081
"Economics",0.513157894736842,0.144736842105263,0.368421052631579,76,37,0.811068211068211,0.217975117975118,0.593093093093093,0.182239382239382,0.396793221793222,1.46810381810382,1.80139425139425,0.74488416988417,19.8108108108108,2.94594594594595,0.598802395209581,11,"Social Sciences",1,2,6,"False",0.6,0,0.333333333333333,0.111111111111111,0.2,0.625,21,2,1.44444444444444,1.6,0.572558708320944,0.122316598297088,0.403221297166403,0.478229217265262,0.756676092077015,0.691541189854417,0,FALSE,0.195015982405143,0.452512204697507,2,7,59.8802395209581,-0.939790312441506,-0.979799846376984,0.372884423806765,6.24792751344359,2.26963614648855
"Engineering",6.5,2.3,4.2,10,29,1.4349057073195,1.1236017813604,0.311303925959098,0.156900283624422,0.480269443200478,4.65068915758571,5.52300592128178,2.29996765686421,16.8620689655172,9.62068965517241,0.595092024539877,23,"Engineering",2,1,6,"True",0.875,0.75,0.2,0,0.2,1.75,12,5,3.375,3.8,2.50825809553233,1.6274289532111,0.213545841052159,4.42621705460389,1.58374811618904,2.10385766025268,0,TRUE,1.72246602447109,2.37851162325373,2,7,59.5092024539877,0.555248840320987,0.845174111948113,0.35858255672768,3.32192809488736,-0.760452319853902
"Health",0.933333333333333,0.233333333333333,0.7,30,34,2.12167366946779,1.5718370681606,0.549836601307189,0.427077497665733,0.563422035480859,4.86616479925303,5.40068860877684,2.80654761904762,14.6764705882353,9.20588235294118,0.793478260869565,7,"Medicine and Health",1,2,8,"False",0.916666666666667,0.75,0,0.25,0,2.25,11.5,6.5,3.66666666666667,4.16666666666667,11.1615273389098,5.258162162873,1.63345658128571,8.87009270950243,3.34088720834897,2.97827008672861,0,TRUE,0.302562770020431,0.765534746362977,3,9,79.3478260869565,-0.834525554962946,-0.6831964406831,1.12327531518298,4.90689059560852,0.880893390115584
"Political Science",5,1.40625,3.59375,32,13,1.50893550893551,0.28034188034188,1.22859362859363,0.815773115773116,0.793706293706294,1.68620823620824,1.93310023310023,0.98997668997669,12.6923076923077,3.15384615384615,0.617283950617284,45,"Social Sciences",2,3,7,"True",1.54545454545455,0.2,1.18181818181818,0.545454545454545,0.8,1,11,3,1.5,1.9,1.16102316875044,0.0843574831453619,0.788845761421519,0.378499211226484,1.07750785089968,0.615222895564269,0,FALSE,1.2667865406949,2.19967234483636,2,7,61.7283950617284,0.109238397691668,0.675715584238897,0.444122791179059,5,0.9773150539633
"Physical Sciences",5.69230769230769,2.84615384615385,2.84615384615385,13,27,1.08772780717225,0.484964726631393,0.602763080540858,0.229997060552616,0.39620811287478,2.98317166372722,3.44431216931217,1.57554379776602,22.7407407407407,5.92592592592593,0.572139303482587,37,"Natural Sciences",2,2,6,"True",0.714285714285714,0.25,0.285714285714286,0,0.222222222222222,1,22,5,2.33333333333333,2.85714285714286,1.06962496518603,0.334747227713498,0.619574448144774,2.17894837815362,1.03422674747177,1.47612613897107,0,TRUE,1.94341647163363,1.94341647163363,2,6,57.2139303482587,0.771510950524993,0.432901235097809,0.270109788132051,3.70043971814109,-0.368475583042514
"Biological Sciences",3.16666666666667,0.555555555555556,2.61111111111111,18,63,1.272549760645,0.79623330813807,0.476316452506929,0.166641471403376,0.518417737465356,4.92081128747795,5.77631015369111,2.3477450239355,24.8412698412698,10.9047619047619,0.718085106382979,10,"Natural Sciences",1,1,8,"False",1,0.5,0.25,0,0.285714285714286,2,26,9,4,4.71428571428571,2.38681513351296,0.581452922818252,1.31401222795921,3.57038901702609,1.54493208055013,1.88954730478654,0,TRUE,0.637429920615292,1.85244281158614,3,8,71.8085106382979,-0.506763934402059,0.346699464276587,0.832667456797154,4.16992500144231,0.117711096635806
"Mathematical Sciences",3.26315789473684,0.526315789473684,2.73684210526316,19,31,1.48835125448029,0.310394265232975,1.17795698924731,0.700537634408602,0.567741935483871,1.52767537122376,1.65782130056324,1.08181003584229,22,2.67741935483871,0.577889447236181,10,"Formal Sciences",2,2,6,"True",1.33333333333333,0.111111111111111,1.22222222222222,0.6,0.375,1,15,2,1.4,1.6,1.05900484534714,0.240293193282889,0.793878053232444,0.523196933492632,1.02907961079167,0.723323533069838,0,FALSE,0.610053481683987,1.9018196060611,2,6,57.7889447236181,-0.533559473986551,0.393486271787626,0.292274094334941,4.24792751344359,0.198488457855317
"Psychological Sciences",2,0.461538461538462,1.53846153846154,13,18,0.770083774250441,0.229012345679012,0.541071428571429,0.233487654320988,0.0634920634920635,1.8222442680776,2.08073192239859,0.792857142857143,23.6666666666667,4.38888888888889,0.364035087719298,6,"Social Sciences",1,0,4,"False",0.733333333333333,0,0.354166666666667,0.0625,0,0.666666666666667,25,3,1.22222222222222,1.75,0.612162404570882,0.13619664326636,0.526244057808309,0.649685225942229,0.782408080588948,0.806030536606541,0,TRUE,0.547487795302493,1.34395440121736,1,4,36.4035087719298,-0.594797582064558,-0.135116936129591,-0.532041559372449,3.70043971814109,-0.368475583042514
"Physical Sciences",1.94736842105263,0.947368421052632,1,19,12,0.783730158730159,0.486111111111111,0.297619047619048,0.125,0.240740740740741,2.96825396825397,3.52910052910053,1.32407407407407,25.1666666666667,6.75,0.45273631840796,18,"Natural Sciences",1,1,5,"False",0.674603174603175,0.444444444444444,0.285714285714286,0,0.111111111111111,1.1984126984127,19,6,2.69047619047619,3.25396825396825,0.325902162211686,0.189985169151836,0.0601880482832864,1.16364132633974,0.570878412809318,1.07872208021331,0,TRUE,0.961525852185364,1,2,5,45.273631840796,-0.189544978885233,-0.461029716281691,-0.190136848498401,4.24792751344359,0.198488457855317
"Anthropology",5.28571428571429,0.142857142857143,5.14285714285714,7,14,0.856292517006803,0.140561224489796,0.715731292517007,0.496768707482993,0.245493197278912,1.38928571428571,1.44413265306122,0.864200680272109,25.6428571428571,2.07142857142857,0.420289855072464,1,"Social Sciences",0,0,5,"False",0.675,0,0.557142857142857,0.4,0.25,0.75,31,1,1,1,0.453335389100695,0.0459921647230321,0.357453161209539,0.80222973667489,0.67330185585716,0.895672784377693,0,FALSE,0.192645077942396,2.61890983264449,2,4,42.0289855072464,-0.942110908795984,1.07296258765544,-0.315203869321894,2.8073549220576,-1.29333083862341
"Biological Sciences",1.11627906976744,0.418604651162791,0.697674418604651,43,48,2.51307043650794,1.86292576058201,0.650144675925926,0.136503802910053,1.41781580687831,8.60246775793651,9.76547619047619,4.92569444444444,23.3125,16.1041666666667,0.674846625766871,18,"Natural Sciences",0,1,7,"False",1.5,1.23611111111111,0.444444444444444,0,0.803571428571429,3.52777777777778,21.5,12,6.94444444444444,8.65972222222222,6.85502481603605,4.89144963391414,0.984276771541252,31.3299618419078,2.61821023144362,5.59731737905827,0,TRUE,0.504472582860788,0.763559804177919,3,8,67.4846625766871,-0.636900056773167,-0.685067790187261,0.666001897605843,5.4262647547021,1.41874368468683
"Economics",5.65,0.5,5.15,20,33,0.775637325637326,0.117183742183742,0.658453583453584,0.314309764309764,0.246981721981722,0.986940836940837,1.10592833092833,0.578210678210678,22.4242424242424,1.48484848484848,0.862275449101796,10,"Social Sciences",1,1,9,"False",0.75,0,0.625,0.25,0.142857142857143,0.5,21,1,1,1,0.363399263623098,0.0540123307670431,0.262153520692087,0.216164900671969,0.602826064153747,0.464935372575554,0,FALSE,0.584962500721156,2.62058641045188,3,9,86.2275449101796,-0.558118050625767,1.07455122304552,1.38845858906618,4.32192809488736,0.275121524462715
"Health",0.555555555555556,0.111111111111111,0.444444444444444,18,25,1.03780952380952,0.56831746031746,0.469492063492064,0.343428571428571,0.220047619047619,2.68861904761905,3.08688888888889,1.4834126984127,15.8,5.32,0.233333333333333,2,"Medicine and Health",1,1,3,"False",1,0.555555555555556,0.333333333333333,0.166666666666667,0.142857142857143,1.33333333333333,16,4,2.33333333333333,3,0.53544521499958,0.211860180461073,0.225700393151088,1.03476985701688,0.731741221334141,1.01723638207492,0,TRUE,0.15200309344505,0.53051471669878,1,3,23.3333333333333,-0.981890512970348,-0.905888841153019,-1.03584004330686,4.16992500144231,0.117711096635806
"Political Science",2.5,0.142857142857143,2.35714285714286,14,23,0.833040027605245,0.352225672877847,0.480814354727398,0.516528640441684,0.473671497584541,1.19432367149758,1.27912353347136,0.746342305037957,17.8260869565217,2.17391304347826,0.62962962962963,2,"Social Sciences",0,0,7,"False",0.5,0,0.333333333333333,0.333333333333333,0.333333333333333,0.5,14,1,1,1,0.711787134631337,0.59257966197019,0.155170549152174,0.372608739843471,0.843674780132331,0.61041685743717,0,FALSE,0.192645077942396,1.74723392962003,2,7,62.962962962963,-0.942110908795984,0.247009159117212,0.491710020583751,3.8073549220576,-0.257756994306797
"Computational Sciences",16,13.9,2.1,10,52,2.74380341880342,1.67679334554335,1.06701007326007,0.225694444444444,0.418589743589744,6.68147130647131,7.82067307692308,3.3572496947497,21.5384615384615,14.75,0.86734693877551,139,"Formal Sciences",3,3,9,"True",2.11111111111111,1.29166666666667,0.666666666666667,0,0.267857142857143,3.05555555555556,18.5,12,6.52222222222222,7.31666666666667,7.55814816762412,2.40954422195041,2.13372947344892,6.22916164685247,2.7492086438872,2.49582884967148,0,TRUE,3.8972404255748,1.63226821549951,3,10,86.734693877551,2.68387680754276,0.138073802050762,1.40800697861083,3.32192809488736,-0.760452319853902
"Anthropology",8.5,1.5,7,6,15,0.924047619047619,0.160820105820106,0.763227513227513,0.386746031746032,0.376190476190476,1.38626984126984,1.54888888888889,0.684867724867725,19.7333333333333,2.2,0.746376811594203,9,"Social Sciences",3,1,8,"True",0.428571428571429,0,0.428571428571429,0.428571428571429,0.285714285714286,0.428571428571429,18,1,1,1,1.57067351887845,0.0802888112034937,1.00067581044764,0.341948963094938,1.25326514308763,0.584764023427347,0,FALSE,1.32192809488736,3,3,8,74.6376811594203,0.163209905886072,1.43406323207771,0.941719689954206,2.58496250072116,-1.52363461333368
"Chemical Sciences",30.5,22.75,7.75,4,32,2.92745535714286,2.42317708333333,0.504278273809524,0.148387896825397,1.82249503968254,9.82646329365079,11.4663938492063,5.07946428571429,23.34375,23.9375,0.767772511848341,91,"Natural Sciences",3,3,8,"True",1.76388888888889,1.3125,0.285714285714286,0,1,3.75,22,13,6.125,6.72222222222222,21.6578559992919,16.5468723012558,0.546630171473832,47.2029565219158,4.65380016752889,6.87044078075896,0,TRUE,4.56985560833095,3.12928301694497,3,9,76.7772511848341,3.34221980094295,1.55656489895522,1.02419081975189,2,-2.12940647898655
"Physical Sciences",4.76470588235294,3.76470588235294,1,17,41,1.43018776616338,0.783362369337979,0.646825396825397,0.169018583042973,0.516337591947348,6.65947541618273,7.64823848238482,3.49741579558653,21.3170731707317,13,0.830845771144279,64,"Natural Sciences",2,3,9,"True",1,0.6,0.333333333333333,0,0.25,2.875,21,9,5.8,6.28571428571429,1.5414747684417,0.578831100326309,0.540239575459813,18.8445216767601,1.24156142354766,4.34102772126142,0,TRUE,2.25238716163429,1,3,9,83.0845771144279,1.07392560624902,-0.461029716281691,1.2673108341647,4.08746284125034,0.0323154403951519
"Biological Sciences",6.6,4.8,1.8,5,18,2.14423601090268,1.45345117845118,0.690784832451499,0.280729918229918,1.22585578002245,6.59845478595479,7.66422759339426,3.51453623536957,23.5,14.7222222222222,0.63963963963964,24,"Natural Sciences",3,2,7,"True",1.08333333333333,0.611111111111111,0.30952380952381,0,0.645833333333333,2.01190476190476,21.5,7.5,4.01190476190476,4.78571428571429,10.4867945247514,6.70241926155219,0.783702972958731,25.9772956384072,3.23833205906241,5.09679268152112,0,TRUE,2.53605290024021,1.48542682717024,3,7,63.963963963964,1.35157225513028,-0.00106523772429051,0.530294260641609,2.32192809488736,-1.79602616417052
"Computational Sciences",1.27272727272727,0,1.27272727272727,22,13,3.26518737672584,1.79102564102564,1.4741617357002,0.497534516765286,0.396449704142012,5.61065088757396,6.53777120315582,3.08609467455621,14.1538461538462,10.9230769230769,0.13265306122449,0,"Formal Sciences",0,0,2,"False",3.41666666666667,2,1.4,0.25,0.333333333333333,2.76923076923077,10,8,4.53846153846154,5.30769230769231,4.91374995785499,1.64822293447293,1.7478278671252,3.45156992279034,2.21669798525983,1.85784012304351,0,TRUE,0,1.18442457113743,1,1,13.265306122449,-1.13066826005398,-0.286278864148319,-1.42391875494185,4.4594316186373,0.417516577159516
"Engineering",3.25,1.91666666666667,1.33333333333333,12,15,1.60338624338624,0.865502645502646,0.737883597883598,0.26994708994709,0.278518518518519,3.39978835978836,4.21820105820106,1.53968253968254,21.7333333333333,8.13333333333333,0.0941176470588235,23,"Engineering",2,1,1,"True",0.666666666666667,0.428571428571429,0.111111111111111,0.2,0.111111111111111,1,18,6,2.33333333333333,3.22222222222222,4.30531939195431,1.15398317916232,1.94289776721976,1.65926681783825,2.07492635820029,1.28812531138793,0,TRUE,1.54432051622381,1.22239242133645,1,1,9.41176470588235,0.380883393083035,-0.250302561560054,-1.57245603606447,3.58496250072116,-0.488060769017063
"Computational Sciences",2.86666666666667,0.866666666666667,2,15,15,2.28542087542088,0.961599326599327,1.32382154882155,0.422643097643098,0.647356902356902,4.80762626262626,5.44479797979798,2.74237373737374,15.8,11.7333333333333,0.372448979591837,13,"Formal Sciences",1,1,4,"False",2,1,1,0.166666666666667,0.3,2.5,11,7,3.5,4,2.46598287589702,0.512186515831718,2.79754257643778,2.90958952985847,1.5703448270673,1.7057518957511,0,TRUE,0.900464326449086,1.58496250072116,2,4,37.2448979591837,-0.249310843030732,0.0932494388039798,-0.499609661351743,3.90689059560852,-0.154680454201032
"Engineering",3,2.5,0.5,8,17,1.38543417366947,0.973085901027077,0.41234827264239,0.25186741363212,0.527731092436975,3.10224089635854,3.62789449112979,1.82558356676004,20.3529411764706,4.88235294117647,0.182481751824818,20,"Engineering",2,1,2,"True",0.777777777777778,0.444444444444444,0.333333333333333,0.142857142857143,0.285714285714286,1.66666666666667,16,4,2.75,3.33333333333333,1.99928031629318,1.58729428924348,0.211762366983831,2.19443184912854,1.41395909286414,1.48136148496191,0,TRUE,1.8073549220576,0.584962500721156,1,2,18.2481751824818,0.638336484454361,-0.854297035375718,-1.23185079916866,3,-1.09383263466993
"Psychological Sciences",1.53846153846154,1.42307692307692,0.115384615384615,26,32,2.56529017857143,1.35199652777778,1.21329365079365,0.486359126984127,0.773301091269841,6.5484375,7.43251488095238,3.67775297619048,22.46875,15.15625,0.675438596491228,37,"Social Sciences",2,2,7,"True",1.775,1,0.763888888888889,0.354166666666667,0.55,3.15,19,12,5.42222222222222,6.04444444444444,5.06153374117531,1.61086713851274,1.86648518965531,6.81228341153516,2.24978526556987,2.61003513607292,0,TRUE,1.27684020535882,0.15754127698648,3,8,67.5438596491228,0.119078734126489,-1.25929850891508,0.66828368758537,4.70043971814109,0.667098261274102
"Biological Sciences",1.29032258064516,0.129032258064516,1.16129032258065,31,25,1.12079365079365,0.623428571428571,0.497365079365079,0.216984126984127,0.429301587301587,3.22409523809524,3.89242857142857,1.4712380952381,26.08,7.4,0.154255319148936,4,"Natural Sciences",0,0,2,"False",0.888888888888889,0.375,0.444444444444444,0.142857142857143,0.142857142857143,1.22222222222222,23,6,2.55555555555556,3.22222222222222,0.966873070987655,0.624711717372134,0.207671588666331,1.39688248141849,0.983297041075409,1.18189783036373,0,TRUE,0.175086706558091,1.1118928800709,1,2,15.4255319148936,-0.959296709938636,-0.3550060122847,-1.34065143505755,4.95419631038687,0.929881951026751
"Political Science",2.31578947368421,0,2.31578947368421,19,4,0.0625,0,0.0625,0.0625,0.0625,0.831845238095238,1.23214285714286,0.0625,32,2.75,0.444444444444444,0,"Social Sciences",0,0,5,"False",0,0,0,0,0,0,34,1,0.458333333333333,0.625,0.015625,0,0.015625,0.015625,0.125,0.125,1,FALSE,0,1.72935241005633,2,5,44.4444444444444,-1.13066826005398,0.230065588301651,-0.222098420486627,4.24792751344359,0.198488457855317
"Sociology",0.477272727272727,0.113636363636364,0.363636363636364,44,7,0.215986394557823,0,0.215986394557823,0.0654761904761905,0.19812925170068,0.380952380952381,0.439625850340136,0.19812925170068,19.1428571428571,0.857142857142857,0.317880794701987,5,"Social Sciences",0,1,4,"False",0.142857142857143,0,0.142857142857143,0,0.142857142857143,0.142857142857143,20,1,0.428571428571429,0.571428571428571,0.0680474570780693,0,0.0680474570780693,0.0480290330417881,0.260859075130748,0.219155271535476,1,FALSE,0.155278225477911,0.447458976971221,1,3,31.7880794701987,-0.978684875807268,-0.984588014492253,-0.709946308688368,5.4594316186373,1.45309042147613
"Biological Sciences",3.625,1.9375,1.6875,16,19,0.267857142857143,0.12531328320802,0.142543859649123,0.0087719298245614,0.103070175438596,1.90639097744361,2.37575187969925,0.902882205513785,22.4736842105263,4.36842105263158,0.410958904109589,31,"Natural Sciences",2,2,5,"True",0.125,0,0,0,0,0.666666666666667,16,2,1.16666666666667,1.28571428571429,0.193444507432603,0.0476445329593826,0.0953541260558804,2.37584661057405,0.43982326840744,1.5413781530092,1,TRUE,1.55458885167764,1.4262647547021,2,4,41.0958904109589,0.390933845218547,-0.057124050896644,-0.351170631748668,4,-0.0582587903533156
"Health",11.3333333333333,0.666666666666667,10.6666666666667,12,14,0.291071428571429,0.0714285714285714,0.219642857142857,0.0232142857142857,0.0803571428571429,1.825,2.12142857142857,0.317857142857143,12.2857142857143,3.14285714285714,0.739130434782609,8,"Medicine and Health",2,2,8,"True",0.1,0,0,0,0,0.0625,8.5,2,0.25,0.8,0.278423763736264,0.0233516483516483,0.284055631868132,0.189945054945055,0.527658756902853,0.435826863496337,1,TRUE,0.736965594166206,3.54432051622381,3,8,73.9130434782609,-0.409340303542138,1.94983221804925,0.913788055303626,3.58496250072116,-0.488060769017063
"Engineering",1.56666666666667,0.466666666666667,1.1,30,9,1.10568783068783,0.676851851851852,0.428835978835979,0.244444444444444,0.652777777777778,2.73218694885362,3.3863315696649,1.24920634920635,25,7.88888888888889,0.482352941176471,14,"Engineering",0,1,5,"False",0.125,0,0,0,0,0.142857142857143,24,3,0.666666666666667,0.888888888888889,7.9583417579995,3.69503086419753,0.849447908793147,9.87634495464853,2.8210533064796,3.14266526290162,1,TRUE,0.552541023028779,1.0703893278914,2,5,48.2352941176471,-0.589851578535432,-0.394332556818318,-0.075977633726338,4.90689059560852,0.880893390115584
"Physical Sciences",0.727272727272727,0.242424242424242,0.484848484848485,33,35,1.68741496598639,0.916666666666667,0.770748299319728,0.208333333333333,0.479591836734694,4.73775510204082,6.81785714285714,2.67925170068027,20.3428571428571,10.0285714285714,0.507462686567164,8,"Natural Sciences",0,0,6,"False",1,0.142857142857143,0.333333333333333,0,0,1.14285714285714,22,7,3.33333333333333,5,3.8770286686103,2.23830365479525,1.04675489243316,17.6226402465748,1.9690171834218,4.19793285398597,1,TRUE,0.31315788525963,0.570315724756755,2,5,50.7462686567164,-0.82415525696668,-0.868175536298887,0.0208095266238895,5.04439411935845,1.02328844281238
"Political Science",50.7777777777778,28.4444444444444,22.3333333333333,9,47,0.950118203309693,0.144123606889564,0.805994596420128,0.541911516379602,0.487613981762918,1.51143194866599,1.67926376224249,0.79193684566025,21.7234042553191,2.21276595744681,0.938271604938272,256,"Social Sciences",3,3,10,"True",0.777777777777778,0,0.666666666666667,0.444444444444444,0.428571428571429,0.714285714285714,18,1,1,1,0.466085552398573,0.0404429206670848,0.378666377975797,0.334270084365675,0.682704586478348,0.578160950225519,0,FALSE,4.87992354800825,4.54432051622381,3,10,93.8271604938272,3.64570842385527,2.89737869222895,1.68139075570105,3.16992500144231,-0.91786274768081
"Chemical Sciences",5.21739130434783,4.8695652173913,0.347826086956522,23,24,3.24305555555556,2.10950727513228,1.13354828042328,0.17989417989418,1.98664021164021,7.79756944444444,9.22571097883598,3.89277447089947,20.75,18.5,0.877049180327869,112,"Natural Sciences",3,3,9,"True",2.61111111111111,1.41428571428571,0.788888888888889,0.111111111111111,1.21111111111111,3.25396825396825,14.5,14,5.78571428571429,6.34126984126984,7.9400414626398,4.66008265797932,0.949253795435915,8.50961681262347,2.8178079179816,2.91712475095315,0,TRUE,2.55325364099382,0.430634354329862,3,10,87.7049180327869,1.36840801418946,-1.00053012635548,1.44540490496466,4.52356195605701,0.483928277218573
"Mathematical Sciences",17.625,11.125,6.5,8,69,1.63044105652801,0.416753455883891,1.21368760064412,0.807042997260389,0.578935315891838,2.09722326787544,2.38047033481816,1.18974005060962,22.0579710144928,4.08695652173913,0.92462311557789,89,"Formal Sciences",3,3,10,"True",1.33333333333333,0.285714285714286,1,0.375,0.428571428571429,1,20,3,1.66666666666667,1.85714285714286,2.16039432879658,0.273811785401291,1.35226716438051,0.627276976880393,1.46982799292862,0.792008192432624,0,FALSE,3.59991284218713,2.90689059560852,3,10,92.462311557789,2.39285820391,1.34583774423359,1.62878175836923,3,-1.09383263466993
"Engineering",3.37142857142857,3.37142857142857,0,35,25,2.63057142857143,1.92057142857143,0.71,0.235714285714286,1.35461904761905,8.4602380952381,9.75795238095238,4.40557142857143,22.2,18.56,0.8125,118,"Engineering",2,3,9,"True",2.7,1.33333333333333,0.7,0,1.25,3.33333333333333,21,16,6.5,7,4.07206664777022,2.82931530139834,0.344755409108088,13.5309642762661,2.01793623481274,3.67844590503463,0,TRUE,2.12810482574769,0,3,9,81.25,0.952280411296563,-1.40857619046139,1.19659585614075,5.12928301694497,1.11119716482585
"Health",1.54166666666667,0.791666666666667,0.75,24,62,2.69627496159754,1.33690476190476,1.35937019969278,0.701382488479263,0.738594470046083,5.81443932411674,6.67519201228879,3.27008448540707,16.8709677419355,10.0483870967742,0.945652173913044,19,"Medicine and Health",2,2,10,"True",1.73214285714286,1,1,0.5,0.4,2.5,14,8,4.775,5.41666666666667,5.83776785639339,1.91374312293223,1.84717201423139,4.73278514199616,2.41614731678211,2.17549652769113,0,TRUE,0.841302253980942,0.807354922057604,3,10,94.5652173913044,-0.307217558316042,-0.643569880654081,1.70983964284516,4.58496250072116,0.547513075299553
"Mathematical Sciences",2.62962962962963,0.37037037037037,2.25925925925926,27,4,0.342857142857143,0.0857142857142857,0.257142857142857,0,0.171428571428571,0.946428571428571,1.02142857142857,0.435714285714286,12.5,2,0.849056603773585,10,"Formal Sciences",1,2,9,"False",0.285714285714286,0.0714285714285714,0.214285714285714,0,0.142857142857143,0.514285714285714,13,2,1.14285714285714,1.14285714285714,0.124625850340136,0.0103401360544218,0.0930612244897959,0.0981632653061224,0.353023866530488,0.313310174278019,0,FALSE,0.454565863465481,1.70454411647383,3,9,84.9056603773585,-0.685747807879317,0.206558577187136,1.33750568283318,4.75488750216347,0.723482962288675
"Engineering",1.05882352941176,0.588235294117647,0.470588235294118,17,8,1.2687003968254,0.49702380952381,0.771676587301587,0.122519841269841,0.576041666666667,2.93928571428571,3.34270833333333,1.55887896825397,18.625,5.25,0.452554744525547,10,"Engineering",0,0,5,"False",0.8,0.133928571428571,0.4375,0.125,0.5125,0.6125,16,2.5,1.5875,1.85,1.84791290706097,0.453231292517007,1.34929268516269,2.9548583638151,1.35937960373877,1.71897014628384,0,TRUE,0.667424660913129,0.556393348524385,2,5,45.2554744525547,-0.477405651062358,-0.881367634810072,-0.1908367369361,4.08746284125034,0.0323154403951519
"Chemical Sciences",0.291666666666667,0.166666666666667,0.125,24,8,1.1827380952381,0.866269841269841,0.316468253968254,0.209027777777778,0.423214285714286,3.17619047619048,3.5859623015873,1.87589285714286,20.125,7.375,0.0655737704918033,4,"Natural Sciences",0,0,1,"False",1,0.722222222222222,0.182539682539683,0,0.30952380952381,1.54166666666667,15,7,2.73809523809524,3.0952380952381,1.22451530612245,0.959396573444193,0.137574011085916,2.3277558106576,1.10657819702109,1.52569846649251,0,TRUE,0.222392421336448,0.169925001442312,1,1,6.55737704918033,-0.912994772857014,-1.24756435446975,-1.68248028025028,4.58496250072116,0.547513075299553
"Economics",0.842105263157895,0.263157894736842,0.578947368421053,19,12,1.04513888888889,0.28125,0.763888888888889,0.826388888888889,0.479166666666667,2.18402777777778,2.30902777777778,0.875,17,2.66666666666667,0.245508982035928,5,"Social Sciences",1,1,3,"False",0.708333333333333,0.333333333333333,0.354166666666667,0.5,0.333333333333333,0.833333333333333,11.5,2,2,2,1.59862952441077,0.064749053030303,1.4413930976431,0.375315656565657,1.26436921997128,0.612630113988577,0,FALSE,0.337034987277571,0.658963082164933,1,3,24.5508982035928,-0.800784802033147,-0.78417804534142,-0.988908206881991,4.24792751344359,0.198488457855317
"Computational Sciences",2.30769230769231,0.692307692307692,1.61538461538462,13,5,2.76444444444444,1.27444444444444,1.49,0.0844444444444444,0.277777777777778,7.69222222222222,8.5,4.20555555555556,12.6,13.2,0.173469387755102,9,"Formal Sciences",1,0,2,"False",2,1.44444444444444,0.25,0,0.222222222222222,5,13,14,8.75,9.5,7.7761975308642,0.364253086419753,6.97704320987654,3.23904320987654,2.78858342727346,1.7997342053416,0,TRUE,0.758991900496205,1.38702312310925,1,2,17.3469387755102,-0.387781372351466,-0.0943073205535082,-1.26658954752226,3.70043971814109,-0.368475583042514
"Political Science",5.10344827586207,1.96551724137931,3.13793103448276,29,18,1.26095679012346,0.189351851851852,1.0716049382716,0.6875,0.717746913580247,1.22083333333333,1.32608024691358,0.822222222222222,11.7222222222222,1.61111111111111,0.425925925925926,57,"Social Sciences",3,3,5,"True",1,0.0555555555555556,1,0.583333333333333,0.625,0.8375,8.5,1.5,1,1.0625,1.36433412511095,0.12702818627451,0.988332929879771,0.357165032679739,1.16804714164752,0.597632857764479,0,FALSE,1.56828375957453,2.04890960048095,2,4,42.5925925925926,0.404338161520527,0.532860877387266,-0.293479264593665,4.85798099512757,0.83024388712154
"Sociology",2.9047619047619,0.714285714285714,2.19047619047619,21,40,1.16361111111111,0.381240079365079,0.782371031746032,0.471230158730159,0.514335317460317,2.00102182539683,2.27580357142857,1.1543253968254,21.575,3.475,0.463576158940397,15,"Social Sciences",2,2,5,"True",0.708333333333333,0.0625,0.571428571428571,0.401785714285714,0.30952380952381,0.816666666666667,19,2,1.1875,1.25892857142857,1.64094594646976,0.550127429788392,0.631297280587211,2.46772497916545,1.28099412429166,1.57089941726562,0,FALSE,0.777607578663552,1.67377176767901,2,5,46.3576158940397,-0.369560699367774,0.17740034658438,-0.148353972270085,4.39231742277876,0.348014871346073
"Anthropology",4.46153846153846,1.07692307692308,3.38461538461538,13,12,1.40658068783069,0.497189153439153,0.909391534391534,0.658234126984127,0.364583333333333,2.47800925925926,2.76124338624339,1.42542989417989,18.4166666666667,4.66666666666667,0.666666666666667,14,"Social Sciences",2,2,7,"True",1.07142857142857,0.492063492063492,0.773809523809524,0.5625,0.30952380952381,1.46428571428571,10.5,5,2.38392857142857,2.64285714285714,0.627579979452499,0.128650778142346,0.663120958259847,0.289483166653305,0.792199456862033,0.538036399004106,0,FALSE,1.05444778402238,2.13245029602365,3,8,66.6666666666667,-0.098594753070474,0.612019568899274,0.634471708797826,3.70043971814109,-0.368475583042514
"Mathematical Sciences",10.8,3.4,7.4,5,16,2.36284722222222,0.821056547619048,1.54179067460317,0.518849206349206,0.852306547619048,2.6499255952381,3.0952380952381,1.4500248015873,16.9375,5.625,0.613207547169811,17,"Formal Sciences",3,2,7,"True",1.8452380952381,0.452380952380952,1.26785714285714,0.380952380952381,0.285714285714286,1.19444444444444,12.5,4.5,2.66071428571429,3.21428571428571,5.02414959425128,1.05625063972348,2.24315605775489,0.816963350733812,2.24146148622975,0.903860249559528,0,FALSE,2.13750352374994,3.0703893278914,2,7,61.3207547169811,0.961479678775942,1.50076039154108,0.428410026752981,2.32192809488736,-1.79602616417052
"Health",0.676470588235294,0.264705882352941,0.411764705882353,34,17,2.98137254901961,1.48823529411765,1.49313725490196,1.06372549019608,0.909150326797386,8.06241830065359,8.77712418300653,4.51601307189542,14.7647058823529,13.9411764705882,0.630434782608696,9,"Medicine and Health",2,2,7,"True",2.8,1,1.5,1,0.8,3.66666666666667,10,11,7,7.2,4.98735702614379,1.83721405228758,1.05732843137255,14.0331554103123,2.23323913321968,3.74608534477156,0,TRUE,0.338801913451758,0.497499659470817,2,7,63.0434782608696,-0.799055368180843,-0.937172142224216,0.494813535544926,5.08746284125034,1.06788928471177
"Physical Sciences",16,13.5,2.5,2,24,2.29117063492063,1.25972222222222,1.03144841269841,0.194097222222222,1.21416997354497,3.46150793650794,3.99169973544974,1.89293981481482,19.125,6.79166666666667,0.616915422885572,27,"Natural Sciences",3,1,7,"True",1.1984126984127,0.428571428571429,0.401785714285714,0,0.527777777777778,1.64285714285714,15,7,2.69047619047619,3.46428571428571,18.0576082882831,10.2211097144172,2.40044571310811,2.48600845382101,4.24942446553449,1.57670810672775,0,TRUE,3.85798099512757,1.8073549220576,2,7,61.6915422885572,2.64545042107032,0.303976593525617,0.442702276868471,1,-3.16498032330316
"Chemical Sciences",6,2.75,3.25,4,13,2.85860805860806,2.05888278388278,0.799725274725275,0.439010989010989,1.51410256410256,6.24578754578755,7.17032967032967,3.21620879120879,26.6923076923077,9.53846153846154,0.317535545023697,11,"Natural Sciences",2,0,4,"True",1.28571428571429,1,0.142857142857143,0,0.333333333333333,2.14285714285714,25,6,4.57142857142857,4.71428571428571,16.1211730333159,7.44192711058782,2.94587683150183,9.92347494767138,4.01511805969836,3.15015474979744,0,TRUE,1.90689059560852,2.08746284125034,1,3,31.7535545023697,0.735760115314281,0.569391864746505,-0.711277096215426,2,-2.12940647898655
"Economics",0.87719298245614,0.175438596491228,0.701754385964912,57,7,0.36734693877551,0.0612244897959184,0.306122448979592,0.224489795918367,0.102040816326531,0.897959183673469,1.12244897959184,0.36734693877551,24.5714285714286,2.14285714285714,0.0838323353293413,10,"Social Sciences",1,1,1,"False",0,0,0,0,0,0,19,2,0.428571428571429,0.571428571428571,0.352769679300292,0.0126336248785228,0.254616132167153,0.352769679300292,0.593944171871643,0.593944171871643,0,FALSE,0.233199176293031,0.767022828022386,1,1,8.38323353293413,-0.902417325916393,-0.681786414153436,-1.61210144465481,5.83289001416474,1.8398341678248
"Health",0.108108108108108,0.027027027027027,0.0810810810810811,37,15,1.60738095238095,0.789047619047619,0.818333333333333,0.364047619047619,0.442380952380952,3.70873015873016,4.29063492063492,1.9297619047619,16.4,8.06666666666667,0.402173913043478,1,"Medicine and Health",0,0,5,"False",1,0.5,0.5,0.25,0,1.875,16,6,3.5,3.8,3.41956717687075,0.891003036929057,1.08983940719145,3.06774720602527,1.84920717521611,1.75149856009797,0,TRUE,0.0384741478146356,0.112474729258413,2,4,40.2173913043478,-1.09301049333956,-1.30200115731826,-0.385032955948343,5.20945336562895,1.19421948101273
"Mathematical Sciences",0.64,0.04,0.6,25,10,1.19836219336219,0.207864357864358,0.990497835497835,0.337662337662338,0.553232323232323,1.36204906204906,1.50849206349206,0.884945887445887,13.2,2.2,0.120603015075377,1,"Formal Sciences",0,0,2,"False",0.95,0.0555555555555556,0.95,0.25,0.55,0.725,10,1,1.21428571428571,1.38888888888889,1.11547976622544,0.104995585623291,0.642668183067534,0.290307388589044,1.05616275555685,0.538801808264453,0,FALSE,0.0565835283663675,0.678071905112638,1,1,12.0603015075377,-1.07528537486662,-0.766071547531598,-1.47036644808709,4.64385618977472,0.608501839278744
"Sociology",0.206896551724138,0.0344827586206896,0.172413793103448,29,6,0.613095238095238,0.0476190476190476,0.56547619047619,0.523809523809524,0.30952380952381,0.952380952380952,0.952380952380952,0.535714285714286,13,1.33333333333333,0.423841059602649,1,"Social Sciences",0,0,5,"False",0.428571428571429,0,0.428571428571429,0.357142857142857,0.428571428571429,0.464285714285714,12.5,1,1,1,0.225722789115646,0.0054421768707483,0.268579931972789,0.0607142857142857,0.475102924760147,0.246402690152291,0,FALSE,0.0489096004809465,0.229481846122767,2,4,42.3841059602649,-1.08279647004369,-1.19113147627951,-0.30151551856598,4.85798099512757,0.83024388712154
"Chemical Sciences",1.48275862068966,1,0.482758620689655,29,3,0,0,0,0,0,0.533333333333333,0.933333333333333,0,14.3333333333333,1.33333333333333,0.229508196721312,29,"Natural Sciences",1,1,3,"False",0,0,0,0,0,0,14,1,0.6,0.8,0,0,0,0,0,0,0,TRUE,1,0.568283759574526,1,2,22.9508196721311,-0.151887212170812,-0.870100917742963,-1.05058428323716,4.85798099512757,0.83024388712154
"Engineering",8,5.60869565217391,2.39130434782609,23,9,0.0833333333333333,0.0555555555555556,0.0277777777777778,0,0,0.305555555555556,0.527777777777778,0.0833333333333333,6.88888888888889,0.444444444444444,0.429411764705882,129,"Engineering",3,3,5,"True",0,0,0,0,0,0,5,0,0,0,0.0625,0.0277777777777778,0.00694444444444444,0.0625,0.25,0.25,0,TRUE,2.72436555738657,1.76184026280524,2,5,42.9411764705882,1.53588911502166,0.260849338627545,-0.280042870408811,4.52356195605701,0.483928277218573
"Computational Sciences",3.56521739130435,2.43478260869565,1.1304347826087,23,3,0,0,0,0,0,1.33333333333333,1.33333333333333,0,16.6666666666667,1.33333333333333,0.311224489795918,56,"Formal Sciences",2,2,4,"True",0,0,0,0,0,0,3,2,2,2,0,0,0,0,0,0,0,TRUE,1.78021879212009,1.0911478880582,1,3,31.1224489795918,0.611776154758627,-0.374662856323222,-0.735603472481133,4.52356195605701,0.483928277218573
"Biological Sciences",1.4,0.3,1.1,10,32,1.70271577380952,0.995386904761905,0.707328869047619,0.182837301587302,0.947718253968254,4.82307787698413,5.58101438492064,2.52545882936508,23.09375,10.4375,0.349693251533742,3,"Natural Sciences",0,0,4,"False",0.75,0.611111111111111,0.388888888888889,0,0.5,1.58333333333333,20,6,3.5625,3.8125,5.35079266644494,2.43682053810174,1.63526603337534,7.40635431762871,2.31317804469196,2.72146179793667,0,TRUE,0.37851162325373,1.0703893278914,1,4,34.9693251533742,-0.760188256809733,-0.394332556818318,-0.58732310751282,3.32192809488736,-0.760452319853902
"Psychological Sciences",1.40909090909091,0.409090909090909,1,22,21,1.37562014704872,0.611404864976294,0.764215282072425,0.445856524427953,0.351643990929705,3.19468494468495,3.622113997114,1.66612554112554,16.7619047619048,6.14285714285714,0.105263157894737,9,"Social Sciences",1,1,2,"False",1,0.5,0.454545454545455,0.5,0.272727272727273,1.25,13,5,3.5,4,1.63953060087307,0.228486111668858,0.855781843178772,1.34214642482337,1.28044156480219,1.15851043362733,0,TRUE,0.494764691749578,1,1,1,10.5263157894737,-0.646401956607733,-0.461029716281691,-1.529494933605,4.4594316186373,0.417516577159516
"Political Science",4.5,1.5,3,8,10,0.601388888888889,0.0616666666666667,0.539722222222222,0.443492063492063,0.3475,0.798571428571429,0.838253968253968,0.482380952380952,16.6,1,0.259259259259259,12,"Social Sciences",2,2,3,"True",0.607142857142857,0,0.482142857142857,0.472222222222222,0.238095238095238,0.619047619047619,15,1,1,1,0.256099746997564,0.01025,0.233330199672462,0.138875283446712,0.506062987183971,0.372659742186773,0,FALSE,1.32192809488736,2,1,3,25.9259259259259,0.163209905886072,0.486516757898007,-0.935906861557005,3,-1.09383263466993
"Physical Sciences",0.652173913043478,0.260869565217391,0.391304347826087,23,7,0.821712018140589,0.160714285714286,0.660997732426304,0.369047619047619,0.293650793650794,1.84863945578231,2.23214285714286,0.795351473922903,25.1428571428571,3.57142857142857,0.144278606965174,6,"Natural Sciences",0,0,2,"False",0.571428571428571,0,0.571428571428571,0.25,0.25,0.666666666666667,21,3,1.33333333333333,2,0.38283471457366,0.0453869047619048,0.330113626138286,0.234277143397041,0.618736385364284,0.484021841859478,0,TRUE,0.334419039070559,0.476438043942987,1,1,14.4278606965174,-0.803345242560413,-0.957129001758139,-1.3791073264604,4.52356195605701,0.483928277218573
"Health",0.208333333333333,0.0833333333333333,0.125,24,1,2,0,2,0.5,0,1,1,1,9,1,0.467391304347826,2,"Medicine and Health",1,1,5,"False",2,0,2,0.5,0,1,9,1,1,1,NA,NA,NA,NA,NA,NA,0,TRUE,0.115477217419936,0.169925001442312,2,5,46.7391304347826,-1.01764134818106,-1.24756435446975,-0.133648244093124,4.58496250072116,0.547513075299553
"Psychological Sciences",6.14285714285714,4.42857142857143,1.71428571428571,7,33,2.4832918344282,1.38825286666196,1.09503896776624,0.56714985351349,0.972396668987578,5.66213113485841,6.5336198313471,2.84839613248704,19.2727272727273,8.09090909090909,0.68859649122807,31,"Social Sciences",3,2,7,"True",2,1.07142857142857,0.8,0.4375,0.666666666666667,3,17,6,5.66666666666667,6.25,3.9737386709577,1.58028496515485,1.71439157644294,3.65858904409797,1.99342385632301,1.91274385219192,0,TRUE,2.44057259138598,1.44057259138598,3,8,68.859649122807,1.25811793837773,-0.0435667106936912,0.719001655766686,2.8073549220576,-1.29333083862341
"Chemical Sciences",11.25,4.625,6.625,8,30,3.61518592518593,2.71351925851926,0.901666666666667,0.182049062049062,2.06890054390054,9.51276334776335,11.0029225404225,4.88495328745329,23,16.7333333333333,0.66824644549763,37,"Natural Sciences",3,2,7,"True",2.5625,1.9,0.333333333333333,0,1.55,4.5625,24.5,12.5,9.19444444444444,10.5833333333333,19.6434751764192,8.69546639626183,3.07460703425687,13.377304545495,4.43209602518032,3.65749976698495,0,TRUE,2.49185309632967,2.93073733756289,3,8,66.824644549763,1.30831032474249,1.36843364049312,0.640561069906483,3,-1.09383263466993
"Political Science",5.33333333333333,1.33333333333333,4,6,15,1.51873015873016,0.83489417989418,0.683835978835979,0.905396825396825,0.575634920634921,2.33965608465608,2.64944444444444,1.41724867724868,18.8666666666667,4.86666666666667,0.524691358024691,8,"Social Sciences",2,1,6,"True",0.777777777777778,0.222222222222222,0.444444444444444,0.571428571428571,0.222222222222222,1,20,3,1.42857142857143,1.875,2.45413524457402,2.25964066305534,0.795129001247765,1.82358514799218,1.56656798274892,1.35040184685603,0,FALSE,1.22239242133645,2.32192809488736,2,6,52.4691358024691,0.0657862750261509,0.791558589147915,0.0872185706438698,2.58496250072116,-1.52363461333368
"Mathematical Sciences",9,1.1,7.9,10,16,2.30342261904762,0.538095238095238,1.76532738095238,0.403645833333333,0.580109126984127,2.83209325396825,3.28420138888889,1.60808531746032,15.3125,5,0.386792452830189,11,"Formal Sciences",2,2,4,"True",2,0.472222222222222,0.944444444444444,0.145833333333333,0.416666666666667,1.375,9,3.5,2.1,2.1,2.95960762314185,0.318601494918955,2.61439657081969,0.661462183484505,1.72035101742111,0.813303254318157,0,FALSE,1.0703893278914,3.15380533607904,2,4,38.6792452830189,-0.0829914720574774,1.57980093598942,-0.444321803084009,3.32192809488736,-0.760452319853902
"Computational Sciences",4.32,2.68,1.64,25,33,3.28029428483974,2.18884406838952,1.09145021645022,0.285889194980104,0.434358738904193,8.2975665748393,9.52396366260003,4.67612707158162,14.8484848484848,17.7878787878788,0.596938775510204,67,"Formal Sciences",2,2,6,"True",3,2,1,0.111111111111111,0.333333333333333,5.1,11,15,8.6,9.66666666666667,3.55140738157692,1.80339907372841,1.16691305952095,4.90752813465891,1.88451781142469,2.21529414179222,0,TRUE,1.87970576628229,1.40053792958373,2,7,59.6938775510204,0.709152119579829,-0.0815014133293926,0.365700979456021,4.64385618977472,0.608501839278744
"Sociology",5.6,1.2,4.4,5,21,2.09266817838246,0.98505291005291,1.10761526832955,0.894387755102041,0.772845804988662,3.11751700680272,3.40049130763416,1.81404006046863,17.1428571428571,6,0.443708609271523,6,"Social Sciences",2,1,5,"True",1.625,0.571428571428571,0.714285714285714,0.5,0.5,1.42857142857143,14,5,2.85714285714286,3.5,3.88846772831708,2.18256173364408,1.09591965260531,3.40423326839554,1.9719198077805,1.84505644043632,0,FALSE,1.13750352374994,2.43295940727611,2,5,44.3708609271523,-0.0173013691072225,0.896765917725414,-0.224934745418032,2.32192809488736,-1.79602616417052
"Engineering",8.2,3.66666666666667,4.53333333333333,15,100,2.97614538239538,1.76611832611833,1.21002705627706,0.251861471861472,0.931674963924964,5.31210822510822,6.18026659451659,2.97653968253968,14.86,9.02,0.408759124087591,55,"Engineering",2,3,5,"True",2,1,0.464285714285714,0,0.366666666666667,2.16666666666667,11,6,3.84444444444444,4.44444444444444,14.4643494675767,5.96877219098211,4.89050129820006,8.32074778700868,3.80320252781477,2.88457064170886,0,TRUE,2.22239242133645,2.46814883573841,2,4,40.8759124087591,1.04456732290932,0.930109536593265,-0.359649828108948,3.90689059560852,-0.154680454201032
"Economics",1.2,1,0.2,10,18,0.717614638447972,0.317901234567901,0.39971340388007,0.321869488536155,0.208443562610229,1.61966490299824,1.71926807760141,0.931900352733686,21.7777777777778,3.11111111111111,0.342857142857143,10,"Social Sciences",2,1,4,"True",0.6,0.1625,0.366666666666667,0.211111111111111,0.173611111111111,0.875,13.5,2.5,1.575,1.675,0.275700282685091,0.141486222060841,0.116208850309671,0.594004808199,0.525071692900208,0.770717074028466,0,FALSE,1,0.263034405833794,1,4,34.2857142857143,-0.151887212170812,-1.15933886662563,-0.613673336730948,3.32192809488736,-0.760452319853902
"Health",22.25,17.75,4.5,4,18,3.19475308641975,2.33496472663139,0.85978835978836,0.299162257495591,1.25749559082892,6.79021164021164,7.531569664903,4.15648148148148,13.9444444444444,10,0.683333333333333,71,"Medicine and Health",3,3,7,"True",2.25,1.52777777777778,0.5,0.0555555555555556,0.722222222222222,3.6875,13.5,6,7.35416666666667,7.83333333333333,9.26968847827197,6.97658852224017,1.3390689609177,10.0778725934818,3.04461631051796,3.17456652056337,0,TRUE,4.22881869049588,2.4594316186373,3,8,68.3333333333333,3.00841932913749,0.92184956826445,0.69871446849416,2,-2.12940647898655
"Mathematical Sciences",2.31578947368421,0,2.31578947368421,19,20,1.23013888888889,0.247063492063492,0.983075396825397,0.381845238095238,0.403015873015873,1.26373015873016,1.45575396825397,0.762142857142857,22.45,2.35,0.100502512562814,0,"Formal Sciences",0,0,2,"False",0.585714285714286,0.125,0.472222222222222,0.196428571428571,0.375,0.535714285714286,23.5,2,1.0625,1.1875,2.18558617898914,0.10815186776465,1.61884882966344,0.399736003368209,1.4783728146138,0.632246789923214,0,FALSE,0,1.72935241005633,1,1,10.0502512562814,-1.13066826005398,0.230065588301651,-1.54784515324849,4.24792751344359,0.198488457855317
"Engineering",4.85714285714286,2,2.85714285714286,7,36,2.17673059964727,1.48606701940035,0.690663580246914,0.259711199294533,0.442592592592593,5.22655423280423,6.07264109347443,2.60080467372134,18.3333333333333,12.3611111111111,0.220858895705521,14,"Engineering",2,1,3,"True",1.47222222222222,1,0.222222222222222,0,0.30952380952381,2,14,8,4,4.5,4.59838997006063,2.15521842293649,1.15570081962091,5.14180648675549,2.14438568593913,2.26755517832654,0,TRUE,1.58496250072116,1.94753258010586,1,2,22.0858895705521,0.420662997257398,0.436801439168013,-1.08392358123908,2.8073549220576,-1.29333083862341
"Political Science",1.31034482758621,0.344827586206897,0.96551724137931,29,9,0.790873015873016,0.172442680776014,0.618430335097002,0.591446208112875,0.41820987654321,1.46887125220459,1.68835978835979,0.614462081128748,18.7777777777778,2.66666666666667,0.222222222222222,10,"Social Sciences",1,1,3,"False",0.571428571428571,0,0.333333333333333,0.444444444444444,0.285714285714286,0.333333333333333,17,2,1.25,1.5,0.651826814058957,0.0591461605218219,0.494027427843565,0.27166505696929,0.807357921902645,0.521214981528054,0,FALSE,0.427421223734676,0.97490901903717,1,2,22.2222222222222,-0.712316466799445,-0.484804586826731,-1.07866854977108,4.85798099512757,0.83024388712154
"Chemical Sciences",3.5,3.1,0.4,10,26,1.74847097347097,1.37335026085026,0.375120712620713,0.214636752136752,0.643156843156843,6.21995781995782,7.05320235320235,3.11837329337329,19.2307692307692,13.2307692307692,0.175355450236967,31,"Natural Sciences",2,2,2,"True",0.844444444444444,0.844444444444444,0.267857142857143,0,0.205357142857143,2.9375,17.5,10,6.375,6.75,4.13333320861438,3.18264313715986,0.204448430808009,5.08215332835355,2.03306006025754,2.25436317578902,0,TRUE,2.03562390973072,0.485426827170242,1,2,17.5355450236967,0.861761843408284,-0.948611711903989,-1.25931959599458,3.32192809488736,-0.760452319853902
"Psychological Sciences",5.08333333333333,0.833333333333333,4.25,12,25,2.03467243867244,1.14095815295815,0.893714285714286,0.771440115440115,0.619372294372294,5.68292207792208,6.45266522366522,3.04420202020202,18.2,12.36,0.407894736842105,10,"Social Sciences",1,1,5,"False",1.6,0.666666666666667,0.625,0.5,0.3,2,13,7,3.8,3.8,2.96471416599774,1.27151219990828,1.04095126133787,9.28672767045064,1.72183453502296,3.04741327529606,0,TRUE,0.874469117916141,2.39231742277876,2,4,40.7894736842105,-0.274754460478549,0.858255748611288,-0.362981665434728,3.58496250072116,-0.488060769017063
"Health",0.333333333333333,0,0.333333333333333,27,23,1.03417874396135,0.397929606625259,0.636249137336094,0.358005521048999,0.396445824706694,2.7450138026225,3.12625948930297,1.1475845410628,15.695652173913,5.17391304347826,0.119565217391304,0,"Medicine and Health",0,0,2,"False",1,0.333333333333333,0.5,0.222222222222222,0.25,1.2,15,5,2.6,3,1.09164797499295,0.175088798365196,0.589351731726214,1.05550043967228,1.04481958968664,1.02737551054728,0,TRUE,0,0.415037499278844,1,1,11.9565217391304,-1.13066826005398,-1.01530887136736,-1.47436670732096,4.75488750216347,0.723482962288675
"Anthropology",2.77777777777778,0.333333333333333,2.44444444444444,9,17,1.65898692810458,0.377591036414566,1.28139589169001,0.890709617180206,0.521125116713352,1.8436974789916,2.00772642390289,1.07219887955182,19.0588235294118,3.76470588235294,0.369565217391304,3,"Social Sciences",1,0,4,"False",1.33333333333333,0.333333333333333,1,0.428571428571429,0.5,1,17,3,1.875,2,2.85177348948839,0.192630387803269,2.02644579243735,0.331694489138248,1.68871948217825,0.575929239697246,0,FALSE,0.415037499278844,1.78427130894456,1,4,36.9565217391304,-0.724437421599021,0.282103797309027,-0.510725311875954,3.16992500144231,-0.91786274768081
"Geography",1.75,0.875,0.875,8,5,0.95,0,0.95,0.2,0.5,1.03333333333333,1.26666666666667,0.542857142857143,15,2.6,0.369047619047619,7,"Social Sciences",2,1,4,"True",1,0,1,0,0.5,0.714285714285714,14,2,1,1,1.2625,0,1.2625,0.259183673469388,1.12361025271221,0.509100848034442,0,FALSE,0.906890595608518,0.906890595608518,1,4,36.9047619047619,-0.243020932568883,-0.549255204125811,-0.512720428636709,3,-1.09383263466993
"Engineering",6.81818181818182,5,1.81818181818182,11,53,2.29792602575621,1.53178346810422,0.766142557651992,0.251946690625936,0.772431865828092,4.36339472896077,4.97301587301587,2.52036537885594,17.1509433962264,8.83018867924528,0.569343065693431,55,"Engineering",3,3,6,"True",1.75,1,0.428571428571429,0.111111111111111,0.5,2.14285714285714,12,6,3.5,4,4.31503720929457,2.2021885796664,1.39560449113796,3.62819182664196,2.07726676411446,1.90478130677565,0,TRUE,2.58496250072116,1.49476469174958,2,6,56.9343065693431,1.39944404514056,0.00778282293422686,0.259331506191496,3.4594316186373,-0.6180572671571
"Political Science",1.22222222222222,0.166666666666667,1.05555555555556,18,9,0.909347442680776,0.22663139329806,0.682716049382716,0.58994708994709,0.404938271604938,1.03827160493827,1.11340388007055,0.782804232804233,20.5555555555556,1.44444444444444,0.12962962962963,3,"Social Sciences",0,0,2,"False",1,0,0.333333333333333,0.333333333333333,0.333333333333333,0.75,16,1,1,1,0.64452975840542,0.247970381568265,0.527318244170096,0.418812043335853,0.802826107202188,0.647156892365254,0,FALSE,0.222392421336448,1.03952836418664,1,1,12.962962962963,-0.912994772857014,-0.423574754166551,-1.43557277030627,4.16992500144231,0.117711096635806
"Anthropology",0.574074074074074,0.185185185185185,0.388888888888889,54,12,1.46309523809524,0.301587301587302,1.16150793650794,0.891666666666667,0.528571428571429,2.00833333333333,2.06190476190476,1.21904761904762,9.33333333333333,3.16666666666667,0.22463768115942,10,"Social Sciences",0,2,3,"False",1,0,1,0.928571428571429,0.5,0.833333333333333,9,1,1,1,3.37756802721088,0.449941592798736,1.49957723493438,2.72744176458462,1.83781610266394,1.65149682548427,0,FALSE,0.245112497836531,0.473931188332412,1,2,22.463768115942,-0.890756792572276,-0.959504363953217,-1.06935800488755,5.75488750216347,1.75905680660529
"Chemical Sciences",2.08333333333333,0.458333333333333,1.625,24,30,1.97246031746032,1.51539682539683,0.457063492063492,0.165343915343915,1.17506613756614,6.22925925925926,7.1098544973545,3.28589947089947,16.2666666666667,10.3666666666667,0.540284360189573,11,"Natural Sciences",0,0,6,"False",1.66666666666667,1.29166666666667,0.333333333333333,0.0555555555555556,0.881944444444444,3.45238095238095,13,9,7.47321428571429,8.25,1.8400291005291,1.4480929944136,0.243057786205159,3.71011522199344,1.35647672317998,1.92616593833279,0,TRUE,0.54432051622381,1.39231742277876,2,6,54.0284360189574,-0.59789765480013,-0.0892907255684105,0.147322820105246,4.58496250072116,0.547513075299553
"Economics",1.33333333333333,0.037037037037037,1.2962962962963,27,15,0.729417989417989,0.149074074074074,0.580343915343915,0.253888888888889,0.496481481481481,1.03862433862434,1.16814814814815,0.596825396825397,20.4666666666667,1.73333333333333,0.149700598802395,1,"Social Sciences",0,0,2,"False",0.625,0,0.5,0.125,0.375,0.6,17,2,1.2,1.2,0.619194895859579,0.0767588918283363,0.486637576635592,0.303388290501386,0.786889379684069,0.550806944855805,0,FALSE,0.0524674198941355,1.19930880822341,1,2,14.9700598802395,-1.07931414383027,-0.272175357776644,-1.35820790333996,4.75488750216347,0.723482962288675
"Mathematical Sciences",9.2,1.2,8,5,16,1.05133928571429,0.267113095238095,0.78422619047619,0.448660714285714,0.272569444444444,1.42881944444444,1.63380456349206,0.761656746031746,15.75,2.625,0.537688442211055,6,"Formal Sciences",3,1,6,"True",0.794642857142857,0,0.571428571428571,0.133928571428571,0.0714285714285714,0.571428571428571,14,1,1,1,1.07336486678005,0.21562677154195,0.678214758125472,0.424741158037289,1.03603323632982,0.651721687560947,0,FALSE,1.13750352374994,3.16992500144231,2,6,53.7688442211055,-0.0173013691072225,1.59507506806935,0.137316684012126,2.32192809488736,-1.79602616417052
"Sociology",1.56521739130435,0.347826086956522,1.21739130434783,23,13,2.1949938949939,1.23089133089133,0.964102564102564,0.855067155067155,0.614041514041514,2.80610500610501,3.06837606837607,1.83821733821734,26.5384615384615,5.61538461538461,0.390728476821192,8,"Social Sciences",1,1,4,"False",1.71428571428571,0.428571428571429,0.888888888888889,0.777777777777778,0.428571428571429,1.14285714285714,28,4,2.42857142857143,2.85714285714286,4.55376368781131,3.45816226395591,0.496297782170798,3.18081610041927,2.13395494043602,1.78348425852859,0,FALSE,0.430634354329862,1.14886338591448,2,4,39.0728476821192,-0.709171515468504,-0.319974739823971,-0.429150140479227,4.52356195605701,0.483928277218573
"Chemical Sciences",2,0.333333333333333,1.66666666666667,6,11,1.03715728715729,0.871572871572872,0.165584415584416,0.162337662337662,0.677489177489177,2.4963924963925,2.70562770562771,1.61002886002886,17.1818181818182,4.45454545454545,0.0983606557377049,2,"Natural Sciences",0,0,1,"False",0.857142857142857,0.571428571428571,0.25,0,0.5,1.66666666666667,11,3,2,2,0.714960546508166,0.747150644769693,0.0257498453927025,1.67935276804324,0.845553396603766,1.29589844048183,0,TRUE,0.415037499278844,1.41503749927884,1,1,9.83606557377049,-0.724437421599021,-0.0677623971876632,-1.55610108084766,2.58496250072116,-1.52363461333368
"Computational Sciences",19.4,10,9.4,5,18,1.84013949013949,1.04617404200738,0.793965448132115,0.232982603815937,0.266452220618887,4.89578122494789,5.75992464325798,2.28366201699535,16.1111111111111,10.1111111111111,0.316326530612245,50,"Formal Sciences",3,2,4,"True",1.54761904761905,0.845238095238095,0.645833333333333,0.1125,0.236111111111111,1.99166666666667,13.5,10.5,4.29166666666667,5.35,1.46961348956479,0.877701129957986,0.298829852082485,2.26102590973471,1.21227616060236,1.50367081162557,0,TRUE,3.4594316186373,3.37851162325373,1,3,31.6326530612245,2.25535784471599,1.79272058612781,-0.715937321553684,2.32192809488736,-1.79602616417052
"Political Science",5.29411764705882,0.235294117647059,5.05882352941176,17,16,0.972842261904762,0.234499007936508,0.738343253968254,0.670882936507937,0.271329365079365,1.57490079365079,1.75880456349206,0.909598214285714,16.5625,2.6875,0.240740740740741,4,"Social Sciences",1,1,3,"False",0.5,0.111111111111111,0.5,0.472222222222222,0.154761904761905,0.732142857142857,15.5,2,1.25396825396825,1.44444444444444,0.655520764440035,0.108157081312463,0.421895667989418,0.372421668320106,0.809642368234293,0.610263605600159,0,FALSE,0.304854581528421,2.59903768593288,1,3,24.0740740740741,-0.832282373293605,1.05413280510447,-1.00728770566404,4.08746284125034,0.0323154403951519
"Psychological Sciences",2.27272727272727,1,1.27272727272727,11,46,2.10697032436163,1.11593340234645,0.991036922015183,0.587387853692202,0.616088681849551,4.67355935127674,5.39464285714286,2.42945134575569,19.8695652173913,9.84782608695652,0.153508771929825,11,"Social Sciences",1,1,2,"False",1.58333333333333,0.583333333333333,0.875,0.133928571428571,0.354166666666667,1.9375,16.5,7.5,4.22916666666667,4.6375,7.08960027471357,3.27489032339094,1.24829327689655,4.68376052541253,2.6626303300897,2.16419974249433,0,TRUE,1,1.18442457113743,1,2,15.3508771929825,-0.151887212170812,-0.286278864148319,-1.34352905027351,3.4594316186373,-0.6180572671571
"Economics",6.83333333333333,0.666666666666667,6.16666666666667,6,16,1.41473214285714,0.72718253968254,0.687549603174603,0.37202380952381,0.571378968253968,3.06639384920635,3.38303571428571,1.78625992063492,17.4375,6.3125,0.155688622754491,4,"Social Sciences",2,1,2,"True",1.225,0.722222222222222,0.464285714285714,0.133928571428571,0.472222222222222,1.47222222222222,14,5.5,2.53571428571429,2.75,0.946605124611573,0.301475308641975,0.502362473230033,1.13719372795414,0.972936341500086,1.06639285816914,0,FALSE,0.736965594166206,2.84130225398094,1,2,15.5688622754491,-0.409340303542138,1.28368974237708,-1.33512667231134,2.58496250072116,-1.52363461333368
"Chemical Sciences",5.25,3.25,2,12,10,1.81392857142857,1.29718253968254,0.516746031746032,0.183055555555556,0.920238095238095,8.09837301587302,9.86936507936508,3.39126984126984,21.6,17.1,0.417061611374408,39,"Natural Sciences",2,2,5,"True",1.85416666666667,1.4375,0.55,0.145833333333333,0.9375,3.81944444444444,26.5,19,8.54166666666667,9.75,0.532634495464853,0.539336435500126,0.179435689090451,2.02627288569749,0.729818124922129,1.4234721232597,0,TRUE,2.08746284125034,1.58496250072116,2,4,41.7061611374408,0.912500807122199,0.0932494388039798,-0.327647346370019,3.58496250072116,-0.488060769017063
"Economics",8,2.33333333333333,5.66666666666667,9,26,0.753556166056166,0.067979242979243,0.685576923076923,0.324603174603175,0.364316239316239,1.39259768009768,1.54870268620269,0.84726800976801,21.6923076923077,2.11538461538462,0.766467065868264,21,"Social Sciences",3,2,8,"True",0.775,0,0.6,0.133928571428571,0.236111111111111,0.7,18.5,1,1,1,0.360708572446072,0.0106620278310754,0.328060026988003,0.877184609812586,0.600590186771373,0.936581341802508,0,FALSE,1.73696559416621,2.73696559416621,3,9,76.6467065868264,0.569440744341027,1.18482590824194,1.01915889260821,3.16992500144231,-0.91786274768081
"Anthropology",5.54545454545455,0.545454545454545,5,11,24,0.657721560846561,0.0706845238095238,0.587037037037037,0.520601851851852,0.388839285714286,1.0047619047619,1.13530092592593,0.539467592592593,19.25,1.54166666666667,0.731884057971015,6,"Social Sciences",2,1,8,"True",0.5,0,0.428571428571429,0.414285714285714,0.333333333333333,0.428571428571429,19.5,1,0.866071428571429,0.944444444444444,0.264573953289716,0.0566903051981662,0.277150424850563,0.140291141936512,0.514367527444838,0.374554591396917,0,FALSE,0.628031222613042,2.58496250072116,3,8,73.1884057971015,-0.515963201881438,1.04079591298368,0.885856420653046,3.4594316186373,-0.6180572671571
"Engineering",118,27,91,1,28,3.09786641929499,2.59295377241806,0.504912646876933,0.27247990105133,0.367571119356834,7.53863121005978,8.77690940012369,4.19380540094826,13.8571428571429,10.6428571428571,0.0823529411764706,27,"Engineering",3,1,1,"True",2.73214285714286,2.05555555555556,0.277777777777778,0.118055555555556,0.0625,3.8989898989899,13.5,11,7.34821428571429,9.34821428571428,5.13773178135623,3.98942343943161,0.521003639957217,7.28111087269863,2.2666565203745,2.69835336320109,0,TRUE,4.8073549220576,6.52356195605701,1,1,8.23529411764706,3.57467962810385,4.77280194009325,-1.61780386643835,0,-4.20055416761978
"Biological Sciences",3.375,1.5,1.875,8,27,1.54967666078777,0.995723104056437,0.553953556731335,0.146281599059377,0.929747207524985,5.79551734273956,6.76629923574368,2.88666960611405,17.3333333333333,10.3333333333333,0.122340425531915,12,"Natural Sciences",2,1,2,"True",1.375,0.8,0.25,0,0.888888888888889,2.4,11,7,5,5.5,1.30999514309259,0.776863339115323,0.513477545708586,3.88725401015635,1.14455019247414,1.97161203337684,0,TRUE,1.32192809488736,1.52356195605701,1,1,12.2340425531915,0.163209905886072,0.0350695691947578,-1.46366948553989,3,-1.09383263466993
"Psychological Sciences",5.57142857142857,4,1.57142857142857,7,23,2.84330572808834,1.52843340234645,1.31487232574189,0.779692891649413,1.02838164251208,4.82689786059351,5.38868184955142,2.86571773636991,19.2608695652174,8.26086956521739,0.635964912280702,28,"Social Sciences",3,2,7,"True",2.375,1.14285714285714,1,0.571428571428571,0.666666666666667,2.25,18,5,3.4,3.7,7.47659765604382,3.19645789826691,1.22989516579579,5.04925750903494,2.73433678540955,2.24705529728019,0,TRUE,2.32192809488736,1.36257007938471,3,7,63.5964912280702,1.14199095376924,-0.117477715917657,0.516129783041421,2.8073549220576,-1.29333083862341
"Health",0.964285714285714,0.0357142857142857,0.928571428571429,28,16,1.20647321428571,0.510416666666667,0.696056547619048,0.106150793650794,0.505704365079365,3.12375992063492,3.67113095238095,1.67919146825397,15.4375,4.6875,0.566666666666667,1,"Medicine and Health",0,0,6,"False",1,0.388888888888889,0.5,0,0.30952380952381,1.40178571428571,12.5,5,2.72222222222222,3.16666666666667,0.603699750540648,0.37468479675821,0.329012985402494,2.11068579341459,0.776981177726107,1.45281994528386,0,TRUE,0.0506260730699681,0.947532580105864,2,6,56.6666666666667,-1.08111641920434,-0.510745035011685,0.249015150619822,4.8073549220576,0.777816850009819
"Mathematical Sciences",0.142857142857143,0,0.142857142857143,28,1,0,0,0,0,0,0.4,0.6,0,19,1,0.0603015075376884,0,"Formal Sciences",0,0,1,"False",0,0,0,0,0,0,19,1,0.4,0.6,NA,NA,NA,NA,NA,NA,0,FALSE,0,0.192645077942396,1,1,6.03015075376884,-1.13066826005398,-1.226036026089,-1.70280256357131,4.8073549220576,0.777816850009819
"Physical Sciences",1.05882352941176,0.0588235294117647,1,34,20,1.29871031746032,0.798015873015873,0.500694444444445,0.06875,0.500396825396825,5.93134920634921,7.1702380952381,2.78164682539683,18.45,12.3,0.18407960199005,2,"Natural Sciences",0,0,2,"False",0.928571428571429,0.472222222222222,0.196428571428571,0,0.182539682539683,2.0625,10,13,6.375,7.375,2.37870489509156,0.867860623781676,0.64660380904311,5.62069711108127,1.54230505902418,2.37080094294761,0,TRUE,0.082462160191973,1,1,2,18.407960199005,-1.04995586049057,-0.461029716281691,-1.22569178091692,5.08746284125034,1.06788928471177
"Sociology",0.659090909090909,0.0227272727272727,0.636363636363636,44,13,0.799145299145299,0.304700854700855,0.494444444444444,0.379059829059829,0.373717948717949,1.96431623931624,2.21089743589744,1.13846153846154,21.4615384615385,4.07692307692308,0.0993377483443708,1,"Social Sciences",0,0,1,"False",1,0.111111111111111,0.5,0.25,0.25,0.666666666666667,19,2,1,1.5,0.350939280626781,0.138990978157645,0.203007973251029,1.42344373219373,0.592401283444576,1.19308161170715,0,FALSE,0.0324214776923774,0.710493382805015,1,1,9.93377483443708,-1.09893473214431,-0.73535069065649,-1.55233481331579,5.4594316186373,1.45309042147613
"Political Science",8.06666666666667,0.2,7.86666666666667,15,25,1.27207936507936,0.259015873015873,1.01306349206349,0.881206349206349,0.494,1.98338095238095,2.2641746031746,1.07995238095238,18.56,4.32,0.314814814814815,3,"Social Sciences",1,0,4,"False",1,0.142857142857143,0.833333333333333,0.571428571428571,0.333333333333333,1,18,4,1.77777777777778,2,1.10983382779038,0.128081020093223,0.956427126900143,0.546560651297556,1.05348651049284,0.739297403821734,0,FALSE,0.263034405833794,3.14839183989267,1,3,31.4814814814815,-0.87321516868265,1.57467139676504,-0.721764329235891,3.90689059560852,-0.154680454201032
"Sociology",3.125,1.1875,1.9375,16,26,0.947420634920635,0.218287268287268,0.729133366633366,0.65801837051837,0.55492007992008,1.77457542457542,1.98660367410367,0.884029859029859,15.6538461538462,3.03846153846154,0.675496688741722,19,"Social Sciences",2,2,7,"True",0.788888888888889,0.118055555555556,0.6,0.535714285714286,0.3875,0.651515151515151,12.5,2,1.24285714285714,1.30952380952381,0.94266632968002,0.145317437612892,0.478835076301364,0.632267210839505,0.970910052311758,0.7951523192694,1,FALSE,1.12928301694497,1.55458885167764,3,8,67.5496688741722,-0.0253474453719205,0.0644689947448221,0.668507607974692,4,-0.0582587903533156
"Mathematical Sciences",23,11.3333333333333,11.6666666666667,3,41,1.23350754936121,0.30018389469609,0.933323654665118,0.488763066202091,0.398799845141309,1.53066202090592,1.67327719705768,0.957452574525745,22.0243902439024,2.53658536585366,0.824120603015075,34,"Formal Sciences",3,3,9,"True",1,0,0.777777777777778,0.375,0.125,0.75,21,1,1,1,1.4211341651611,0.293089876996417,0.832228194190955,0.771524726884882,1.19211331892614,0.878364802849524,1,FALSE,3.62449086490779,3.66296501272243,3,9,82.4120603015075,2.41691470674343,2.06225339238734,1.24138823256219,1.58496250072116,-2.55920845765029
"Medical Sciences",0.2,0.05,0.15,20,4,0.208333333333333,0.0833333333333333,0.125,0,0.0833333333333333,2.375,2.79166666666667,0.458333333333333,34.5,5,0.313725490196078,1,"Medicine and Health",0,0,4,"False",0.166666666666667,0,0,0,0,0.25,37.5,3,1,1,0.0625,0.0277777777777778,0.0625,0.395833333333333,0.25,0.629152869605896,0,TRUE,0.070389327891398,0.20163386116965,1,3,31.3725490196078,-1.06177251994064,-1.21751873623485,-0.725963202418658,4.32192809488736,0.275121524462715
"Economics",2.25,0,2.25,16,18,1.06157407407407,0.170590828924162,0.890983245149912,0.416225749559083,0.384744268077601,1.36003086419753,1.46084656084656,0.850396825396825,16.2222222222222,1.94444444444444,0.305389221556886,0,"Social Sciences",0,0,4,"False",1,0.0555555555555556,0.794642857142857,0.2875,0.292857142857143,1,17,1,1.27142857142857,1.51428571428571,0.679978458976183,0.048744347533252,0.644371096689705,0.210289615846339,0.824608063855904,0.458573457415863,0,FALSE,0,1.70043971814109,1,3,30.5389221556886,-1.13066826005398,0.202669469018323,-0.758095896595761,4,-0.0582587903533156
"Sociology",3.11111111111111,0.111111111111111,3,9,16,1.66956845238095,0.577827380952381,1.09174107142857,0.912251984126984,0.900545634920635,1.53826884920635,1.68258928571429,0.829117063492063,14.625,2.8125,0.370860927152318,1,"Social Sciences",0,0,4,"False",0.95,0.154761904761905,0.725,0.3375,0.364285714285714,0.635714285714286,15,3,1.29166666666667,1.5625,6.42511431760204,1.36363149565382,2.79340617323318,0.630633196334089,2.53478092102691,0.794124169342609,0,FALSE,0.15200309344505,2,2,4,37.0860927152318,-0.981890512970348,0.486516757898007,-0.505730913627175,3.16992500144231,-0.91786274768081
"Mathematical Sciences",9.28571428571429,0.142857142857143,9.14285714285714,7,37,1.03193908193908,0.208697983697984,0.823241098241098,0.382657657657658,0.462076362076362,1.50920205920206,1.67828185328185,0.914821964821965,18.7567567567568,1.75675675675676,0.472361809045226,1,"Formal Sciences",1,0,5,"False",0.714285714285714,0.125,0.571428571428571,0.25,0.333333333333333,0.714285714285714,15,1,1,1,0.925921137265383,0.0835169821181726,0.807522225551326,0.632348419139094,0.962247960385151,0.795203382248273,0,FALSE,0.192645077942396,3.34239219744708,2,5,47.2361809045226,-0.942110908795984,1.75849575155532,-0.11448910776245,2.8073549220576,-1.29333083862341
"Physical Sciences",2.86666666666667,1.66666666666667,1.2,15,26,2.06974275724276,0.90763542013542,1.16210733710734,0.964491064491064,0.29240897990898,4.07400238650239,4.58346930846931,2.21840798090798,24.7692307692308,7.5,0.512437810945274,25,"Natural Sciences",1,1,6,"False",1.25,0.414285714285714,0.211111111111111,0,0.145833333333333,1.45,24.5,5,2.6875,3.1625,12.5143535927777,1.4223796310812,12.1563822837816,3.73703988790791,3.5375632280961,1.93314249032706,0,TRUE,1.41503749927884,1.13750352374994,2,6,51.2437810945274,0.254343626284143,-0.330738737165155,0.039986469816825,3.90689059560852,-0.154680454201032
"Computational Sciences",3.65,1.65,2,20,15,2.2172582972583,0.808003848003848,1.40925444925445,0.31024531024531,0.542433862433862,3.59338143338143,4.09901875901876,1.81791245791246,17,4.93333333333333,0.556122448979592,33,"Formal Sciences",1,2,6,"False",1.36363636363636,0.545454545454545,0.636363636363636,0.142857142857143,0.0909090909090909,1.4,12,4,3.42857142857143,3.71428571428571,11.3357859086789,0.817074029355208,7.42118713377753,2.38410974862346,3.36686588813379,1.54405626472077,0,TRUE,1.40599235967584,1.58496250072116,2,6,55.6122448979592,0.245490415065263,0.0932494388039798,0.208371772036427,4.32192809488736,0.275121524462715
"Sociology",5.25,0.125,5.125,8,21,1.11613320541892,0.0986772486772487,1.01745595674167,0.760048549334264,0.552905692191406,1.02331966974824,1.12456683528112,0.668280132565847,18.4761904761905,1.71428571428571,0.695364238410596,1,"Social Sciences",0,0,7,"False",0.75,0,0.625,0.615384615384615,0.5,0.666666666666667,16,1,1,1,1.18159989154287,0.0312520208700764,0.948182725412416,0.146027272501468,1.08701420944847,0.382135149523657,0,FALSE,0.169925001442312,2.61470984411521,3,8,69.5364238410596,-0.964348889080722,1.06898290333292,0.74508838112264,3,-1.09383263466993
"Computational Sciences",1.9,0.633333333333333,1.26666666666667,30,18,1.85963203463203,1.26053391053391,0.599098124098124,0.226767676767677,0.29013949013949,4.66084656084656,5.27354497354497,2.47035834535835,20.3333333333333,9.5,0.673469387755102,19,"Formal Sciences",1,1,7,"False",1.27380952380952,1.03571428571429,0.583333333333333,0.0416666666666667,0.208333333333333,2,18.5,7,4.16666666666667,5,2.41696790699751,1.39205548335037,0.32588723230339,3.76588957055121,1.55466006155607,1.94059000578463,0,TRUE,0.70781924850669,1.18057224564182,3,8,67.3469387755102,-0.437868194288724,-0.289929121589073,0.660693243367759,4.90689059560852,0.880893390115584
"Chemical Sciences",9.58333333333333,7,2.58333333333333,12,22,2.72402597402597,2.06946248196248,0.654563492063492,0.0721320346320346,1.98667027417027,9.34226190476191,10.6916305916306,4.81847041847042,21.5,21.0454545454545,0.796208530805687,84,"Natural Sciences",3,3,8,"True",2.21111111111111,1.1,0.3875,0,1.38888888888889,3.72222222222222,22,17,7.88888888888889,8.69444444444444,5.76415536969959,4.33772340515892,0.582534759715174,15.1095198611752,2.40086554594371,3.88709658500727,0,TRUE,3,1.84130225398094,3,9,79.6208530805687,1.80567488359552,0.336143268197383,1.13379931970772,3.58496250072116,-0.488060769017063
"Economics",2.5,0,2.5,18,20,1.12974206349206,0.1875,0.942242063492063,0.466011904761905,0.679146825396825,1.40811507936508,1.61378968253968,0.758650793650794,15.75,2.6,0.544910179640719,0,"Social Sciences",0,0,6,"False",1,0.2,0.732142857142857,0.25,0.422222222222222,0.854166666666667,9,2,1.17142857142857,1.31428571428571,1.17959772902826,0.0447989766081871,1.17576418683945,0.158641090159261,1.08609287311365,0.398297740590203,0,FALSE,0,1.8073549220576,2,6,54.4910179640719,-1.13066826005398,0.303976593525617,0.165153344549158,4.16992500144231,0.117711096635806
"Psychological Sciences",2.08,1.76,0.32,25,44,3.49186266285549,1.70840695057202,1.78345571228346,0.695055001484427,1.78082715397309,7.19092932917694,8.22003195833937,3.90867423379385,23.8409090909091,15.6590909090909,0.978070175438596,44,"Social Sciences",2,3,10,"True",3.44444444444444,1.42222222222222,1.8,0.333333333333333,1.38888888888889,3.11111111111111,22,12.5,5.5,6.27777777777778,6.18697700101793,2.77445355815602,1.96076817560116,11.9398913704799,2.48736346379413,3.45541478993187,1,TRUE,1.46466826700344,0.400537929583729,3,10,97.8070175438596,0.302921281124874,-1.02904788750909,1.83479695575565,4.64385618977472,0.608501839278744
"Economics",10.5454545454545,3.72727272727273,6.81818181818182,11,27,0.982007909785687,0.20624632569077,0.775761584094917,0.401885254663032,0.365985249318583,1.28391320613543,1.45418203195981,0.726732937844049,21.1111111111111,2.18518518518519,0.940119760479042,41,"Social Sciences",3,3,10,"True",0.714285714285714,0,0.625,0.3,0.25,0.5,20,2,1,1.25,0.960031364698372,0.158628561163835,0.394120190008538,0.373501950038246,0.979811902713154,0.611148059015363,1,FALSE,2.24100809950379,2.9668331360648,3,10,94.0119760479042,1.06278799589301,1.40263608709631,1.68851459243828,3.4594316186373,-0.6180572671571
"Anthropology",9.28571428571429,5.57142857142857,3.71428571428571,7,15,0.888465608465609,0.21,0.678465608465608,0.380132275132275,0.457169312169312,1.70346560846561,1.99232804232804,0.887539682539683,20.5333333333333,3.33333333333333,0.942028985507246,39,"Social Sciences",3,3,10,"True",0.5,0.111111111111111,0.444444444444444,0.285714285714286,0.333333333333333,0.625,20,2,1.11111111111111,1.25,0.705743878150907,0.184550044091711,0.490506885205581,1.34936811179498,0.840085637391158,1.16162305064723,1,FALSE,2.71620703399941,2.23703919730085,3,10,94.2028985507246,1.52790370695159,0.711122413542813,1.69587382551987,2.8073549220576,-1.29333083862341
"Psychological Sciences",4.33333333333333,2.08333333333333,2.25,12,1,7,5,2,0,4,10,10,7,14,10,0.87280701754386,25,"Social Sciences",2,2,9,"True",7,5,2,0,4,7,14,10,10,10,NA,NA,NA,NA,NA,NA,0,TRUE,1.62449086490779,1.70043971814109,3,10,87.280701754386,0.459352610977102,0.202669469018323,1.42905321030512,3.58496250072116,-0.488060769017063
"Biological Sciences",0.294117647058824,0.294117647058824,0,17,26,1.80505883005883,0.89771201021201,0.90734681984682,0.100306637806638,0.456045343545344,7.00561383061383,8.12613358863359,2.91987734487734,18.2692307692308,14.8461538461538,0.738095238095238,5,"Natural Sciences",0,0,8,"False",1.125,0.5,0.428571428571429,0,0.354166666666667,2.36111111111111,17.5,12.5,6.12698412698413,7.04166666666667,6.15234165529837,1.07938795230943,2.69984926298049,6.65668151417286,2.48039143187086,2.58005455643342,0,TRUE,0.371968777386958,0,3,8,73.8095238095238,-0.76659227034335,-1.40857619046139,0.909797821782115,4.08746284125034,0.0323154403951519
"Political Science",6.41176470588235,0.941176470588235,5.47058823529412,51,2,0,0,0,0,0,0,0,0,17.5,0,0.783950617283951,48,"Social Sciences",2,3,8,"True",0,0,0,0,0,0,17.5,0,0,0,0,0,0,0,0,0,0,FALSE,0.956931278108114,2.69389687227432,3,9,78.3950617283951,-0.194042060915141,1.14401629266586,1.0865503881424,5.6724253419715,1.67366115036464
"Chemical Sciences",6.8,5.7,1.1,30,43,3.51851823886708,2.88725880063089,0.631259438236182,0.206155407899594,1.83064784053156,11.4790076848216,13.2477071378234,5.77445384073291,17.906976744186,24.906976744186,0.824644549763033,171,"Natural Sciences",3,3,9,"True",2.6,2,0.25,0,1.5,5.42857142857143,13,21,11,11,9.92970377251232,5.86934425406056,0.916184180310389,13.3292234955437,3.1511432484913,3.65092091061196,0,TRUE,2.74416109557041,1.0703893278914,3,9,82.4644549763033,1.55526461262864,-0.394332556818318,1.24340781966355,4.90689059560852,0.880893390115584
"Anthropology",3.36842105263158,1.68421052631579,1.68421052631579,19,2,0,0,0,0,0,0.238095238095238,0.321428571428571,0,10,1,0.760869565217391,32,"Social Sciences",3,3,8,"True",0,0,0,0,0,0,10,1,0.238095238095238,0.321428571428571,0,0,0,0,0,0,0,FALSE,1.42449782852791,1.42449782852791,3,9,76.0869565217391,0.263603217259864,-0.0587982955631316,0.997582959255366,4.24792751344359,0.198488457855317
"Engineering",1.54545454545455,0.636363636363636,0.909090909090909,11,8,0.665625,0.274305555555556,0.391319444444444,0.0659722222222222,0.267361111111111,1.340625,1.62847222222222,0.682986111111111,15.75,3.5,0.474452554744526,7,"Engineering",1,0,5,"False",0.211111111111111,0.0555555555555556,0.155555555555556,0,0.0833333333333333,0.277777777777778,13.5,3,1.25,1.41666666666667,0.78819210207231,0.190572641093474,0.280911458333333,0.721971863977072,0.887801837164302,0.84968927495707,0,TRUE,0.710493382805015,0.932885804141463,2,5,47.4452554744526,-0.435250802318029,-0.524623535934853,-0.106430191349676,3.4594316186373,-0.6180572671571
"Chemical Sciences",0.625,0.541666666666667,0.0833333333333333,24,22,2.47665945165945,2.05126262626263,0.425396825396825,0.263185425685426,1.40891053391053,7.70986652236652,8.95584415584416,4.03694083694084,27.7272727272727,17.7272727272727,0.163934426229508,13,"Natural Sciences",0,1,2,"False",1.77777777777778,1.38888888888889,0.3875,0.105555555555556,0.8,3.48333333333333,27.5,13.5,6.22222222222222,7,5.18997395944108,4.72753846231454,0.19063943478626,10.5758269281739,2.27815143470338,3.25204965032422,0,TRUE,0.624490864907793,0.115477217419936,1,2,16.3934426229508,-0.519428436906062,-1.29915616024705,-1.30334268204241,4.58496250072116,0.547513075299553
"Physical Sciences",0.695652173913043,0.0434782608695652,0.652173913043478,23,6,1.91964285714286,1.83630952380952,0.0833333333333333,0.104166666666667,0.44047619047619,7.66071428571429,8.68154761904762,4.17857142857143,18.1666666666667,14.1666666666667,0.651741293532338,1,"Natural Sciences",0,0,7,"False",1.9375,1.6875,0,0.0625,0.133928571428571,4.25,10,11.5,6.98214285714286,7.85714285714286,3.16017219387755,3.41076743197279,0.0416666666666667,16.8377551020408,1.77768731611539,4.10338337254037,0,TRUE,0.0614005446641433,0.724365557386573,3,7,65.1741293532338,-1.07057057060701,-0.72220616054253,0.57694087921902,4.52356195605701,0.483928277218573
"Mathematical Sciences",0.866666666666667,0.1,0.766666666666667,30,26,0.598420545940789,0.167265056131453,0.431155489809336,0.223056284695961,0.16741452991453,1.45348424795019,1.69379480069823,0.697081860876812,20.2307692307692,3.03846153846154,0.346733668341708,3,"Formal Sciences",0,1,4,"False",0.424812030075188,0,0.154761904761905,0,0,0.607692307692308,18,1,1,1,0.438640305893418,0.0802071049546504,0.391299483940055,0.441266357214611,0.662299257053349,0.664278824903075,0,FALSE,0.137503523749935,0.821029858954681,1,4,34.6733668341708,-0.996082416990387,-0.630612242412626,-0.598731015021249,4.90689059560852,0.880893390115584
"Biological Sciences",1.6875,1.53125,0.15625,32,53,1.98707608829695,1.35280728643659,0.634268801860367,0.199460476014305,0.879391064601941,7.43167688459031,8.72246313619788,3.76095123584025,19.1320754716981,14.0188679245283,0.561643835616438,49,"Natural Sciences",2,3,6,"True",1.28571428571429,0.875,0.428571428571429,0.111111111111111,0.666666666666667,2.375,15,9,5.2,5.8,5.63088636510293,3.59444935935139,0.542061403974382,22.55347220207,2.37294887536646,4.74904961040311,1,TRUE,1.33985000288462,0.20945336562895,2,6,56.1643835616438,0.180751529775698,-1.21010939235461,0.229654318930516,5,0.9773150539633
"Political Science",1.36363636363636,1.36363636363636,0,22,15,0.612698412698413,0.0706349206349206,0.542063492063492,0.217989417989418,0.435185185185185,1.0005291005291,1.18068783068783,0.492724867724868,22.4,1.93333333333333,0.944444444444444,30,"Social Sciences",2,2,10,"True",0.444444444444444,0,0.375,0.125,0.25,0.375,22,2,1,1,0.230512588633337,0.010689877802973,0.212275829644027,0.111461295276488,0.480117265502228,0.333858196359604,1,FALSE,1.24100809950379,0,3,10,94.4444444444444,0.0840069480098425,-1.40857619046139,1.70518437040339,4.4594316186373,0.417516577159516
"Economics",2.11764705882353,0,2.11764705882353,34,18,0.885606060606061,0.107882395382395,0.777723665223665,0.594885361552028,0.380695847362514,1.10080767997435,1.23190836940837,0.680347122013789,21.1111111111111,1.77777777777778,0.934131736526946,0,"Social Sciences",0,0,10,"False",0.732142857142857,0.0625,0.619047619047619,0.354166666666667,0.267857142857143,0.642857142857143,12.5,2,1.0625,1.1875,0.425283945534137,0.0211676257968752,0.411870255333538,0.138078049945959,0.652137980441361,0.371588549266469,1,FALSE,0,1.64045761331286,3,10,93.4131736526946,-1.13066826005398,0.145833637074454,1.66543336140965,5.08746284125034,1.06788928471177
"Chemical Sciences",1.04878048780488,0.585365853658537,0.463414634146341,41,11,1.43993506493506,0.935966810966811,0.503968253968254,0.0694444444444444,0.906565656565656,3.94191919191919,5.43470418470419,2.01388888888889,20.4545454545455,7.63636363636364,0.631147540983607,24,"Natural Sciences",0,1,7,"False",1.66666666666667,1,0.428571428571429,0,0.75,2.25,12,6,3.77777777777778,4.88888888888889,0.785682863212625,0.66768872111134,0.20950570042832,2.08439862055933,0.886387535569305,1.44374465213186,1,TRUE,0.664815808410371,0.549338590990435,3,7,63.1147540983607,-0.47995914644878,-0.888052345437559,0.497560909444983,5.35755200461808,1.34758655792876
"Health",0.458333333333333,0.208333333333333,0.25,24,46,1.11549344375431,0.620954106280193,0.49453933747412,0.324007936507936,0.224197722567288,3.27731193926846,3.77726017943409,1.79414251207729,17.4130434782609,7.39130434782609,0.858695652173913,5,"Medicine and Health",1,1,9,"False",1,0.464285714285714,0.196428571428571,0.0555555555555556,0.0555555555555556,1.46428571428571,16,5.5,2.92857142857143,3.27678571428571,1.06532635534085,0.367843401777422,0.419192059186351,2.68888782638212,1.03214647959524,1.63978285952199,1,TRUE,0.273018494406416,0.321928094887362,3,9,85.8695652173913,-0.863442932007381,-1.10353435921148,1.3746600270382,4.58496250072116,0.547513075299553
"Mathematical Sciences",1.31818181818182,0.0454545454545455,1.27272727272727,22,24,1.06340939153439,0.264781746031746,0.798627645502645,0.463012566137566,0.395965608465608,1.73303571428571,1.8610119047619,0.987185846560847,20.5,2.70833333333333,0.723618090452261,1,"Formal Sciences",0,0,8,"False",1,0,0.873015873015873,0.414285714285714,0.154761904761905,0.9,16.5,1.5,1.125,1.1875,0.573172151828391,0.222155293880837,0.363317681860049,0.651896840173939,0.75708133765692,0.807401288191899,1,FALSE,0.0641303374197156,1.18442457113743,3,8,72.3618090452261,-1.06789870119321,-0.286278864148319,0.853994706755149,4.4594316186373,0.417516577159516
"Engineering",3,1.33333333333333,1.66666666666667,9,42,2.22663024805882,1.61160757232186,0.615022675736961,0.146657046657047,0.637183913969628,5.57605476534048,6.57384903456332,2.92733285233285,24.2619047619048,11.952380952381,0.411042944785276,12,"Engineering",1,0,5,"False",1.45,0.828571428571429,0.3875,0,0.316666666666667,2.25,23.5,8,4.375,5,5.95926185485373,3.63269219284376,0.53267302210599,7.52718221786439,2.44115994044916,2.74357107031409,1,TRUE,1.22239242133645,1.41503749927884,2,4,41.1042944785276,0.0657862750261509,-0.0677623971876632,-0.350846691452695,3.16992500144231,-0.91786274768081
"Computational Sciences",6.5,4.125,2.375,8,20,2.96400793650794,1.70954365079365,1.25446428571429,0.0985912698412698,0.573571428571429,7.01753968253968,7.81246031746032,3.46740079365079,18.15,14.3,0.933673469387755,33,"Formal Sciences",2,2,10,"True",2.15,1.1,0.25,0,0.121428571428571,2.44285714285714,16.5,11,6.1,6.78571428571429,17.4878678359258,4.66130396220379,5.09559700963719,11.9411020984173,4.18184981030235,3.45558997834195,1,TRUE,2.35755200461808,1.75488750216347,3,10,93.3673469387755,1.17685896146517,0.254261274795623,1.66366694066767,3,-1.09383263466993
"Health",2.39130434782609,0.0434782608695652,2.34782608695652,23,21,0.700850340136054,0.215759637188209,0.485090702947846,0.179365079365079,0.231519274376417,2.55634920634921,2.80969387755102,1.30657596371882,17.6666666666667,3.47619047619048,0.760869565217391,1,"Medicine and Health",0,0,8,"False",0.5,0.166666666666667,0.25,0,0.142857142857143,0.666666666666667,19,2,1.75,2,0.591918245869776,0.066553699654465,0.455763268005615,4.66737338705323,0.769362233196936,2.16041046726154,1,TRUE,0.0614005446641433,1.74322458463789,3,9,76.0869565217391,-1.07057057060701,0.243210118415611,0.997582959255366,4.52356195605701,0.483928277218573
"Geography",4.11111111111111,0.555555555555556,3.55555555555556,9,7,0.701530612244898,0.477040816326531,0.224489795918367,0.119897959183673,0.237244897959184,1.36734693877551,1.38775510204082,0.844387755102041,15.5714285714286,4.57142857142857,0.630952380952381,5,"Social Sciences",1,0,7,"False",0.625,0.375,0,0,0.125,0.875,15,5,1.375,1.375,0.389319120505345,0.38315415451895,0.0997934888241011,0.627095481049563,0.623954421817287,0.791893604627265,0,FALSE,0.637429920615292,2.18762700317577,3,7,63.0952380952381,-0.506763934402059,0.664302063218112,0.496808652305682,3.16992500144231,-0.91786274768081
"Computational Sciences",1.16666666666667,0.277777777777778,0.888888888888889,18,19,2.34210526315789,1.49122807017544,0.850877192982456,0.184210526315789,0.798245614035088,5.29824561403509,5.60526315789474,3.03508771929825,18.0526315789474,7.42105263157895,0.505102040816326,5,"Formal Sciences",0,0,6,"False",2,1.5,0.5,0,0,3,16,7,4.66666666666667,5.5,3.8625730994152,2.08479532163743,1.35769980506823,7.7270955165692,1.96534299790525,2.77976537077668,0,TRUE,0.3536369546147,0.917537839808027,2,5,50.5102040816327,-0.784535111045989,-0.539166445424836,0.0117102627619353,4.16992500144231,0.117711096635806
"Engineering",5,3.36363636363636,1.63636363636364,11,16,1.37859623015873,0.861855158730159,0.516741071428571,0.103794642857143,0.515625,3.44866071428571,3.66232638888889,2.03000992063492,15.125,3.375,0.423357664233577,37,"Engineering",2,2,5,"True",0.993055555555556,0.75,0.339285714285714,0,0.392857142857143,1.875,13,2,3.14285714285714,3.5625,1.21925454498929,0.467116441484001,0.337009725765306,2.18797339537667,1.10419859852714,1.47917997396418,0,TRUE,2.12553088208386,1.39854937649027,2,4,42.3357664233577,0.949761084020091,-0.0833856598018136,-0.303378797717999,3.4594316186373,-0.6180572671571
"Anthropology",0.894736842105263,0.105263157894737,0.789473684210526,19,7,0.311224489795918,0.0238095238095238,0.287414965986395,0.227891156462585,0.311224489795918,0.281462585034014,0.281462585034014,0.219387755102041,12,0.428571428571429,0.268115942028986,2,"Social Sciences",0,0,3,"False",0.25,0,0.25,0.142857142857143,0.25,0.142857142857143,12,0,0.285714285714286,0.285714285714286,0.159789709534607,0.00396825396825397,0.116233398121153,0.0536591620775294,0.399737050490203,0.231644473444823,0,FALSE,0.144389909335175,0.839535327806754,1,3,26.8115942028986,-0.989342153291139,-0.613077450648802,-0.901768196984074,4.24792751344359,0.198488457855317
"Chemical Sciences",7.04761904761905,3.28571428571429,3.76190476190476,21,52,1.65096153846154,1.35928342490842,0.291678113553114,0.112591575091575,0.920833333333334,4.69606608669109,4.88341727716728,3.04750076312576,18.2307692307692,7.61538461538461,0.507109004739337,69,"Natural Sciences",2,2,6,"True",1,1,0.0625,0,0.645833333333333,2,15,4.5,2.5,2.60714285714286,3.463880943403,2.26235758552887,0.273101191732035,9.05037209213873,1.86115043545733,3.00838363446864,0,TRUE,2.09953567355091,2.25153876699596,2,5,50.7109004739336,0.924317466572274,0.724861429684542,0.0194462368234438,4.39231742277876,0.348014871346073
"Sociology",1.69230769230769,0.538461538461538,1.15384615384615,13,10,1.27119047619048,0.230952380952381,1.0402380952381,0.634761904761905,0.423333333333333,1.41761904761905,1.53761904761905,0.832380952380952,19.1,2.6,0.403973509933775,7,"Social Sciences",1,1,5,"False",1.04761904761905,0,0.708333333333333,0.666666666666667,0.2,0.678571428571429,19,2,1.32142857142857,1.32142857142857,0.931809586797682,0.131273620559335,0.756561413454271,0.390555807508188,0.965302847192363,0.624944643555082,0,FALSE,0.62148837674627,1.10691520391651,2,4,40.3973509933775,-0.522367215415055,-0.359722591774397,-0.378096291713928,3.70043971814109,-0.368475583042514
"Computational Sciences",0.1875,0.1875,0,16,3,1.02380952380952,0.702380952380952,0.321428571428571,0.238095238095238,0.214285714285714,3.42857142857143,3.66666666666667,1.72619047619048,22.6666666666667,5.33333333333333,0.290816326530612,3,"Formal Sciences",0,0,3,"False",1,0.857142857142857,0.25,0,0.142857142857143,2,24,5,4.28571428571429,5,0.287414965986394,0.15858843537415,0.131377551020408,0.76062925170068,0.53611096424751,0.872140614637732,0,TRUE,0.247927513443585,0,1,3,29.0816326530612,-0.888001508646596,-1.40857619046139,-0.81426807619093,4,-0.0582587903533156
"Political Science",1.54545454545455,0.363636363636364,1.18181818181818,11,5,0.757142857142857,0.1,0.657142857142857,0.45,0.407142857142857,0.921428571428571,0.975,0.657142857142857,9,1.2,0.0555555555555556,4,"Social Sciences",1,1,1,"False",0.285714285714286,0,0.285714285714286,0,0.285714285714286,0.285714285714286,9,1,0.857142857142857,1,0.710076530612245,0.05,0.636862244897959,0.511862244897959,0.842660388657403,0.715445487020471,0,FALSE,0.447458976971221,1.12553088208386,1,1,5.55555555555556,-0.692703893689355,-0.342083371562463,-1.72109614673442,3.4594316186373,-0.6180572671571
"Physical Sciences",3.58823529411765,1.94117647058824,1.64705882352941,17,29,2.68887520525452,2.12192118226601,0.566954022988506,0.359373289545703,1.38279967159278,7.15175150519978,8.21316365626711,3.79948002189382,14.9655172413793,14.3793103448276,0.159203980099502,33,"Natural Sciences",2,2,2,"True",2,1.66666666666667,0.25,0.125,1,3,10,10,5.33333333333333,6.66666666666667,4.32621324734053,3.47247617310015,0.583174579515258,6.68457785677672,2.07995510704932,2.58545505796885,0,TRUE,1.55639334852439,1.40439025507934,1,2,15.9203980099502,0.392700052533109,-0.0778511558886379,-1.3215764968816,4.08746284125034,0.0323154403951519
"Psychological Sciences",2.89473684210526,1.42105263157895,1.47368421052632,19,46,2.14136473429952,1.20095755693582,0.940407177363699,0.520255348516218,0.794711870255349,5.69197722567288,6.46203416149068,3.02362836438923,23.6739130434783,10.9565217391304,0.618421052631579,27,"Social Sciences",2,2,7,"True",1.55,0.8,0.708333333333333,0.3,0.354166666666667,2,22.5,7,4,4.48333333333333,6.63205135763824,3.50132523288883,1.1170301384644,18.6610352923107,2.57527694775499,4.31984204483343,0,TRUE,1.27563444261343,1.30666133823405,2,7,61.8421052631579,0.117898556403051,-0.170453846470787,0.448505825466333,4.24792751344359,0.198488457855317
"Sociology",1,0.0416666666666667,0.958333333333333,24,13,0.782967032967033,0.103937728937729,0.679029304029304,0.494200244200244,0.469627594627595,1.09310134310134,1.30662393162393,0.618589743589744,20.2307692307692,2.30769230769231,0.139072847682119,1,"Social Sciences",0,0,2,"False",0.75,0,0.75,0.5,0.333333333333333,0.571428571428571,17,2,1,1.125,0.450855155096226,0.0266003837432409,0.306762929530787,0.223453216756788,0.67145748569528,0.472708384479045,0,FALSE,0.0588936890535686,0.969626350956481,1,1,13.9072847682119,-1.07302423336842,-0.489810160340848,-1.3991732670199,4.58496250072116,0.547513075299553
"Economics",1.94117647058824,0.0588235294117647,1.88235294117647,17,12,0.360119047619048,0.0848214285714286,0.275297619047619,0.139880952380952,0.142361111111111,1.19146825396825,1.30902777777778,0.326884920634921,16.9166666666667,1.75,0.281437125748503,1,"Social Sciences",0,0,3,"False",0.3125,0,0.1875,0,0.0625,0.354166666666667,9,1,0.916666666666667,1.00892857142857,0.146731988249845,0.0153133696660482,0.0888484655225727,0.12599501606198,0.383056116319588,0.354957766589182,0,FALSE,0.082462160191973,1.52724700286487,1,3,28.1437125748503,-1.04995586049057,0.0385613223047286,-0.850420820710253,4.08746284125034,0.0323154403951519
"Chemical Sciences",4,2.63636363636364,1.36363636363636,11,45,2.75892336059003,2.13468975468975,0.624233605900272,0.13695847362514,1.48728234728235,10.3254906204906,12.176632996633,5.43273047939715,20.0888888888889,21.8,0.122950819672131,29,"Natural Sciences",2,1,2,"True",1.5,1,0.333333333333333,0,0.818181818181818,2.71428571428571,17,12,5.625,7,11.1748056237467,7.97735720543122,0.832366409389828,47.1887955541163,3.34287385698993,6.86941013145352,0,TRUE,1.86249647625006,1.24100809950379,1,1,12.2950819672131,0.692307992648764,-0.23266334134812,-1.46131668129569,3.4594316186373,-0.6180572671571
"Health",1.90909090909091,0.909090909090909,1,11,29,1.64957580733443,1.03007662835249,0.619499178981938,0.397523262178435,0.466406677613574,6.10270935960591,6.78125342090859,3.67073070607553,16.0689655172414,12.0689655172414,0.576086956521739,10,"Medicine and Health",2,2,6,"True",1,1,0.25,0.25,0.2,3.2,11,11,5.25,5.71428571428571,2.62049028330088,0.691537871397419,1.23797764959843,8.68327295080594,1.61879284755675,2.94673937612507,0,TRUE,0.932885804141463,1,2,6,57.6086956521739,-0.217577315121066,-0.461029716281691,0.285326275665576,3.4594316186373,-0.6180572671571
"Engineering",5.66666666666667,2.91666666666667,2.75,12,17,4.48965919701214,2.81944444444444,1.67021475256769,0.218767507002801,1.48662464985994,8.60142390289449,10.0390056022409,4.61739028944911,16.9411764705882,19.8823529411765,0.325153374233129,35,"Engineering",2,2,4,"True",4.14285714285714,3.42857142857143,0.571428571428571,0.142857142857143,0.8,5.25,13,23,9.625,11.125,25.4797023902153,3.39153281683044,18.8212713661854,8.33414183034325,5.04774230624101,2.88689137834163,0,TRUE,1.96962635095648,1.90689059560852,1,3,32.5153374233129,0.797164683673502,0.398291270053887,-0.68191367393687,3.58496250072116,-0.488060769017063
"Anthropology",6.30769230769231,1.73076923076923,4.57692307692308,26,22,1.25400432900433,0.253048340548341,1.00095598845599,0.563744588744589,0.544191919191919,2.14357864357864,2.41987734487734,1.10494227994228,18.1818181818182,4.5,0.152173913043478,45,"Social Sciences",3,3,2,"True",0.819444444444444,0.222222222222222,0.598214285714286,0.422222222222222,0.5,1.125,14.5,4,2.275,2.58571428571429,1.01825189727968,0.0441793300813992,0.862590832809796,0.330588080349985,1.00908468290807,0.574967895060224,0,FALSE,1.44930740136359,2.47946937187384,1,2,15.2173913043478,0.287886356957505,0.940836270694221,-1.34867435139335,4.70043971814109,0.667098261274102
"Mathematical Sciences",5.82352941176471,0.588235294117647,5.23529411764706,17,37,1.76643949143949,0.725418275418275,1.04102121602122,0.975877500877501,0.4249960999961,2.45066105066105,2.73182305682306,1.53189228189228,22.1891891891892,4.56756756756757,0.718592964824121,10,"Formal Sciences",2,2,8,"True",1.125,0.25,0.8,0.818181818181818,0.25,1,17,2,1.57142857142857,1.8,2.4457485903916,1.14703756146547,1.24596270623733,1.92435384734056,1.56388893160339,1.38721081575244,1,FALSE,0.667424660913129,2.64045761331286,3,8,71.8592964824121,-0.477405651062358,1.09338011125415,0.834625030464796,4.08746284125034,0.0323154403951519
"Engineering",10.0909090909091,1.5,8.59090909090909,22,22,1.69159451659452,0.861489898989899,0.830104617604618,0.302561327561328,0.668614718614719,3.54152236652237,4.23407287157287,1.73354978354978,24,6,0.784615384615385,33,"Engineering",1,2,8,"False",0.928571428571429,0.25,0.571428571428571,0.0714285714285714,0.25,1,24,3,2.97222222222222,3.6,5.06200228311623,1.68799449419418,1.19290081907783,3.46407312516156,2.24988939352943,1.86120206457052,1,TRUE,1.32192809488736,3.26166757006989,3,9,78.4615384615385,0.163209905886072,1.6820054155046,1.08911277741804,4.4594316186373,0.417516577159516
"Political Science",15.0789473684211,1.86842105263158,13.2105263157895,38,9,0.906084656084656,0.0317460317460317,0.874338624338624,0.408730158730159,0.554232804232804,0.748015873015873,0.917989417989418,0.511243386243386,22.3333333333333,1.55555555555556,0.808641975308642,71,"Social Sciences",3,3,9,"True",0.75,0,0.571428571428571,0.285714285714286,0.285714285714286,0.571428571428571,24,1,0.857142857142857,1,0.93163422776518,0.0090702947845805,0.944200365331318,0.131558641975309,0.965212011821848,0.362710134922239,1,FALSE,1.52025681133334,3.82888808360725,3,9,80.8641975308642,0.35733029479439,2.21947321318932,1.18172484695178,5.24792751344359,1.23406230217193
"Physical Sciences",11,4.57142857142857,6.42857142857143,7,21,1.30963718820862,0.866043083900227,0.44359410430839,0.31645880574452,0.450699168556311,4.1629440665155,4.8802343159486,1.85920256991686,21.5238095238095,7.61904761904762,0.716417910447761,32,"Natural Sciences",3,2,8,"True",1.42857142857143,0.5,0.333333333333333,0.1,0.125,1.2,12,6,3.42857142857143,4,1.05728234666883,0.784323894107908,0.352468573408199,3.35163962300088,1.02824235794331,1.83074837785013,1,TRUE,2.47804729680464,2.89308479608349,3,8,71.6417910447761,1.29479746981652,1.33275610757041,0.826241140727181,2.8073549220576,-1.29333083862341
"Medical Sciences",3,1.55555555555556,1.44444444444444,9,42,1.68057445200302,1.13393801965231,0.546636432350718,0.157397959183673,0.537802343159486,5.70512093726379,7.13412698412698,2.6244708994709,23.2619047619048,11.1428571428571,0.548387096774194,14,"Medicine and Health",2,1,6,"True",1.2,0.5,0.183333333333333,0,0,1.78571428571429,20,8,3.92857142857143,5.64285714285714,5.47859715349124,3.43222510460716,0.559109556671638,10.3169787166598,2.34064032980107,3.21200540420775,1,TRUE,1.3536369546147,1.28950661719498,2,6,54.8387096774194,0.194245936837176,-0.186708741906891,0.178555349662553,3.16992500144231,-0.91786274768081
"Psychological Sciences",2.5,0.2,2.3,10,33,2.84723424723425,1.85980038480038,0.987433862433862,0.839670514670515,0.773569023569023,6.90891053391053,7.74303751803752,3.85927128427128,14.3030303030303,12.969696969697,0.162280701754386,2,"Social Sciences",0,0,2,"False",2,1,1,0.333333333333333,0.555555555555556,2.875,12,12,6,6.875,10.2776445429112,6.79147290411675,0.676833267064542,13.534200845795,3.20587656389187,3.67888581581366,0,TRUE,0.263034405833794,1.72246602447109,1,2,16.2280701754386,-0.87321516868265,0.223540417920515,-1.30971707148597,3.32192809488736,-0.760452319853902
"Biological Sciences",3,1.73684210526316,1.26315789473684,19,27,1.42579365079365,0.883274544385655,0.542519106407995,0.209758965314521,0.608524397413286,4.74666372721928,5.47701352145797,2.53514109347443,16.7777777777778,10.1111111111111,0.180851063829787,33,"Natural Sciences",2,2,2,"True",1.28571428571429,0.875,0.375,0,0.5,2.25,13,9,4.25,4.5,1.02500588697017,0.615721428858554,0.229049432424653,4.20453889438016,1.01242574392899,2.05049723101012,0,TRUE,1.45251220469751,1.17833724125851,1,2,18.0851063829787,0.291023157722935,-0.292046892112253,-1.23813639298893,4.24792751344359,0.198488457855317
"Mathematical Sciences",4.88888888888889,0,4.88888888888889,9,14,1.01343537414966,0.29812925170068,0.71530612244898,0.46703514739229,0.599291383219955,2.64571995464853,2.74965986394558,0.97312925170068,18.2857142857143,3.85714285714286,0.231155778894472,0,"Formal Sciences",0,0,3,"False",0.845238095238095,0.291666666666667,0.5,0.25,0.380952380952381,0.9375,13.5,2.5,1.35416666666667,1.5,0.519887804938825,0.107432564600932,0.295081078218833,0.207704673444469,0.72103245761812,0.455746281876736,0,FALSE,0,2.55799545312089,1,3,23.1155778894472,-1.13066826005398,1.01524338211101,-1.04423356969934,3.16992500144231,-0.91786274768081
"Biological Sciences",5.25,2,3.25,12,24,0.912181337181337,0.75399981962482,0.158181517556518,0.0603219696969697,0.489273689273689,5.24304803992304,6.25253126503127,2.63291396103896,15.25,11.1666666666667,0.319148936170213,24,"Natural Sciences",2,2,4,"True",1,0.568181818181818,0,0,0.422222222222222,2.52272727272727,13,10,4.86818181818182,5.95454545454546,0.38809067169896,0.307367400795858,0.0609385967735721,2.93522476347783,0.622969238164261,1.71324976681096,0,TRUE,1.58496250072116,2.08746284125034,1,3,31.9148936170213,0.420662997257398,0.569391864746505,-0.705058174232117,3.58496250072116,-0.488060769017063
"Geography",2.28571428571429,1.28571428571429,1,7,10,1.1843253968254,0.323394660894661,0.860930735930736,0.408531746031746,0.278914141414141,2.0775974025974,2.49112554112554,1.1518759018759,21.3,4.9,0.226190476190476,9,"Social Sciences",3,1,3,"True",0.706349206349206,0.30952380952381,0.505050505050505,0.333333333333333,0.173611111111111,1.16666666666667,23,3.5,2,2.05555555555556,2.11800170942863,0.0926116831667878,1.46759069109057,0.497154977013082,1.45533560027529,0.705092176252922,0,FALSE,1.1926450779424,1,1,2,22.6190476190476,0.0366701390871805,-0.461029716281691,-1.06337265460529,2.8073549220576,-1.29333083862341
"Psychological Sciences",2.47368421052632,2.47368421052632,0,19,17,0.793137254901961,0.534313725490196,0.258823529411765,0.0931372549019608,0.465686274509804,4.2343137254902,4.79019607843137,2.03529411764706,17.6470588235294,8.23529411764706,0.690140845070423,47,"Social Sciences",2,3,7,"True",0.833333333333333,0.5,0.166666666666667,0,0.333333333333333,2,19,6,3.66666666666667,4,0.355036764705882,0.259113562091503,0.0866013071895425,3.84437091503268,0.595849615847726,1.96070673866152,0,TRUE,1.79646660591487,0,3,8,69.0140845070423,0.62767920697049,-1.40857619046139,0.724954468933508,4.24792751344359,0.198488457855317
"Computational Sciences",1.1875,0.75,0.4375,16,8,2.8125,1.24375,1.56875,0.239732142857143,0.944196428571429,5.35714285714286,6.18973214285714,2.27232142857143,15.875,11,0.510204081632653,12,"Formal Sciences",1,1,6,"False",1.92142857142857,1.05,1.05,0.121428571428571,0.75,2.05,15.5,11.5,5.05,6.15,5.23932580174927,2.1053125,1.81160258746356,2.87980229591837,2.28895736127812,1.69699802472436,0,TRUE,0.807354922057604,0.523561956057013,2,5,51.0204081632653,-0.340444563428804,-0.91247690498494,0.0313764136893847,4,-0.0582587903533156
"Mathematical Sciences",1.22222222222222,0.388888888888889,0.833333333333333,18,24,1.53306878306878,0.469742063492064,1.06332671957672,0.256779100529101,0.588624338624339,2.59201388888889,2.87268518518518,1.53406084656085,23.8333333333333,5.95833333333333,0.281407035175879,7,"Formal Sciences",2,1,3,"True",1,0.208333333333333,0.714285714285714,0.125,0.330357142857143,1.14285714285714,23.5,2.5,1.71428571428571,1.85714285714286,2.28619959121598,0.330090213420312,1.15485978174147,1.98598399370484,1.51201838322686,1.40924944339348,0,FALSE,0.473931188332412,0.874469117916141,1,3,28.1407035175879,-0.666793394913464,-0.579976061000918,-0.850536806795824,4.16992500144231,0.117711096635806
"Chemical Sciences",1.02631578947368,0.342105263157895,0.684210526315789,38,15,1.75111111111111,1.46092592592593,0.290185185185185,0.0611111111111111,1.1462962962963,6.31388888888889,7.0287037037037,3.25537037037037,20.1333333333333,11.7333333333333,0.677725118483412,13,"Natural Sciences",0,1,7,"False",1.55555555555556,1.5,0.222222222222222,0,1,2.5,15,9,5,5.44444444444444,1.93698390652557,1.288995223398,0.120706422692534,7.01299875073486,1.39175569211179,2.6482067046843,0,TRUE,0.42449782852791,0.752072486556414,3,8,67.7725118483412,-0.715177830623301,-0.6959525574973,0.677097236558427,5.24792751344359,1.23406230217193
"Physical Sciences",2.30555555555556,2.16666666666667,0.138888888888889,36,47,1.47606382978723,0.8201536643026,0.655910165484634,0.234979736575481,0.494934143870314,4.69428402566701,5.56637960148598,2.37140324214792,22.468085106383,10.0851063829787,0.766169154228856,78,"Natural Sciences",2,3,8,"True",1,0.5,0.333333333333333,0,0.333333333333333,1.66666666666667,19,6,3.5,4.28571428571429,2.56115225269194,0.839108409029833,0.837309859523005,7.62435447684402,1.60036003845758,2.76122336598183,0,TRUE,1.66296501272243,0.187627003175771,3,9,76.6169154228856,0.497010377691523,-1.23079088514128,1.01801057265654,5.16992500144231,1.15328494095242
"Biological Sciences",5.5,4.3,1.2,10,122,1.31418724717905,0.913289511035413,0.400897736143638,0.154713410451115,0.57482110330471,5.08067383436236,5.91186425141343,2.63390314148511,21.7622950819672,10.1229508196721,0.888297872340426,43,"Natural Sciences",3,2,9,"True",1,0.738636363636364,0.183333333333333,0,0.333333333333333,2.29166666666667,19,7,4.43650793650794,5.28571428571429,1.4740570064824,0.780644158169196,0.320532561762957,4.33255357381281,1.21410749379221,2.08147869886117,0,TRUE,2.40599235967584,1.13750352374994,3,10,88.8297872340426,1.22427146294843,-0.330738737165155,1.48876372603631,3.32192809488736,-0.760452319853902
"Political Science",8.16666666666667,1.61111111111111,6.55555555555555,18,34,0.982636236312707,0.169701213818861,0.812935022493846,0.665771156947628,0.551217001952296,1.63895785586962,1.85362978524743,0.868004626092861,22.5588235294118,3.14705882352941,0.765432098765432,29,"Social Sciences",2,2,8,"True",0.788888888888889,0,0.75,0.472222222222222,0.527777777777778,0.75,20,1,1,1,0.504219217824361,0.0756118524851018,0.377483070350373,0.573562450066753,0.71008395125109,0.757339058854588,0,FALSE,1.38466385023533,2.91753783980803,3,9,76.5432098765432,0.224614474245293,1.35592650293456,1.01516954403536,4.16992500144231,0.117711096635806
"Mathematical Sciences",1.7037037037037,0.111111111111111,1.59259259259259,27,31,1.06214797747056,0.277227342549923,0.784920634920635,0.394610855094726,0.487416794674859,1.63072196620584,1.79592933947773,0.891820276497696,19.9032258064516,1.83870967741935,0.819095477386935,3,"Formal Sciences",1,1,9,"False",0.875,0.125,0.75,0.25,0.375,0.75,13,2,1.375,1.625,0.696598741049586,0.255459915148855,0.287014991181658,0.565912485065711,0.834624910393637,0.752271550083951,0,FALSE,0.15200309344505,1.3743955147815,3,9,81.9095477386935,-0.981890512970348,-0.106272566301789,1.22201855627184,4.75488750216347,0.723482962288675
"Chemical Sciences",12,9.22222222222222,2.77777777777778,9,26,2.05885225885226,1.27132173382173,0.787530525030525,0.105448717948718,1.02448107448107,5.61851343101343,6.69075091575092,2.847557997558,26.3461538461538,12.8076923076923,0.739336492890995,83,"Natural Sciences",3,3,8,"True",1.59821428571429,0.881944444444444,0.633333333333333,0,0.708333333333333,2.125,25.5,10,4.3125,5.18055555555556,2.93925207570208,1.91770202264667,0.578491045264259,4.62027536775394,1.71442470692127,2.14948258140278,0,TRUE,3.3536369546147,1.91753783980803,3,8,73.9336492890995,2.15180803260351,0.408380028754862,0.914582319796059,3.16992500144231,-0.91786274768081
"Engineering",2.47619047619048,1.61904761904762,0.857142857142857,21,49,2.90226757369614,2.12746782695762,0.774799746738522,0.143756073858115,1.40787908236888,7.21801543128074,8.26286995317608,3.89192729039668,22.3877551020408,15.7142857142857,0.6625,34,"Engineering",1,2,7,"False",2.11111111111111,1.5,0.5,0,0.9,3,20,12,5.5,6.33333333333333,6.28497855778114,4.36098247688083,0.750962708551819,11.2968206881821,2.50698595085436,3.36107433541452,0,TRUE,1.3890422907459,0.893084796083488,3,7,66.25,0.228900008836326,-0.562336840788985,0.618411018873743,4.39231742277876,0.348014871346073
"Health",5.625,1.25,4.375,8,40,1.62598214285714,0.811587301587301,0.814394841269841,0.42047619047619,0.475486111111111,4.20380952380952,4.81890873015873,2.07635912698413,16.325,7.875,0.83695652173913,10,"Medicine and Health",3,2,9,"True",1.5,0.6,0.75,0.30952380952381,0.354166666666667,1.775,13,7,4,4.28333333333333,0.976168745174945,0.574477652124478,0.411971020501031,1.60751979190893,0.988012522782452,1.26788003845353,0,TRUE,1.16992500144231,2.4262647547021,3,9,83.695652173913,0.0144321588024431,0.890422423283054,1.29086512308646,3,-1.09383263466993
"Anthropology",1.70967741935484,0.516129032258065,1.19354838709677,31,19,0.545530492898914,0.0267335004177109,0.518796992481203,0.484210526315789,0.370300751879699,0.707623224728488,0.760254803675856,0.357748538011696,26.0526315789474,1.31578947368421,0.717391304347826,16,"Social Sciences",1,2,8,"False",0.285714285714286,0,0.285714285714286,0.285714285714286,0.142857142857143,0.285714285714286,29,1,0.6,0.714285714285714,0.416690966835077,0.00425667342960576,0.387795978040339,0.100552762528013,0.645516046922985,0.317100555862037,0,FALSE,0.600392541290762,1.13326653086346,3,8,71.7391304347826,-0.543015419348168,-0.334753484835855,0.829993151351886,4.95419631038687,0.929881951026751
"Health",13,4,9,5,50,2.01678754578755,1.03003868353868,0.986748862248862,0.455547674547674,0.602950549450549,5.37638472638473,6.34982939282939,2.73061272061272,21.44,12.46,0.891304347826087,20,"Medicine and Health",3,3,9,"True",1.57777777777778,0.85,0.797979797979798,0.333333333333333,0.409722222222222,2.25555555555556,20,9.5,4.18055555555556,4.80555555555556,3.3615272163518,0.957828861992759,1.18950216209947,4.11609201506713,1.83344681306871,2.02881542163577,0,TRUE,2.32192809488736,3.32192809488736,3,10,89.1304347826087,1.14199095376924,1.73910506332761,1.50035238296581,2.32192809488736,-1.79602616417052
"Mathematical Sciences",3.93333333333333,0.666666666666667,3.26666666666667,30,57,1.74619883040936,0.466054023948761,1.2801448064606,0.578703703703704,0.748412698412698,1.90378724589251,2.13526176552492,1.17234057365636,17.3859649122807,3.70175438596491,0.909547738693467,20,"Formal Sciences",2,3,10,"True",1.375,0.2,1,0.285714285714286,0.333333333333333,1,12,3,1.71428571428571,2,2.49570041115165,0.419538741486337,1.93276050645242,0.851235287568569,1.57977859561131,0.922624131252033,0,FALSE,0.736965594166206,2.09310940439148,3,10,90.9547738693467,-0.409340303542138,0.574742245742127,1.57067272949817,4.90689059560852,0.880893390115584
"Political Science",8.42857142857143,1.52380952380952,6.90476190476191,21,29,1.24343434343434,0.164777081156392,1.07865726227795,0.736328805294322,0.539063044235458,1.38247126436782,1.47685475444096,0.89729188436085,17.6206896551724,2,0.888888888888889,32,"Social Sciences",2,2,9,"True",1,0,0.909090909090909,0.5,0.5,0.875,14,2,1,1,0.651638225691256,0.051998450507463,0.55317600891987,0.304494944468821,0.807241119920966,0.551810605614663,0,FALSE,1.33560303178444,2.98272200856816,3,10,88.8888888888889,0.176594674951928,1.41769153221556,1.49104183808228,4.39231742277876,0.348014871346073
"Physical Sciences",4.26190476190476,4.09523809523809,0.166666666666667,42,90,1.876247332914,1.01083176083176,0.865415572082239,0.353925364758698,0.548044332210999,12.7687751214835,14.8656418735585,7.24266190599524,23.3666666666667,27.4666666666667,0.91044776119403,172,"Natural Sciences",3,3,10,"True",1.47222222222222,0.707142857142857,0.5,0.111111111111111,0.267857142857143,3,21,14.5,5.82857142857143,7.22222222222222,3.74187790890839,1.44662272187461,1.56097674946054,143.387027149071,1.93439342143949,11.9744322265847,0,TRUE,2.34914956362239,0.222392421336448,3,10,91.044776119403,1.16863481146262,-1.19784903573975,1.57414192525167,5.39231742277876,1.38358871566269
"Health",0.964285714285714,0.464285714285714,0.5,28,38,1.78988474975317,0.805597326649958,0.984287423103212,0.333384597858282,0.78599339257234,4.08469374193058,4.75690457203615,2.06172058935217,18.3684210526316,6.28947368421053,0.956521739130435,13,"Medicine and Health",2,2,10,"True",1.26785714285714,0.5,0.666666666666667,0.333333333333333,0.527777777777778,1.5,19,4.5,2.91666666666667,3.33333333333333,2.97593506304552,1.0367356709556,1.05009867092154,2.93886305268482,1.72508987100543,1.71431124731912,0,TRUE,0.55019708256048,0.584962500721156,3,10,95.6521739130435,-0.59214578304317,-0.854297035375718,1.75173709482103,4.8073549220576,0.777816850009819
"Computational Sciences",7.29032258064516,4.87096774193548,2.41935483870968,31,35,3.15232632446918,2.03886105957534,1.11346526489384,0.467695320552463,0.567237682951969,8.327967429396,9.85331684188827,4.33207792207792,16.6857142857143,20.4571428571429,0.954081632653061,151,"Formal Sciences",3,3,10,"True",3.5,2,0.666666666666667,0.2,0.4,3.88888888888889,13,21,8,9.44444444444444,2.97305816284054,1.77264252901082,1.22734187440992,6.72468687297386,1.72425582871004,2.59320012204493,0,TRUE,2.55359832981182,1.77372414417632,3,10,95.4081632653061,1.36874538907194,0.272109868520289,1.74233154437746,4.95419631038687,0.929881951026751
"Agriculture",1.5,1.46153846153846,0.0384615384615385,26,14,2.058170995671,1.31141774891775,0.746753246753247,0.171266233766234,1.07512626262626,3.97527056277056,4.41852453102453,2.2172619047619,23.4285714285714,10,0.927710843373494,38,"Applied Sciences",2,3,10,"True",1.28472222222222,1.0625,0.361111111111111,0,0.291666666666667,2,28.5,10,3.75,4.16666666666667,5.89252162855383,2.25272308534619,1.02706472119351,3.93339289953873,2.4274516737834,1.98327832124963,0,TRUE,1.29956028185891,0.0544477840223765,3,10,92.7710843373494,0.141316714411226,-1.35698438468409,1.64068360765607,4.70043971814109,0.667098261274102
"Biological Sciences",3.61290322580645,2.67741935483871,0.935483870967742,31,18,2.18164983164983,1.30858585858586,0.873063973063973,0.123809523809524,0.907980599647266,7.7954785954786,9.40294211960878,3.36420554753888,16.8333333333333,10.6666666666667,0.876712328767123,83,"Natural Sciences",2,3,9,"True",1.5,0.857142857142857,0.607142857142857,0,0.392857142857143,2.21428571428571,11.5,6,3.67857142857143,4.07142857142857,3.89057007130982,1.96235543804299,0.525358387003409,10.2967452581822,1.97245280585109,3.20885419709001,0,TRUE,1.87869370377787,0.952694285221643,3,10,87.6712328767123,0.708161531981227,-0.505854079528473,1.44410648853245,4.95419631038687,0.929881951026751
"Anthropology",4.86666666666667,0.733333333333333,4.13333333333333,15,17,1.3890289449113,0.536227824463119,0.852801120448179,0.581956115779645,0.554971988795518,2.19978991596639,2.50884687208217,1.21139122315593,18.5882352941176,3.58823529411765,0.833333333333333,11,"Social Sciences",2,2,9,"True",1.14285714285714,0,0.714285714285714,0.5,0.333333333333333,0.714285714285714,18,1,1,1,3.4125648963289,3.72021423384169,0.50015747965853,4.39669760496791,1.84731288533613,2.09683037105244,0,FALSE,0.793549122532574,2.35989594508638,3,9,83.3333333333333,-0.353957418354778,0.82753489173618,1.27689930576117,3.90689059560852,-0.154680454201032
"Economics",1.42857142857143,0.821428571428571,0.607142857142857,28,16,1.82829861111111,0.708730158730159,1.11956845238095,0.724851190476191,0.664508928571429,2.73680555555556,3.10761408730159,1.58293650793651,18.1875,3.875,0.885714285714286,23,"Social Sciences",2,3,9,"True",1.9375,0.472222222222222,0.9375,0.55,0.669642857142857,1.35416666666667,16,3.5,2.5,2.75,1.02960134204145,0.500846497858403,0.500078225387377,0.92764770723104,1.01469273282184,0.963144696933457,0,FALSE,0.865070419913891,0.684498174272071,3,10,88.5714285714286,-0.283953727957928,-0.759982358847448,1.47880512194964,4.8073549220576,0.777816850009819
"Sociology",3.725,1.525,2.2,40,44,0.940458152958153,0.137247474747475,0.803210678210678,0.52383658008658,0.418759018759019,1.33358585858586,1.53930375180375,0.711814574314574,22.2272727272727,2.02272727272727,0.95364238410596,61,"Social Sciences",3,3,10,"True",0.732142857142857,0,0.732142857142857,0.444444444444444,0.375,0.585714285714286,22.5,1,1.05555555555556,1.07142857142857,0.531306725630508,0.0500223797725182,0.370412900693908,0.383882120325227,0.728907899278439,0.619582214339007,0,FALSE,1.33628338786443,1.67807190511264,3,10,95.364238410596,0.177260594588838,0.1814749266481,1.74063843204596,5.32192809488736,1.31069536877933
"Psychological Sciences",4.23529411764706,3.58823529411765,0.647058823529412,17,35,2.80524943310658,1.3284126984127,1.47683673469388,0.441598639455782,1.36884353741497,5.67860544217687,6.75290249433106,2.97795918367347,25.3142857142857,13.6,0.942982456140351,61,"Social Sciences",3,3,10,"True",2.625,1.1,1.33333333333333,0.333333333333333,1.11111111111111,2.33333333333333,24,10,4.9,5.85714285714286,3.48164939203194,1.22032411297852,1.75502230601235,4.97928116008308,1.86591784171542,2.2314302946951,0,TRUE,2.19793937761191,0.719892080807265,3,10,94.2982456140351,1.02063314714868,-0.726444987502579,1.69954904060547,4.08746284125034,0.0323154403951519
"Political Science",1.93333333333333,0,1.93333333333333,15,12,1.07169312169312,0.09755291005291,0.974140211640212,0.736111111111111,0.503439153439153,0.953571428571429,1.07275132275132,0.647420634920635,12.75,1.16666666666667,0.401234567901235,0,"Social Sciences",0,0,5,"False",0.785714285714286,0,0.702380952380952,0.5,0.416666666666667,0.69047619047619,13,1,1,1,1.18608790092917,0.0184797473983982,1.21644568798339,0.08616002714217,1.08907662766638,0.293530283177341,0,FALSE,0,1.55254102302878,2,4,40.1234567901235,-1.13066826005398,0.0625285819288718,-0.388653723403049,3.90689059560852,-0.154680454201032
"Physical Sciences",2.91666666666667,2.16666666666667,0.75,12,23,1.39875776397516,0.53731884057971,0.861438923395445,0.321376811594203,0.538509316770186,9.5139751552795,10.7629917184265,6.19658385093168,15.8260869565217,18.2608695652174,0.711442786069652,26,"Natural Sciences",2,1,8,"True",1,0.375,0.4,0,0.25,1.8,12,7,3.28571428571429,4,1.66971378043971,0.36032088856623,0.913793900630081,102.73646829318,1.29217405191395,10.1358999745055,0,TRUE,1.66296501272243,0.807354922057604,3,8,71.1442786069652,0.497010377691523,-0.643569880654081,0.807064197534246,3.58496250072116,-0.488060769017063
"Anthropology",7,0.4,6.6,10,11,0.596320346320346,0.108946608946609,0.487373737373737,0.367604617604618,0.303571428571429,1.02417027417027,1.19137806637807,0.527777777777778,24.1818181818182,1.81818181818182,0.572463768115942,4,"Social Sciences",1,0,6,"False",0.444444444444444,0,0.444444444444444,0.428571428571429,0.333333333333333,0.285714285714286,25,1,0.857142857142857,1,0.168184967589729,0.0411450101926292,0.107435179458989,0.14304295792391,0.410103605921393,0.37821020335775,0,FALSE,0.485426827170242,2.92599941855622,2,6,57.2463768115942,-0.655541681485687,1.36394424204341,0.271360458340286,3.32192809488736,-0.760452319853902
"Geography",0.681818181818182,0.181818181818182,0.5,22,6,0.786111111111111,0.390277777777778,0.395833333333333,0.363888888888889,0.308333333333333,1.54722222222222,1.64305555555556,0.936111111111111,16.6666666666667,2.5,0.595238095238095,4,"Social Sciences",0,0,6,"False",0.833333333333333,0.395833333333333,0.25,0.416666666666667,0.3,1.0375,15,3,1.975,2.16666666666667,0.497824074074074,0.149733796296296,0.215104166666667,0.648240740740741,0.705566491603785,0.805133989309072,0,FALSE,0.241008099503795,0.584962500721156,2,7,59.5238095238095,-0.894774099873322,-0.854297035375718,0.359145595813538,4.4594316186373,0.417516577159516
"Chemical Sciences",3.33333333333333,1.77777777777778,1.55555555555556,18,19,2.03492063492063,1.42224310776942,0.612677527151211,0.347932330827068,1.00906432748538,7.9390977443609,9.33997493734336,3.99874686716792,20.3157894736842,17.2631578947368,0.459715639810427,32,"Natural Sciences",1,2,5,"False",1.42857142857143,1.1,0.142857142857143,0,0.857142857142857,3,15,12,6.375,7.375,4.76046738963075,2.90669990120805,2.24392408306186,16.9146638228066,2.18184953414087,4.11274407455735,0,TRUE,1.47393118833241,1.3536369546147,2,5,45.9715639810426,0.3119876529697,-0.125942266796885,-0.163234596436274,4.16992500144231,0.117711096635806
"Economics",70.3333333333333,2.66666666666667,67.6666666666667,3,19,1.3843984962406,0.387740183792815,0.996658312447786,0.899749373433584,0.245300751879699,1.82946950710109,2.1125730994152,1.02642021720969,15.4736842105263,2.57894736842105,0.377245508982036,8,"Social Sciences",3,1,4,"True",0.714285714285714,0.166666666666667,0.5,0.285714285714286,0.166666666666667,1,15,2,1.5,1.625,3.2893845891183,0.235440687808587,2.08796517307378,0.373998336339084,1.81366606328682,0.611554033867069,0,FALSE,1.87446911791614,6.10153802646206,2,4,37.7245508982036,0.704026587404616,4.37291465358609,-0.481121124252285,1.58496250072116,-2.55920845765029
"Computational Sciences",1.1219512195122,0.390243902439024,0.731707317073171,41,24,2.31407700074979,1.12022036718728,1.19385663356252,0.49497420811759,0.627172062006621,3.93584284723991,4.44189576082958,2.04255497022041,13.875,6.125,0.397959183673469,16,"Formal Sciences",0,1,4,"False",1.68571428571429,0.785714285714286,0.828571428571429,0.154761904761905,0.319327731092437,1.91176470588235,12,5,3.26050420168067,3.71666666666667,5.26042850835854,1.5160046872829,2.13737341104088,3.03350018408019,2.29356240559496,1.74169462997398,0,TRUE,0.475338009546658,0.792195114886598,2,4,39.7959183673469,-0.665416424971201,-0.657934502488212,-0.401278906714498,5.35755200461808,1.34758655792876
"Psychological Sciences",3.55,1.55,2,20,22,1.85984848484849,1.16666666666667,0.693181818181818,0.162878787878788,1.11742424242424,4.90151515151515,5.76893939393939,2.57575757575758,19.5454545454545,8.90909090909091,0.600877192982456,31,"Social Sciences",2,2,7,"True",1.70833333333333,1,0.5,0,0.833333333333333,2.125,18.5,7.5,3.625,4.625,2.12459415584416,1.22751322751323,0.605414261664262,4.9258658008658,1.4575987636672,2.21942916103799,0,TRUE,1.35049724708413,1.58496250072116,2,7,60.0877192982456,0.191172850610361,0.0932494388039798,0.380881867891244,4.32192809488736,0.275121524462715
"Chemical Sciences",2.35714285714286,1.35714285714286,1,14,31,1.92840501792115,1.48196364567332,0.446441372247824,0.163082437275986,1.14477726574501,6.25066564260113,7.08499743983615,3.25729646697389,15.9677419354839,12.0645161290323,0.616113744075829,19,"Natural Sciences",1,1,7,"False",1.88888888888889,1.5,0.285714285714286,0,1,3.25,13,11,6.2,7,1.61033467471019,1.10620498276969,0.384992698453336,4.53436221001742,1.26898962750299,2.12940419132146,0,TRUE,1.23703919730085,1,2,7,61.6113744075829,0.080122261752698,-0.461029716281691,0.439612153320794,3.8073549220576,-0.257756994306797
"Computational Sciences",1,0.238095238095238,0.761904761904762,21,8,1.47723214285714,0.883333333333333,0.59389880952381,0.148065476190476,0.304166666666667,2.63779761904762,2.9264880952381,1.38139880952381,19.625,4.375,0.586734693877551,5,"Formal Sciences",0,0,6,"False",0.925,0.5125,0.225,0.133928571428571,0.1125,1.1875,17,4,2.1625,2.3875,3.10305289824263,0.937162698412698,0.766051764455782,1.24610136763039,1.76154843766575,1.11628910575638,0,TRUE,0.308122295362332,0.817135942850189,2,7,58.6734693877551,-0.829083996923067,-0.634301908888188,0.326368677601122,4.39231742277876,0.348014871346073
"Anthropology",1.04761904761905,0,1.04761904761905,21,14,0.855032467532468,0.372495361781076,0.482537105751391,0.457861781076067,0.415411770768914,1.64313543599258,1.78740723562152,1.04478973407545,17.4285714285714,2.14285714285714,0.333333333333333,0,"Social Sciences",0,0,4,"False",0.875,0.142857142857143,0.3875,0.5,0.3875,0.875,15,1,1.1875,1.25,0.28919588122916,0.266218123249663,0.193725417092184,0.692776561204205,0.537769356907922,0.832332001790274,0,FALSE,0,1.03394733192334,1,3,33.3333333333333,-1.13066826005398,-0.428863041609924,-0.650383485128854,4.39231742277876,0.348014871346073
"Engineering",10.3333333333333,5.66666666666667,4.66666666666667,3,28,1.8,1.08778344671202,0.712216553287982,0.300382653061224,0.549603174603175,3.95126133786848,4.51296768707483,2.0483843537415,18.8571428571429,7.96428571428571,0.494117647058824,17,"Engineering",3,1,5,"True",1.30555555555556,0.861111111111111,0.366666666666667,0.211111111111111,0.258333333333333,2.41666666666667,19,6.5,3.75,4,2.74064041460205,0.745701925537999,1.43270328094985,1.45152000840509,1.65548796872767,1.20479044169726,0,TRUE,2.73696559416621,2.50250034052918,2,5,49.4117647058824,1.54822179222419,0.962659183840533,-0.0306298033524548,1.58496250072116,-2.55920845765029
"Chemical Sciences",0.538461538461538,0.230769230769231,0.307692307692308,13,19,3.02152817942292,2.15610339952445,0.865424779898464,0.215490649701176,1.99483484351905,6.11055684082,6.89019825204036,3.16041706831181,22.6842105263158,12,0.431279620853081,3,"Natural Sciences",0,0,5,"False",1.55555555555556,1.16666666666667,0.375,0,1.11111111111111,2.78571428571429,24,7,4.57142857142857,5,11.1757720596293,5.64536890069572,2.67968981738783,6.61560857709482,3.34301840551759,2.57208253699115,0,TRUE,0.299560281858908,0.387023123109247,2,5,43.1279620853081,-0.837464333471938,-1.04185379473321,-0.272843096392104,3.70043971814109,-0.368475583042514
"Computational Sciences",2.375,0.6875,1.6875,16,14,1.62957122242837,0.92987012987013,0.699701092558235,0.295490620490621,0.361600700886415,3.57889095031952,4.11455370026799,1.74057926200783,19.7142857142857,7.42857142857143,0.153061224489796,11,"Formal Sciences",1,1,2,"False",1.32323232323232,0.651515151515151,0.277777777777778,0.0555555555555556,0.162337662337662,1.57936507936508,22,7.5,3.68686868686869,4.02976190476191,1.90866243092897,0.775014214581314,1.30969240624466,1.18763928849272,1.38154349585128,1.08978864395474,0,TRUE,0.754887502163469,1.4262647547021,1,2,15.3061224489796,-0.391798679652512,-0.057124050896644,-1.34525415123206,4,-0.0582587903533156
"Biological Sciences",1.55555555555556,1,0.555555555555556,9,38,1.45199456975773,0.843358395989975,0.608636173767753,0.36374269005848,0.597107351712615,3.05037593984962,3.69251253132832,1.70432330827068,24.7894736842105,6.28947368421053,0.574468085106383,9,"Natural Sciences",1,0,6,"False",0.9375,0.645833333333333,0.414285714285714,0.0625,0.330357142857143,1.42857142857143,26.5,5,2.4375,2.65714285714286,2.37023005562401,1.25766850765911,0.562844182909189,2.17695075849211,1.53955514861404,1.47544934121511,0,TRUE,1,0.637429920615292,2,6,57.4468085106383,-0.151887212170812,-0.804581716645724,0.279086229626617,3.16992500144231,-0.91786274768081
"Anthropology",1.06666666666667,0,1.06666666666667,30,17,0.647012138188609,0.073109243697479,0.57390289449113,0.472525676937442,0.405088702147526,0.99640522875817,1.14481792717087,0.587535014005602,19.8823529411765,1.70588235294118,0.623188405797101,0,"Social Sciences",0,0,7,"False",0.625,0,0.571428571428571,0.4,0.2,0.5,14,1,0.875,1,0.282544113710299,0.0216121135954382,0.25491174826412,0.179318351183066,0.531548787704665,0.423459975892723,1,FALSE,0,1.04730571477836,2,7,62.3188405797101,-1.13066826005398,-0.416205353034908,0.466881900894346,4.90689059560852,0.880893390115584
"Mathematical Sciences",1.08571428571429,0.628571428571429,0.457142857142857,35,45,1.29220458553792,0.331410934744268,0.960793650793651,0.61021164021164,0.566481481481482,1.58906525573192,1.75636684303351,1.01180776014109,18.2444444444444,2.66666666666667,0.507537688442211,22,"Formal Sciences",2,3,6,"True",1.125,0.142857142857143,0.857142857142857,0.375,0.285714285714286,1,9,2,1.44444444444444,1.66666666666667,0.904737154392247,0.196916063666394,0.694701590737305,0.392800719464741,0.951176720905346,0.626738158615494,1,FALSE,0.703606997219775,0.543142325026529,2,5,50.7537688442211,-0.441991066017278,-0.893923595404738,0.0210986262700142,5.12928301694497,1.11119716482585
"Engineering",7.58333333333333,4.83333333333333,2.75,12,59,3.44043094382077,3.02603822730941,0.414392716511361,0.164889818279649,0.560828625235405,14.8628219238389,17.4196853523125,7.90769621150977,21.2033898305085,33.9661016949153,0.505882352941176,58,"Engineering",3,3,6,"True",2.1,2,0.2,0.1,0.2,7.18181818181818,22,27,13.0909090909091,14.8,11.8642130373494,9.74674135861651,0.32889138777067,47.7402347646926,3.4444466953851,6.90943085678499,1,TRUE,2.54432051622381,1.90689059560852,2,5,50.5882352941176,1.3596644409662,0.398291270053887,0.0147180270214275,3.58496250072116,-0.488060769017063
"Chemical Sciences",13.5555555555556,11.2222222222222,2.33333333333333,9,46,1.91959109730849,1.36874568668047,0.550845410628019,0.245833333333333,0.690760869565217,7.59565217391304,9.00452035886818,3.64674775707384,17.9347826086957,17.1739130434783,0.62085308056872,101,"Natural Sciences",3,3,7,"True",1.725,1.21111111111111,0.3875,0,0.0833333333333333,3.725,11,14,7.2,8,2.29215820076913,1.47662406696889,0.355547966243216,6.71692956957788,1.51398751671509,2.59170398957479,1,TRUE,3.61143471208235,1.73696559416621,2,7,62.085308056872,2.40413559179962,0.237279434062244,0.457880236646766,3.16992500144231,-0.91786274768081
"Political Science",2.71428571428571,2.57142857142857,0.142857142857143,14,27,1.15390946502058,0.141240446796002,1.01266901822457,0.702704291593181,0.690887713109935,1.28196649029982,1.36728395061728,0.785346854791299,15.1851851851852,1.81481481481481,0.666666666666667,36,"Social Sciences",3,2,7,"True",1.125,0,1,0.571428571428571,0.625,0.888888888888889,13,1,1,1,0.665778651177681,0.032877710016158,0.603785369376198,0.172540323637105,0.815952603511798,0.415379734263848,1,FALSE,1.83650126771712,0.192645077942396,3,8,66.6666666666667,0.666864375200948,-1.226036026089,0.634471708797826,3.8073549220576,-0.257756994306797
"Mathematical Sciences",0.613636363636364,0,0.613636363636364,44,2,0,0,0,0,0,3,3,0,12.5,5.5,0.160377358490566,0,"Formal Sciences",0,0,2,"False",0,0,0,0,0,0,12.5,5.5,3,3,0,0,0,0,0,0,0,FALSE,0,0.690315500867385,1,2,16.0377358490566,-1.13066826005398,-0.754470171542906,-1.317053632921,5.4594316186373,1.45309042147613
"Health",0.909090909090909,0.363636363636364,0.545454545454545,11,16,1.71294642857143,0.735540674603175,0.977405753968254,0.36812996031746,0.388144841269841,5.29267113095238,6.60792410714286,2.49596974206349,16.1875,11.3125,0.771739130434783,4,"Medicine and Health",2,1,8,"True",1.70833333333333,0.3875,0.645833333333333,0.25,0.409722222222222,1.6875,13,9,3.9375,5,2.40061165438398,0.916177164036911,0.874193572452129,6.56455397937531,1.54939073651031,2.56213855585043,0,TRUE,0.447458976971221,0.628031222613042,3,9,77.1739130434783,-0.692703893689355,-0.813487419799636,1.03948041123124,3.4594316186373,-0.6180572671571
"Medical Sciences",5.1,4.9,0.2,10,31,2.17082693292371,1.76126472094214,0.409562211981567,0.240847414234511,0.819764464925755,11.1832437275986,12.9374679979519,5.76510496671787,25.4516129032258,24.5483870967742,0.408602150537634,49,"Medicine and Health",3,3,5,"True",1.42857142857143,1,0.333333333333333,0.111111111111111,0.285714285714286,4.57142857142857,27,21,8.625,10.625,5.63509473283539,4.92064683250839,0.198919693823368,27.4470305485794,2.3738354477165,5.23899136748472,0,TRUE,2.56071495447448,0.263034405833794,2,4,40.8602150537634,1.37571100641664,-1.15933886662563,-0.360254892951861,3.32192809488736,-0.760452319853902
"Biological Sciences",1.29032258064516,0.258064516129032,1.03225806451613,31,17,2.03489941431118,1.43770690094219,0.597192513368984,0.165552584670232,0.953571428571429,5.01145276292335,5.59167939903234,2.65898268398268,16.5882352941176,7.23529411764706,0.246575342465753,8,"Natural Sciences",0,0,3,"False",2,1,0.636363636363636,0,0.6,2,14,4,4,4.45454545454545,3.86933067794955,3.85285369941709,0.235800315994166,5.71612075942636,1.96706143217479,2.39084101508786,0,TRUE,0.331205908475373,1.02308361311304,1,3,24.6575342465753,-0.806490193891355,-0.4391569200651,-0.984797850671414,4.95419631038687,0.929881951026751
"Mathematical Sciences",3.70588235294118,0.588235294117647,3.11764705882353,17,22,2.996546635183,1.80200708382527,1.19453955135773,0.417988324806507,0.55432572478027,5.1724173553719,5.88722943722944,3.04906860815952,16.4545454545455,9.40909090909091,0.547169811320755,10,"Formal Sciences",2,2,6,"True",2.29166666666667,0.928571428571429,1,0.366666666666667,0.366666666666667,2.34285714285714,11.5,7,3.44047619047619,3.82222222222222,16.9783164682207,17.2630620295713,1.11979200950041,12.6319168157506,4.12047527212829,3.5541407985265,0,FALSE,0.667424660913129,2.04182017569463,2,6,54.7169811320755,-0.477405651062358,0.526143317927026,0.173863243050526,4.08746284125034,0.0323154403951519
"Biological Sciences",3.17391304347826,1.60869565217391,1.56521739130435,23,48,1.73474552068302,0.932529912217412,0.802215608465608,0.217263407888408,0.744595508658009,5.27140076358826,6.20978835978836,2.71332747113997,21.8958333333333,12.3125,0.638297872340426,37,"Natural Sciences",2,2,7,"True",1.53333333333333,0.645833333333333,0.5625,0.111111111111111,0.409722222222222,2.375,18,10.5,4.4375,5.27083333333333,2.59868426221482,0.963043089822442,0.708969887863209,4.20739751365383,1.61204350506269,2.05119416771154,0,TRUE,1.38332863955151,1.35908109330483,3,7,63.8297872340426,0.223307595333039,-0.120783692376109,0.5251223305913,4.52356195605701,0.483928277218573
"Chemical Sciences",5.6,3,2.6,25,35,2.28949598021027,1.66782828282828,0.621667697381983,0.128684807256236,1.29664708307565,8.89735415378272,10.3661636775922,4.75337662337662,25.1428571428571,21.7428571428571,0.630331753554502,75,"Natural Sciences",2,2,7,"True",1.66666666666667,1,0.375,0,0.777777777777778,3.33333333333333,26,16,7,8.375,5.02828098376523,3.36678973409076,0.576182450795264,16.4538204905623,2.24238288072426,4.05633091482467,0,TRUE,2,1.84799690655495,2,7,63.0331753554502,0.826893835712353,0.342486762639743,0.494416403298709,4.64385618977472,0.608501839278744
"Agriculture",3.45454545454545,2.72727272727273,0.727272727272727,11,19,1.69227234753551,1.18153717627402,0.510735171261487,0.147117794486216,0.75281954887218,4.95083542188805,5.75927318295739,2.41583124477861,14.2105263157895,5.57894736842105,0.807228915662651,30,"Applied Sciences",3,2,9,"True",1,0.777777777777778,0.375,0,0.333333333333333,2,12,4,3.33333333333333,3.83333333333333,2.05259902033155,1.32328455895029,0.295817594581692,4.19213589161027,1.43268943610663,2.04747060824088,0,TRUE,1.89812038598079,0.788495894806288,3,9,80.7228915662651,0.727176000344695,-0.661439685432524,1.17627811587534,3.4594316186373,-0.6180572671571
"Computational Sciences",6.25806451612903,3.45161290322581,2.80645161290323,31,47,2.71253876147493,1.91485293666145,0.797685824813484,0.231093610880845,0.537919468238617,9.21709803199165,10.6342428847748,4.42384866906143,18.5531914893617,20.4042553191489,0.678571428571429,107,"Formal Sciences",2,3,7,"True",2.3,1.66666666666667,0.6,0.111111111111111,0.5,3.66666666666667,17,17,7.2,8.83333333333333,4.17206936185282,2.79333169297628,0.575282957154989,13.4825235026874,2.04256440825077,3.67185559393168,0,TRUE,2.15432814639129,1.92844673897497,3,8,67.8571428571429,0.97794730055509,0.418716717697677,0.680359394295208,4.95419631038687,0.929881951026751
"Sociology",3.2,0.3,2.9,10,17,0.923739495798319,0.189355742296919,0.734383753501401,0.463375350140056,0.376820728291317,1.37689075630252,1.49229691876751,0.720378151260504,23.0588235294118,2.05882352941176,0.231788079470199,3,"Social Sciences",1,0,3,"False",0.571428571428571,0,0.571428571428571,0.375,0.285714285714286,0.571428571428571,23,1,1.14285714285714,1.2,1.24902254651861,0.0684822262238229,0.807382348772843,0.388351027911164,1.11759677277568,0.623178167068748,0,FALSE,0.37851162325373,1.96347412397489,1,3,23.1788079470199,-0.760188256809733,0.451906792854086,-1.04179632566281,3.32192809488736,-0.760452319853902
"Engineering",11.7083333333333,6.5,5.20833333333333,24,150,2.47436772486772,1.61451058201058,0.859857142857142,0.228674603174603,0.894276815776816,5.13569360269361,5.88254064454065,2.78891173641174,19.9733333333333,11.0066666666667,0.788321167883212,156,"Engineering",3,3,8,"True",1.57142857142857,0.857142857142857,0.5,0.05,0.409722222222222,2,18,7,3.72222222222222,4.05555555555556,9.25223129652599,6.8854402289232,1.08461074814713,9.87580995286926,3.04174806591966,3.14258014263268,0,TRUE,2.90689059560852,2.63420601974101,3,9,78.8321167883212,1.71454116319745,1.08745643580714,1.10339696205574,4.58496250072116,0.547513075299553
"Anthropology",2.19230769230769,0.192307692307692,2,26,15,0.946904761904762,0.342195767195767,0.604708994708995,0.428915343915344,0.35021164021164,2.37716931216931,2.6868253968254,1.26291005291005,19,3.33333333333333,0.528985507246377,5,"Social Sciences",0,0,6,"False",0.666666666666667,0.142857142857143,0.4,0.333333333333333,0.375,1,13,2,2,2.42857142857143,0.631210884353742,0.147308418517319,0.3826133531896,0.652203435254172,0.79448781258981,0.807591131237938,0,FALSE,0.253756592245783,1.58496250072116,2,6,52.8985507246377,-0.882296116788388,0.0932494388039798,0.103770650436806,4.70043971814109,0.667098261274102
"Biological Sciences",0,0,0,22,28,2.23851783137497,1.15837585034014,1.08014198103484,0.340958049886621,0.988503659039373,4.08056715110286,4.67372577819007,2.27835626674912,21.2857142857143,7.39285714285714,0.861702127659574,0,"Natural Sciences",0,0,9,"False",1.78571428571429,0.770833333333333,0.916666666666667,0.211111111111111,0.69047619047619,1.79464285714286,20.5,6,3.51785714285714,3.84285714285714,3.3514235255177,1.83451231231029,0.760445773141963,3.15134528963892,1.83068935800635,1.7752028868946,0,TRUE,0,0,3,9,86.1702127659574,-1.13066826005398,-1.40857619046139,1.38624868396769,4.4594316186373,0.417516577159516
"Chemical Sciences",2.71875,1.625,1.09375,32,32,2.71514136904762,1.82516121031746,0.889980158730159,0.164868551587302,1.50431547619048,7.23096478174603,8.39303075396825,3.85302579365079,21.3125,13.75,0.592417061611374,52,"Natural Sciences",1,2,6,"False",2.30952380952381,1.43650793650794,0.666666666666667,0,1.16666666666667,3.65079365079365,23,13,6.38888888888889,7.42222222222222,5.12548641192401,2.31846860405415,1.27309201757166,6.56880668680256,2.26395371240757,2.56296833511508,0,TRUE,1.39231742277876,1.06608919045777,2,7,59.2417061611374,0.232105645999406,-0.398407136882038,0.348271736690935,5,0.9773150539633
"Psychological Sciences",3,0.4,2.6,10,23,1.37872670807453,0.807418909592822,0.571307798481712,0.363008971704624,0.471048999309869,3.06447550034507,3.75296756383713,1.53702553485162,22.6521739130435,6.69565217391304,0.442982456140351,4,"Social Sciences",1,0,5,"False",1,0.5,0.222222222222222,0.142857142857143,0.142857142857143,1.5,22,6,3.2,3.42857142857143,3.21560604255609,1.22943697798253,0.864105932264576,1.56802283656839,1.79321109815774,1.25220718595941,0,TRUE,0.485426827170242,1.84799690655495,2,5,44.2982456140351,-0.655541681485687,0.342486762639743,-0.227733750284551,3.32192809488736,-0.760452319853902
"Economics",1.6,0.657142857142857,0.942857142857143,35,25,1.13043434343434,0.510991341991342,0.619443001443001,0.432471861471861,0.406223665223665,3.16162770562771,3.65617027417027,1.62863059163059,20.36,6.76,0.431137724550898,23,"Social Sciences",2,3,5,"True",1,0.333333333333333,0.571428571428571,0.2,0.25,1.375,15,4,2,2.16666666666667,0.766426433527191,0.269871640883167,0.30816839030378,4.01544890318616,0.87545784223296,2.00385850378368,0,FALSE,0.728697978182606,0.958179824305373,2,5,43.1137724550898,-0.417432489378062,-0.50065627631071,-0.273390044994678,5.12928301694497,1.11119716482585
"Mathematical Sciences",4.85714285714286,1.14285714285714,3.71428571428571,7,23,1.53113903005207,0.198146056841709,1.33299297321036,0.446925779534475,0.56704467030554,1.84894127611519,2.09949338101512,1.03479986197378,24.1739130434783,3.69565217391304,0.849246231155779,8,"Formal Sciences",3,2,9,"True",1.11111111111111,0,1,0.25,0.285714285714286,0.75,22,2,1,1,2.41144716034762,0.102631526200132,2.03639348059147,1.13425404612653,1.55288349863975,1.06501363659182,1,FALSE,1.09953567355091,2.23703919730085,3,9,84.9246231155779,-0.0544635813108911,0.711122413542813,1.33823661401395,2.8073549220576,-1.29333083862341
"Biological Sciences",0.8125,0.75,0.0625,16,80,1.29683035714286,0.864186507936508,0.432643849206349,0.118060515873016,0.482643849206349,4.85739583333333,5.62599702380952,2.36576388888889,23.3875,9.8125,0.387387387387387,12,"Natural Sciences",1,1,4,"False",0.816666666666667,0.30952380952381,0.2,0,0.125,1.55,22,7,3.08333333333333,3.69047619047619,2.35238954545572,1.44278425001037,0.450289457471631,7.18130248737446,1.53375015744277,2.67979523235908,0,TRUE,0.807354922057604,0.0874628412503394,2,4,38.7387387387387,-0.340444563428804,-1.32570108361289,-0.442028588816419,4,-0.0582587903533156
"Political Science",5.16666666666667,0.583333333333333,4.58333333333333,12,19,0.508948653685496,0.139587751429857,0.369360902255639,0.264523488207699,0.247903412377097,1.6405838313733,1.83738191632928,0.542670779512885,23.4736842105263,2.42105263157895,0.438271604938272,7,"Social Sciences",1,1,5,"False",0.285714285714286,0,0.142857142857143,0.142857142857143,0.142857142857143,0.285714285714286,22,1,1,1.11111111111111,0.374038067113236,0.163578692180177,0.292873179973744,0.381684764052275,0.611586516458004,0.617806413087688,0,FALSE,0.662965012722429,2.48112668973662,2,5,43.8271604938272,-0.481770670191641,0.942406656391687,-0.245892035188973,3.58496250072116,-0.488060769017063
"Computational Sciences",8.27272727272727,2.63636363636364,5.63636363636364,11,23,3.43482652613087,2.03337725076856,1.40144927536232,0.352305665349144,0.61116130246565,6.61483154526633,7.73881673881674,3.70062739193174,13.7391304347826,14.2173913043478,0.683673469387755,29,"Formal Sciences",2,2,7,"True",3.55555555555556,1.66666666666667,0.909090909090909,0.222222222222222,0.363636363636364,3.72727272727273,10,12,6,7.36363636363636,5.9554556615587,2.0633854605249,1.88722954224742,3.62778172196032,2.44038022889031,1.90467365235106,0,TRUE,1.86249647625006,2.73039294024272,3,8,68.3673469387755,0.692307992648764,1.17859801319074,0.700025545222657,3.4594316186373,-0.6180572671571
"Medical Sciences",0.5,0.4,0.1,10,19,0.999770258980785,0.606182121971596,0.39358813700919,0.342314118629908,0.189431913116124,4.00795739348371,4.4890768588137,2.16578947368421,23.3684210526316,7.68421052631579,0.645161290322581,4,"Medicine and Health",1,0,7,"False",0.666666666666667,0.333333333333333,0.142857142857143,0,0,1.625,24,7,3.42857142857143,3.85714285714286,1.17830525663807,0.78949195353905,0.394344892765423,8.62920411975707,1.08549769996904,2.9375507007977,0,TRUE,0.485426827170242,0.137503523749935,3,7,64.5161290322581,-0.655541681485687,-1.27828521134485,0.551577825318685,3.32192809488736,-0.760452319853902
"Engineering",4.2,0.75,3.45,20,40,2.74946886446887,1.53227182539683,1.21719703907204,0.403011294261294,0.668276098901099,4.77321962759463,5.59008012820513,2.52082264957265,17.625,10.275,0.488235294117647,15,"Engineering",1,1,5,"False",2,1.29166666666667,0.633333333333333,0.133928571428571,0.55,2.18333333333333,14,7,4,4.11111111111111,9.5534159482041,2.61919449764117,3.13670939576932,3.76266668899827,3.09086006609877,1.93975944101279,0,TRUE,0.807354922057604,2.15380533607904,2,5,48.8235294117647,-0.340444563428804,0.632254461809721,-0.0533037185393964,4.32192809488736,0.275121524462715
"Chemical Sciences",7.36842105263158,4.10526315789474,3.26315789473684,19,31,2.73886910580459,2.17736582414002,0.561503281664572,0.177524088814411,1.87180212260857,8.69191802820835,10.0109307359307,4.61806777451939,15.2258064516129,14.2258064516129,0.71563981042654,78,"Natural Sciences",2,3,8,"True",2.33333333333333,1.83333333333333,0.375,0,1.5,4.42857142857143,11,11,8.33333333333333,9.33333333333333,3.74359530176349,2.88764548015493,0.644413390999767,9.39010031732643,1.93483728043561,3.06432705782631,0,TRUE,2.35198532874354,2.09192248944104,3,8,71.563981042654,1.17141040461946,0.573617588665685,0.8232419031662,4.24792751344359,0.198488457855317
"Physical Sciences",10.6,5.4,5.2,5,30,1.30809523809524,0.945171957671958,0.36292328042328,0.17010582010582,0.495753968253968,6.35064814814815,7.14305555555555,3.52851851851852,17.7333333333333,11.2,0.527363184079602,27,"Natural Sciences",3,1,6,"True",1.26666666666667,0.8,0.291666666666667,0,0.366666666666667,2.0625,12,7,4.06666666666667,4.52380952380952,1.29316115411682,1.00951240740017,0.141121641898564,17.5561834251368,1.13717243816266,4.19000995525509,0,TRUE,2.67807190511264,2.63226821549951,2,6,52.7363184079602,1.49057776553863,1.08562027623046,0.0975172993956318,2.32192809488736,-1.79602616417052
"Economics",6.75,0.5,6.25,8,10,0.484007936507936,0.0222222222222222,0.461785714285714,0.289007936507937,0.233055555555556,0.743690476190476,0.841865079365079,0.403452380952381,18.1,1.1,0.586826347305389,4,"Social Sciences",1,1,6,"False",0.45,0,0.422222222222222,0.183333333333333,0.277777777777778,0.354166666666667,11,1,0.733333333333333,0.916666666666667,0.169053639665743,0.00219478737997257,0.164971727065312,0.0911651427031718,0.411161330460128,0.301935659873377,0,FALSE,0.584962500721156,2.85798099512757,2,7,58.6826347305389,-0.558118050625767,1.29949362474433,0.32672196174952,3,-1.09383263466993
"Sociology",2.65,0.1,2.55,20,13,1.151665001665,0.251748251748252,0.89991674991675,0.885839160839161,0.606468531468531,1.23964368964369,1.38507326007326,0.856501831501831,16.0769230769231,2.07692307692308,0.377483443708609,2,"Social Sciences",0,0,4,"False",1,0,0.666666666666667,1,0.5,0.833333333333333,14,2,1,1,0.623587175360714,0.171651685856231,0.685295153830057,0.376202668033025,0.789675360740548,0.613353623966652,0,FALSE,0.137503523749935,1.82781902461732,2,4,37.7483443708609,-0.996082416990387,0.323367281753327,-0.480203989244525,4.32192809488736,0.275121524462715
"Psychological Sciences",3.16666666666667,1.03333333333333,2.13333333333333,30,46,1.44072636300897,0.63865596963423,0.802070393374741,0.384152864044168,0.404882677708765,3.72437888198758,4.2575138026225,1.86213768115942,23.8913043478261,8.28260869565217,0.565789473684211,31,"Social Sciences",2,2,6,"True",1.13392857142857,0.472222222222222,0.563492063492063,0.211111111111111,0.171428571428571,1.5,23,5.5,2.58928571428571,2.79464285714286,1.92846525404311,0.501453077853972,0.641114616843338,2.77201103395822,1.38869192193341,1.66493574469354,0,TRUE,1.02384674195437,1.64769825606912,2,6,56.578947368421,-0.128546473092116,0.152694482588942,0.245633952741068,4.90689059560852,0.880893390115584
"Biological Sciences",5,0.857142857142857,4.14285714285714,7,25,1.10209523809524,0.745523809523809,0.356571428571429,0.163873015873016,0.553619047619048,4.02373015873016,4.4027619047619,2.02960317460317,15.76,7.44,0.335106382978723,6,"Natural Sciences",1,0,4,"False",0.857142857142857,0.5,0.25,0,0.428571428571429,2,13,6,3.44444444444444,4,0.663222822184429,0.445438430650038,0.212913846371882,2.11789584120685,0.814384934895305,1.45529922737795,0,TRUE,0.893084796083488,2.36257007938471,1,3,33.5106382978723,-0.256533787494857,0.830068758262041,-0.643549148990946,2.8073549220576,-1.29333083862341
"Physical Sciences",2.34615384615385,1.80769230769231,0.538461538461538,26,24,1.71174392736893,1.14140662578163,0.570337301587302,0.252601911976912,0.615898569023569,6.4171145983646,7.168026996152,3.48371813371813,15.1666666666667,8.91666666666667,0.238805970149254,47,"Natural Sciences",1,3,3,"False",1.125,0.571428571428571,0.428571428571429,0.142857142857143,0.464285714285714,3.0625,10.5,9,5.17857142857143,5.95535714285714,1.83967450150397,1.53260578864333,0.37450614887662,6.80565186244267,1.35634601098096,2.60876443214842,0,TRUE,1.48938484073893,0.62148837674627,1,3,23.8805970149254,0.327113395065769,-0.819687070331797,-1.01474540579463,4.70043971814109,0.667098261274102
"Mathematical Sciences",3.69230769230769,0.153846153846154,3.53846153846154,13,24,1.32852182539683,0.565806878306878,0.762714947089947,0.225793650793651,0.61264880952381,2.13806216931217,2.44953703703704,1.22612433862434,18.2916666666667,3.58333333333333,0.21608040201005,2,"Formal Sciences",1,1,3,"False",0.642857142857143,0.142857142857143,0.25,0.142857142857143,0.125,0.732142857142857,12,2,1.40178571428571,1.64583333333333,3.72349213623654,1.03235149400608,1.45935833523895,1.71949850015154,1.92963523398505,1.31129649589692,0,FALSE,0.206450877467426,2.18220333122075,1,2,21.608040201005,-0.92859805387001,0.659162881980024,-1.1023425985704,3.70043971814109,-0.368475583042514
"Political Science",6.22222222222222,0.166666666666667,6.05555555555555,18,16,0.963913690476191,0.228422619047619,0.735491071428572,0.583035714285714,0.472991071428571,1.30528273809524,1.43764880952381,0.804836309523809,16.6875,2,0.185185185185185,3,"Social Sciences",0,0,2,"False",0.55,0,0.45,0.225,0.291666666666667,0.4875,10.5,1.5,1.125,1.25,0.886445147156085,0.258937429138322,0.677027630149282,0.617478924555933,0.941512159855668,0.785798272176729,0,FALSE,0.222392421336448,2.81875968532985,1,2,18.5185185185185,-0.912994772857014,1.26232961093279,-1.22143023798516,4.16992500144231,0.117711096635806
"Geography",1.66666666666667,0.333333333333333,1.33333333333333,9,30,0.996256613756614,0.388756613756614,0.6075,0.273783068783069,0.42271164021164,2.15202380952381,2.4862962962963,1.10755291005291,19.0333333333333,4.5,0.285714285714286,3,"Social Sciences",0,0,3,"False",0.881944444444444,0.226190476190476,0.472222222222222,0.166666666666667,0.285714285714286,1,16.5,3.5,1.8,2.0625,0.662339626538142,0.241138818660713,0.302558115806987,0.909722564132081,0.813842507207716,0.953793774425101,0,FALSE,0.415037499278844,1.22239242133645,1,3,28.5714285714286,-0.724437421599021,-0.250302561560054,-0.833934227118379,3.16992500144231,-0.91786274768081
"Mathematical Sciences",5.71428571428571,0.142857142857143,5.57142857142857,7,21,0.874811035525321,0.319538926681784,0.555272108843538,0.356859410430839,0.323412698412698,1.47307256235828,1.68093348450491,0.758219954648526,21.0952380952381,2.66666666666667,0.447236180904523,1,"Formal Sciences",1,0,5,"False",0.428571428571429,0,0.285714285714286,0.111111111111111,0,0.375,21,2,0.875,1,1.74029309364839,0.535659752216583,0.637794582118562,1.33269293497822,1.31920168800999,1.15442320445243,0,FALSE,0.192645077942396,2.71620703399941,2,5,44.7236180904523,-0.942110908795984,1.16515620774685,-0.211337489214209,2.8073549220576,-1.29333083862341
"Economics",5.63636363636364,0,5.63636363636364,11,14,0.416383219954648,0.112244897959184,0.304138321995465,0.0943877551020408,0.239087301587302,0.932823129251701,1.06831065759637,0.412556689342404,26.6428571428571,1.64285714285714,0.233532934131737,0,"Social Sciences",0,0,3,"False",0.285714285714286,0,0.142857142857143,0,0.182539682539683,0.428571428571429,29.5,1.5,0.761904761904762,0.857142857142857,0.185464305787435,0.0302408051132541,0.168655292804953,0.100354952980378,0.43065566963345,0.316788498813291,0,FALSE,0,2.73039294024272,1,3,23.3532934131737,-1.13066826005398,1.17859801319074,-1.03507066893924,3.4594316186373,-0.6180572671571
"Biological Sciences",2.52631578947368,0.157894736842105,2.36842105263158,19,28,0.714285714285714,0.363378684807256,0.350907029478458,0.122562358276644,0.395804988662132,2.42636054421769,2.84852607709751,1.21819727891156,15.3214285714286,2.96428571428571,0.196808510638298,3,"Natural Sciences",0,0,2,"False",0.642857142857143,0.285714285714286,0.142857142857143,0,0.253968253968254,1,14,2,2.28571428571429,2.78571428571429,0.228320595728003,0.140403297513401,0.19677051381007,0.734656641218118,0.477829044458374,0.857121135673434,0,TRUE,0.211504105193712,1.75207248655641,1,2,19.6808510638298,-0.923652050340884,0.251593916682398,-1.17662736774776,4.24792751344359,0.198488457855317
"Sociology",3,0.111111111111111,2.88888888888889,9,14,0.805725623582767,0.334608843537415,0.471116780045351,0.612103174603175,0.510119047619048,1.27908163265306,1.42511337868481,0.785997732426304,14.6428571428571,2,0.304635761589404,1,"Social Sciences",0,0,4,"False",0.464285714285714,0,0.354166666666667,0.354166666666667,0.366666666666667,0.45,12.5,1,1,1.16666666666667,0.534192315306261,0.462324364269517,0.261246200810402,0.56442267546009,0.730884611485466,0.751280690195143,0,FALSE,0.15200309344505,1.95935801550265,1,3,30.4635761589404,-0.981890512970348,0.448006588783881,-0.761000157453667,3.16992500144231,-0.91786274768081
"Physical Sciences",2,0.6875,1.3125,16,12,1.32933201058201,0.36765873015873,0.96167328042328,0.111805555555556,0.50271164021164,2.04341931216931,2.33356481481481,1.21898148148148,20.1666666666667,4,0.149253731343284,11,"Natural Sciences",0,0,2,"False",0.702380952380952,0.208333333333333,0.166666666666667,0,0.208333333333333,1,22.5,3,1.5952380952381,1.72222222222222,3.3545572063702,0.199564479832337,3.13752864410355,0.75220234754957,1.83154503258047,0.867295997655685,0,TRUE,0.754887502163469,1.20945336562895,1,2,14.9253731343284,-0.391798679652512,-0.262562918174908,-1.35993038326747,4,-0.0582587903533156
"Psychological Sciences",25,4,21,1,18,1.2092883967884,0.747685185185185,0.461603211603212,0.211247086247086,0.726317663817664,4.18683631183631,5.02959077959078,2.17403198653199,19.7777777777778,7.5,0.614035087719298,4,"Social Sciences",3,0,7,"True",1.04166666666667,0.745192307692308,0.240384615384615,0.0416666666666667,0.480769230769231,2.38461538461538,16,5,3.61538461538462,4.34615384615385,1.12174273153444,0.554723824249182,0.276479629095151,2.41841353810344,1.05912356764187,1.55512492684782,0,TRUE,2.32192809488736,4.4594316186373,2,7,61.4035087719298,1.14199095376924,2.81694251662385,0.431599836072561,0,-4.20055416761978
"Engineering",5.90909090909091,0,5.90909090909091,11,38,1.42066719829878,0.883853573327258,0.53681362497152,0.282941254651781,0.379182805498595,3.59501974633554,4.05634445963393,1.94220494417863,18.6052631578947,8.07894736842105,0.211764705882353,0,"Engineering",0,0,3,"False",1,0.625,0.345238095238095,0.1125,0.211111111111111,1.69047619047619,18,7,3.17142857142857,3.35714285714286,1.77169539295223,1.03591903279788,0.35711974643565,2.96907062100764,1.33105048474963,1.72309913266986,0,TRUE,0,2.78849589480629,1,2,21.1764705882353,-1.13066826005398,1.23365326292687,-1.11897773232564,3.4594316186373,-0.6180572671571
"Chemical Sciences",3.8,1.7,2.1,10,13,1.81642246642247,1.06694139194139,0.749481074481074,0.0865384615384615,0.922741147741148,5.6018315018315,6.60641025641026,2.56547619047619,15.3076923076923,12.2307692307692,0.227488151658768,17,"Natural Sciences",1,1,3,"False",0.8,0.428571428571429,0.4,0,0.375,2,10,9,3.28571428571429,4.28571428571429,4.08638375898793,1.10169079597651,2.158846644427,3.77930130385488,2.02148058585481,1.94404251595866,0,TRUE,1.43295940727611,1.63226821549951,1,2,22.7488151658768,0.27188525017377,0.138073802050762,-1.05837067940889,3.32192809488736,-0.760452319853902
"Political Science",11.7272727272727,0.181818181818182,11.5454545454545,11,6,0.38723544973545,0.0625,0.32473544973545,0.26223544973545,0.282407407407407,0.592261904761905,0.738756613756614,0.283068783068783,21.3333333333333,1.66666666666667,0.271604938271605,2,"Social Sciences",1,0,3,"False",0.277777777777778,0,0.236111111111111,0.182539682539683,0.222222222222222,0.277777777777778,20.5,1.5,0.464285714285714,0.660714285714286,0.159363845846981,0.0109375,0.122136663307298,0.0400268749475099,0.399204015319211,0.200067176087208,0,FALSE,0.241008099503795,3.64909283814087,1,3,27.1604938271605,-0.894774099873322,2.04910886227338,-0.888319632152313,3.4594316186373,-0.6180572671571
"Computational Sciences",2.91304347826087,0.0869565217391304,2.82608695652174,23,10,1.9017982017982,1.12953712953713,0.772261072261072,0.138228438228438,0.125086025086025,3.78139638139638,4.4037407037407,2.04679764679765,22.7,9,0.326530612244898,2,"Formal Sciences",0,0,4,"False",1.54545454545455,1.04545454545455,0.292929292929293,0,0,1.90909090909091,20.5,6.5,3.40909090909091,3.63636363636364,3.76718742736799,1.16044713321511,1.01600568606526,1.74895952047689,1.94092437445872,1.32248233276551,0,TRUE,0.120294233717712,1.93586966258028,1,3,32.6530612244898,-1.01292654392145,0.425750282788001,-0.676605019698786,4.52356195605701,0.483928277218573
"Engineering",2.34782608695652,1.52173913043478,0.826086956521739,23,10,0.867777777777778,0.665,0.202777777777778,0.13,0.401111111111111,2.48583333333333,2.84611111111111,1.165,25.7,4.5,0,35,"Engineering",1,2,1,"False",0.7,0.2625,0.0555555555555556,0,0.2,0.725,25,3,2.225,2.4,0.717095679012346,0.536061728395062,0.0875668724279835,1.32231172839506,0.846815020540109,1.14991813986695,0,TRUE,1.33441903907056,0.868755466721748,1,1,0,0.175435805322751,-0.585390011044859,-1.93523867905553,4.52356195605701,0.483928277218573
"Chemical Sciences",1.22222222222222,0.722222222222222,0.5,18,1,0,0,0,0,0,6,13,0,19,23,0.434426229508197,13,"Natural Sciences",1,1,5,"False",0,0,0,0,0,0,19,23,6,13,NA,NA,NA,NA,NA,NA,1,TRUE,0.784271308944563,0.584962500721156,2,5,43.4426229508197,-0.363038366460516,-0.854297035375718,-0.260714286970762,4.16992500144231,0.117711096635806
"Biological Sciences",0.347517730496454,0.134751773049645,0.212765957446809,141,16,1.13690476190476,0.600570436507937,0.536334325396825,0.123015873015873,0.437127976190476,4.94977678571429,5.80753968253968,2.47358630952381,19.625,10.0625,0.50531914893617,19,"Natural Sciences",0,1,6,"False",1.12698412698413,0.535714285714286,0.473214285714286,0,0.333333333333333,2.31944444444444,14,10,5.17857142857143,5.71428571428571,0.494175694969346,0.217950952564668,0.175275425563744,2.15106330244289,0.702976311812387,1.46665036816649,0,TRUE,0.182376742488569,0.278301162487104,2,5,50.531914893617,-0.952161360931497,-1.14487290518662,0.0125471202482101,7.13955135239879,3.19297847307973
"Chemical Sciences",1.8,0.933333333333333,0.866666666666667,15,14,4.14331065759637,3.70977891156463,0.433531746031746,0.127891156462585,2.63738662131519,11.5415532879819,13.0446428571429,6.30056689342404,20.2857142857143,25,0.360189573459716,14,"Natural Sciences",1,1,4,"False",2.82857142857143,2.57857142857143,0.4,0,0.844444444444444,6,10,23.5,10.35,11.9714285714286,21.360375502867,18.354468128165,0.205000551146384,13.3560679330747,4.62172862713368,3.65459545409266,0,TRUE,0.951090399519053,0.900464326449086,1,4,36.0189573459716,-0.1997590021811,-0.555344392809961,-0.54686434628168,3.90689059560852,-0.154680454201032
"Psychological Sciences",1.33333333333333,0.333333333333333,1,6,5,0.35,0,0.35,0,0.116666666666667,0.628571428571429,0.657142857142857,0.35,13.2,1.4,0.0394736842105263,2,"Social Sciences",0,0,1,"False",0.333333333333333,0,0.333333333333333,0,0,0.333333333333333,11,1,0.666666666666667,0.666666666666667,0.126388888888889,0,0.126388888888889,0.126388888888889,0.355512150128359,0.355512150128359,0,TRUE,0.415037499278844,1,1,1,3.94736842105263,-0.724437421599021,-0.461029716281691,-1.78308477451158,2.58496250072116,-1.52363461333368
"Engineering",1.15,0.85,0.3,20,12,1.65138888888889,1.34623015873016,0.30515873015873,0.188624338624339,0.204563492063492,5.06660052910053,6.02354497354497,2.55873015873016,22.25,9,0.0294117647058824,17,"Engineering",1,1,1,"False",0.801587301587302,0.69047619047619,0.105555555555556,0.142857142857143,0.166666666666667,1.78571428571429,21.5,7,4.27777777777778,5.72222222222222,3.58225189823404,2.11216474552784,0.348903605213129,3.86927368927369,1.89268378189122,1.96704694638275,0,TRUE,0.887525270741587,0.37851162325373,1,1,2.94117647058824,-0.261975345534736,-1.04991883641128,-1.82186910312083,4.32192809488736,0.275121524462715
"Psychological Sciences",5.78571428571429,0,5.78571428571429,14,20,0.762123015873016,0.199464285714286,0.56265873015873,0.256626984126984,0.200456349206349,1.82545634920635,2.21392857142857,0.732579365079365,18.9,3.4,0.37719298245614,0,"Social Sciences",0,0,4,"False",0.645833333333333,0.133928571428571,0.535714285714286,0.183333333333333,0.183333333333333,0.732142857142857,18.5,3,1.6125,2.1,0.397740539758789,0.0732868592612484,0.333383689050669,0.344754377676997,0.630666742233003,0.587157881388811,1,TRUE,0,2.76250068627334,2,4,37.719298245614,-1.13066826005398,1.20902159473591,-0.481323591191132,3.8073549220576,-0.257756994306797
"Biological Sciences",1.375,1.375,0,8,31,0.928942652329749,0.548745519713262,0.380197132616487,0.0604710701484895,0.401190476190476,4.38853046594982,5.35552995391705,1.77896825396825,24.9032258064516,9.29032258064516,0.50920245398773,11,"Natural Sciences",1,1,6,"False",0.75,0.5,0,0,0.333333333333333,1.66666666666667,25,10,4.7,5.5,2.19950446098392,0.238369993457359,1.7641419580377,2.22437666918619,1.48307264184325,1.49143443341844,0,TRUE,1.24792751344359,0,2,5,50.920245398773,0.0907795392365683,-1.40857619046139,0.0275155742435047,3,-1.09383263466993
