"Productivity","ProductivityWithDeptCollabs","ProductivityWithoutDeptCollabs","WindowedGroupSize","scale_log_funded_per_faculty_p1","scale_uniform_percentile100","Area","scale_log_unfunded_per_faculty_p1","scale_tt_headcount","CONTROL"
1.78614512471655,1.4512925170068,0.334852607709751,5.41396825396825,-1.03448715742439,-1.63258085652367,"Computational Sciences",0.187549493744893,-0.431039835587182,0
1.32112511671335,1.05638032990974,0.26474478680361,3.90559446000622,-1.02565710936631,-1.89650608450873,"Engineering",0.437832663607051,-0.150881286464594,0
0.482993197278912,0,0.482993197278912,0.639455782312925,-0.997833438558272,-0.464023260268704,"Anthropology",-0.244272468439523,-0.464220282563383,1
0.712698412698413,0.39047619047619,0.322222222222222,2.77063492063492,-0.958449811007478,0.211442735033209,"Biological Sciences",-0.669043830750052,-0.668182441917093,1
0.548809523809524,0.31547619047619,0.233333333333333,9.49047619047619,-0.845080858981041,-0.229824444533162,"Chemical Sciences",-0.950899661096054,-0.900445570750504,1
1.00468975468975,0.19047619047619,0.814213564213564,1.44305555555556,-0.797184254010457,-0.327785597673101,"Economics",2.00212750778611,-1.05585692901404,1
0,0,0,2.4,-0.842250836807609,-0.0448151137153217,"Physical Sciences",-0.999854647060915,-0.944848815968656,1
0.706794955425092,0.0460534898891063,0.660741465535986,0.810067405957817,0.231698574957154,-0.301917068056061,"Political Science",2.66114842768946,-0.252130116859339,1
1.52234753550543,1.03362573099415,0.488721804511278,4.86215538847118,-1.00359883470119,-0.3458418921414,"Psychological Sciences",0.174615337413103,-0.952039624910867,1
0.940747702589808,0.118421052631579,0.822326649958229,1.2203007518797,-0.980129012104248,-0.581505154770175,"Sociology",-0.697134904906201,-0.499018661551582,1
0.0833333333333333,0.0277777777777778,0.0555555555555556,0.944444444444444,-0.0253366310100751,-0.672016328418666,"Architecture, Design, Planning",3.59164394811226,-1.0786278239977,0
1.59250631797143,0.916001362978107,0.676504954993327,5.1853447198796,-0.737983400665917,-0.621910142785634,"Biological Sciences",-0.303053500189975,0.566291321831211,0
3.9265873015873,2.84546451914099,1.08112278244631,9.23131886087768,2.66090371873826,-0.095212013536821,"Computational Sciences",4.14048819109194,-0.977598720812814,0
2.59646081349206,1.67197172619048,0.924489087301587,6.34969990079365,3.18673227951714,0.130608241412476,"Engineering",4.50197203980633,-0.953601378728003,0
1.14360119047619,0.5692791005291,0.57432208994709,3.19965277777778,1.08834118889546,0.367290545949979,"Geography",2.88026674468723,-1.05656851948228,0
0.674522659305268,0.364694041867955,0.309828617437313,1.99542788129745,-0.73690387206763,0.15118762209155,"Health",0.278924174218649,-0.82307402975165,0
1.34584456424079,0.521832884097035,0.824011680143756,2.49791105121294,-0.524639742670108,-0.689945012311664,"Mathematical Sciences",0.131371720759485,-0.156675101864156,0
1.72390973224307,1.06238576238576,0.661523969857303,5.28249959916627,1.15743859055409,0.0136593379939444,"Physical Sciences",1.42970968703258,-0.96848224485322,0
0.808156028368794,0.210815602836879,0.597340425531915,1.76881121242823,0.4457125297576,-0.660421146987869,"Political Science",2.59647340256349,-0.954659680296726,0
1,0.25,0.75,1.5,0.381582472512515,0.909891314062985,"Psychological Sciences",0.731210102189837,-0.60328539121364,0
2.17857142857143,1.32758597883598,0.85098544973545,5.27210978835979,-0.790703950144321,-0.834036329866794,"Sociology",-0.19881934238649,-0.855188416970464,0
1.05372889896699,0.630807508188461,0.422921390778534,3.60869866465105,0.429214095049702,-1.56260057054274,"Agriculture",-0.634974497199568,-0.2329872656459,0
0.264880952380952,0.202380952380952,0.0625,1.92410714285714,-1.01528458105711,-1.78515374577525,"Architecture, Design, Planning",-0.805962465670515,0.150288914652115,0
2.05366861030126,1.26861030126336,0.785058309037901,4.9859977324263,-0.324063688988721,-0.0764428045769369,"Biological Sciences",-0.822219710860753,-0.235930442548551,0
1.16512345679012,0.899779541446208,0.265343915343915,5.3531746031746,-0.626364215338749,-0.542487018290082,"Chemical Sciences",-0.134211914192261,-0.535605231123294,0
1.53422318422318,0.761399711399711,0.772823472823473,4.21647426647427,-1.03304947429355,-1.54255845635947,"Earth Sciences",-0.743110660030091,-0.124837836386348,0
1.0922619047619,0.381324404761905,0.7109375,2.32700892857143,-0.410932924935934,-1.7449311332153,"Economics",0.0361117515750125,-0.784740960614742,0
2.76556853349306,1.84485374862733,0.920714784865728,6.44754916641709,-0.399628431061902,-0.512610727389447,"Engineering",-0.154565695094298,0.720433994535046,0
1.22677608260133,0.693905070118662,0.532871012482663,3.46059870550162,-0.957017601445474,-1.23080391566976,"Health",-0.72560384144669,1.91118516044161,0
1.37869220151829,0.398800897170462,0.979891304347826,2.10746204278813,-0.967192690527725,-1.26073974190505,"Mathematical Sciences",0.377968727758135,-0.693131422507894,0
1.19301187980433,0.81693371268843,0.376078167115903,4.8216881301787,-0.918426136865093,-1.43864484004973,"Medical Sciences",-0.834377788352288,0.941376121805822,0
1.01892551892552,0.68543956043956,0.333485958485958,4.46507936507937,-0.233422197134887,-1.38972750302843,"Physical Sciences",1.11830030729682,-1.08213103861058,0
0.735873015873016,0.00952380952380952,0.726349206349206,0.724761904761905,-0.00103449427331821,-2.2856396381454,"Political Science",0.196156425009507,-0.900445570750504,0
2.26243961352657,0.823757763975155,1.43868184955141,3.71469979296066,-1.03448715742439,-1.08998008841066,"Psychological Sciences",-0.615855767533545,-0.563188815264138,0
1.06098901098901,0.285989010989011,0.775,1.82921245421245,-0.929538203798479,-2.39972961546583,"Sociology",-0.913676394499076,-0.69918589124101,0
0.626757369614512,0.166666666666667,0.460090702947846,0.959637188208617,-0.792091712423164,-2.23887823654559,"Anthropology",-0.0599240239755125,-1.04731784339516,0
0.772857142857143,0.623968253968254,0.148888888888889,3.92396825396825,-0.879789026063053,-2.31891963943491,"Biological Sciences",0.0249277220633043,-0.860141086629412,0
0.508089133089133,0.329212454212454,0.178876678876679,1.84142246642247,-0.831537497686925,-2.17162358681298,"Chemical Sciences",-0.79678638253441,-0.760930048792878,0
0.499007936507937,0.287698412698413,0.211309523809524,1.52149470899471,-0.911367293738268,-2.24752839371841,"Computational Sciences",-0.13092290417241,-0.651673543053934,0
0.43538961038961,0.0980519480519481,0.337337662337662,1.06298701298701,-0.913279413331544,-2.22697533432019,"Earth Sciences",-0.0224047846270921,-1.01937174500611,0
0,0,0,0,-0.92852197110503,-2.30953991007418,"Geography",-0.641894917198263,-0.961926987206407,0
0.85546398046398,0.47481684981685,0.380647130647131,3.26917989417989,-0.58713551993694,-1.51093733548624,"Health",-0.39399900950418,-0.552926681153605,0
0.439484126984127,0.0496031746031746,0.389880952380952,0.869543650793651,-1.02533805917026,-2.30391631667917,"Mathematical Sciences",0.857956435921099,-1.01316150091966,0
0.742504409171076,0.414462081128748,0.328042328042328,2.05820105820106,-0.967907711539116,-2.40328466598904,"Physical Sciences",-0.564388509949417,-0.578616921648,0
0.353571428571429,0.11547619047619,0.238095238095238,0.741666666666667,-0.883209608377425,-2.38124072586054,"Political Science",0.142094745486759,-0.968758255701507,0
0.864468864468865,0.391437728937729,0.473031135531136,2.73846153846154,-1.00627198675528,-1.12098584658855,"Psychological Sciences",-0.789893330623616,0.398415037154437,0
0.421428571428571,0.216071428571429,0.205357142857143,1.14464285714286,-0.873302515772838,-2.17245155787888,"Sociology",-0.448705392572036,-0.859457959779902,0
0,0,0,0.5,-1.03448715742439,-1.38020840623855,"Health",-0.584552413519027,-0.0738620828433645,1
1.25236111111111,0.822371031746032,0.429990079365079,8.13498263888889,-0.529940927501146,-0.227961509634908,"Biological Sciences",-0.963274587471649,1.47011133561954,1
0.713431938431938,0.46036556036556,0.253066378066378,3.86916786916787,-0.822222697482242,-1.80974631662382,"Health",-0.999854647060915,-0.754401330650708,1
1.26755199987244,0.71924134797063,0.548310651901812,10.1490831758788,0.521683806638908,-0.920548622754732,"Medical Sciences",-0.430559455734065,-0.456092313142417,1
1.5218537414966,1.00128259637188,0.520571145124717,5.24851190476191,-0.616823417311719,-1.864363524261,"Biological Sciences",0.475766569898899,-0.925025938639124,1
1.75969387755102,1.14348072562358,0.616213151927438,4.17959183673469,-0.952525658388079,-2.13571975059209,"Earth Sciences",-0.850168714441659,0.974412332654769,1
1.51869047619048,0.921150793650794,0.597539682539683,3.44916666666667,-0.0681273275101379,-1.50667640644696,"Engineering",-0.115157560760434,-0.965342621453957,1
1.42777777777778,0.516622574955908,0.911155202821869,3.10299823633157,-0.970140520414933,-1.08139942510097,"Health",-0.440415554126128,-0.058681486187586,1
1.56925243215566,0.504403481822837,1.06484895033282,2.12089093701997,-0.686907909158857,-1.96931250967615,"Mathematical Sciences",-0.146500280007828,-0.798307088573762,1
1.97321428571429,0.866071428571429,1.10714285714286,4.39285714285714,-0.922008838469059,-1.13648872567749,"Psychological Sciences",-0.360474220378622,-0.616094019641953,1
0.890266106442577,0.30578898225957,0.584477124183007,2.03685807656396,-0.476646050147455,-1.66738920768564,"Sociology",-0.680335870439441,-0.668584281240334,1
1.30415249433107,0.522611961451247,0.781540532879819,2.43312783446712,-0.891634049600155,0.300592112660341,"Health",-0.86885569948369,0.83646543759746,1
1.51457671957672,0.954656084656085,0.559920634920635,6.28285714285714,0.138916929065866,-0.278712920552384,"Physical Sciences",-0.032132245512378,-0.701200239643411,1
2.20125661375661,1.15714285714286,1.04411375661376,3.69563492063492,-0.46764492272805,-0.14430446398514,"Psychological Sciences",-0.398128251839589,-0.730422888205785,1
1.05515873015873,0.187723214285714,0.867435515873016,1.28623511904762,-0.77071774676423,-0.202708392125247,"Sociology",0.058263805605515,-0.524298849239042,1
0.702862811791383,0.0476190476190476,0.655243764172336,0.947278911564626,-0.667731568024777,-0.405831293833397,"Anthropology",-0.124401978199476,0.177431008226397,1
1.51575975945135,0.870237524676777,0.645522234774571,5.77913114922461,-0.181175278968345,0.165987123515817,"Biological Sciences",-0.280477759872864,-0.0626894474541817,1
2.05564574314574,1.14989177489177,0.905753968253968,5.94904401154401,1.56761725160735,0.280309228438656,"Chemical Sciences",1.47627124810226,-0.965032109249634,1
2.19365079365079,1.42818903318903,0.765461760461761,5.42253968253968,-0.152198332821873,0.610168985010087,"Computational Sciences",0.336332687865648,-0.487464339001257,1
0,0,0,0,0.352214732398795,0.373808801930558,"Earth Sciences",-0.216396094671374,-0.944848815968656,1
1.95771053791887,1.00170855379189,0.956001984126984,4.15740189594356,-0.118781232265805,0.500946435571158,"Engineering",0.208430046195079,1.09812741834729,1
1.84124149659864,0.915269274376417,0.925972222222222,4.22905328798186,-0.855246529829614,0.225889867375945,"Health",-0.945626802583422,1.30446832298054,1
1.53375220458554,0.533597883597884,1.00015432098765,2.36628086419753,-0.270561831936684,0.550057331287763,"Mathematical Sciences",-0.0656519116687998,-0.395500974487672,1
2.14575337597726,1.4271144278607,0.71863894811656,5.64068941009239,-0.312687722483753,-0.350642783730233,"Medical Sciences",-0.77059754194262,-0.561737004471052,1
1.55582010582011,0.817989417989418,0.737830687830688,4.63361823361823,3.7014395260418,0.422980499958804,"Physical Sciences",2.1182013622922,-1.12920548497104,1
1.15220899470899,0.2,0.952208994708995,1.14222222222222,-0.405311365313798,0.0326867389469591,"Political Science",0.330934872708889,-0.223011444986388,1
2.55965608465608,1.54510582010582,1.01455026455026,6.86499118165785,2.39666910991394,0.661845248639897,"Psychological Sciences",2.0626160997896,-1.05794426105421,1
0.937373737373737,0.0834920634920635,0.853881673881674,0.94949494949495,1.49376694632454,0.554885133164611,"Sociology",1.05864069318651,-1.13953996807902,1
0.835034013605442,0.499787414965986,0.335246598639456,2.89434523809524,7.75715408208649e-05,-0.894643811889983,"Biological Sciences",1.1469638862867,-0.986324374688908,0
0.9375,0.125,0.8125,1.1875,-0.691764098050844,0.972912320219898,"Health",-0.590094659759019,-0.996083329681908,0
1.49038461538462,0.807570207570208,0.682814407814408,4.27921245421245,0.99569878973364,0.150250238704777,"Psychological Sciences",1.20197864388723,-1.00790667900035,0
1.42794784580499,0.852947845804989,0.575,3.0780612244898,1.24693219969114,-0.328973979673556,"Sociology",-0.423699270317683,-1.04894433589399,0
0.535714285714286,0,0.535714285714286,0.732142857142857,0.164833608070077,1.07806385026695,"Anthropology",0.986910778924265,-1.01560123966791,1
1.0959595959596,0.731421356421356,0.36453823953824,4.70075757575758,-0.402270090813949,1.45389611650857,"Biological Sciences",-0.853453778374835,-0.760094054396624,1
2.95348324514991,2.43871252204586,0.514770723104056,9.63701499118166,-0.280271796747265,1.21829694970942,"Chemical Sciences",-0.950790467604399,0.211722891743469,1
0.905092592592593,0.630952380952381,0.274140211640212,3.06448412698413,-0.0418313361197375,0.736775830903121,"Computational Sciences",0.796263262202948,-0.951964720651052,1
0.4,0.2,0.2,1.4,0.294050308165406,0.498882631393184,"Economics",3.31525620298457,-0.927770644730905,1
1.37460317460317,0.149206349206349,1.22539682539683,1.41111111111111,-0.0288686733786109,1.37672556035405,"Mathematical Sciences",-0.809479701136568,-0.60328539121364,1
1.80442176870748,1.21386054421769,0.590561224489796,7.60263605442177,1.1999349375331,0.832301661923663,"Physical Sciences",0.345545274746899,-1.02658006403503,1
0.391836734693878,0.0612244897959184,0.330612244897959,1.08163265306122,2.71462919137222,0.916996800312084,"Political Science",1.05640345473417,-0.930210383479155,1
1.41358024691358,0.579783950617284,0.833796296296296,3.11682098765432,0.196698356165246,0.894388434974042,"Psychological Sciences",-0.35680688703054,-0.715242291550006,1
1.46354166666667,0.211805555555556,1.25173611111111,1.51909722222222,-0.157450318913168,1.05994748335785,"Sociology",-0.852680981966758,-0.786875732019461,1
1.02986111111111,0.920734126984127,0.109126984126984,4.56666666666667,-0.957793283144042,-2.20053680071672,"Agriculture",-0.592853460355495,-0.685829885529435,1
0.63469387755102,0.285714285714286,0.348979591836735,1.14285714285714,-1.03448715742439,-1.36599874001598,"Anthropology",-0.50520691384705,-0.949728293465156,1
2.12224257224257,1.6665026331693,0.455739939073272,10.3941573858241,-0.82183453452848,-1.45526302060448,"Biological Sciences",-0.777592133011966,-0.530315023197795,1
1.71525358110724,1.15553619821913,0.559717382888115,5.14479287650019,-0.242554768721453,-0.800593012083729,"Computational Sciences",0.62693053146285,-0.792811437876484,1
3.02339402427638,2.4718253968254,0.55156862745098,9.45926704014939,-0.668255984748862,-0.415153307874004,"Engineering",-0.589355850646185,-0.0893328967881505,1
1.82066760037348,1.19506069094304,0.625606909430439,6.36539682539683,-0.990560574199087,-1.52961289680734,"Health",-0.624373585962239,-0.225355507705295,1
1.55214579659024,1.0538506760729,0.498295120517343,5.54923574368019,-0.9728481369113,-1.17532118009446,"Physical Sciences",-0.783807325120556,-0.302836082401357,1
0.890136054421769,0.269160997732426,0.620975056689342,1.88344671201814,-0.630801369364071,-0.39751815577121,"Political Science",1.74790788471329,-0.817169154810233,1
1.44358340820605,0.640895477687931,0.802687930518119,4.21328990715783,-0.544821137481358,-1.50855782381213,"Psychological Sciences",-0.173653107302774,-0.798556556686791,1
1.66467427248677,0.914021164021164,0.750653108465609,5.6161292989418,1.86096136525238,1.01449187184046,"Biological Sciences",0.489963640711664,-0.36063304154393,1
3.87925170068027,3.05215419501134,0.827097505668934,8.82927059712774,1.52895669690074,0.741075126606749,"Chemical Sciences",0.887141082323305,-0.935903107225072,1
2.5390873015873,0.773214285714286,1.76587301587302,2.34895833333333,1.42224960136025,1.2783126759414,"Mathematical Sciences",0.97095807450721,-0.924781964764299,1
1.42619047619048,0.975,0.451190476190476,6.25595238095238,-0.151503803921588,1.30726511161376,"Medical Sciences",-0.921467156736512,-0.116557510937742,1
1.22671428571429,0.793666666666667,0.433047619047619,8.76153968253968,0.684148595020141,1.33908024340397,"Physical Sciences",-0.0273295617359845,-0.526092057219006,1
1.1362012987013,0.012987012987013,1.12321428571429,0.943993506493506,-0.0195660628331712,0.486791905593915,"Political Science",0.566222992923261,-0.739134480604839,1
1.80072463768116,0.812111801242236,0.988612836438923,4.14518633540373,2.39932987967337,1.12693162130819,"Psychological Sciences",0.647835068665951,-1.06142589789591,1
1.05495086923658,0.204686318972033,0.85026455026455,1.54667422524565,-0.393795892112314,0.857922543280553,"Sociology",-0.323760055987256,-0.433316925085548,1
0.696428571428571,0.288690476190476,0.407738095238095,3.57142857142857,-0.921929466273803,0.0499262793546089,"Chemical Sciences",-0.830405833422163,-0.840245017137432,1
0.738095238095238,0.255952380952381,0.482142857142857,1.60119047619048,-1.02727594810614,0.111116757509387,"Physical Sciences",-0.954246959127764,-0.147867491540285,1
1.16071428571429,0.183779761904762,0.976934523809524,1.73214285714286,-1.03448715742439,-0.175310222163027,"Psychological Sciences",-0.171047641268955,-0.853053645565745,1
2.35512001548587,1.55837204800619,0.796747967479675,9.87545489740612,2.41313765261497,1.49935172802597,"Biological Sciences",-0.808744197406455,-0.714501774639968,1
2.45500440917108,0.995260141093474,1.4597442680776,3.5314594356261,0.593915266224884,1.44215682945003,"Computational Sciences",-0.667996726307197,-0.870843407271736,1
4.91063009571074,3.49082427429202,1.41980582141872,10.9458332438171,-0.233855989017981,1.47552063072559,"Engineering",-0.677181985287224,0.883892778344693,1
1.80235260770975,0.383616780045351,1.4187358276644,1.71539115646258,-0.723121340869518,1.29799525282393,"Mathematical Sciences",-0.305266798016185,-0.0128686141371116,1
3.37694805194805,1.91314935064935,1.4637987012987,10.1296176046176,1.77820821970091,1.4560291468225,"Physical Sciences",0.244929755577212,-0.659565728247137,1
0.675,0.341666666666667,0.333333333333333,3.35833333333333,-0.80541485455274,0.560385812226121,"Architecture, Design, Planning",-0.372631580253037,-0.654519904926892,1
1.47663003663004,0.971307692307692,0.505322344322344,6.26679487179487,0.407231851614138,1.19631431791002,"Biological Sciences",-0.428324581927768,-0.336865919904727,1
3.21660052910053,2.67700066137566,0.539599867724868,10.7666997354497,-0.350001056305164,1.26766472451314,"Chemical Sciences",-0.309006844630985,0.130364381541406,1
3.45576441102757,2.19311299081036,1.26265142021721,8.65049603174603,3.39293526204962,1.40598344490916,"Computational Sciences",3.4702868136208,-0.808897584404982,1
3.46007029478458,2.50472562358277,0.955344671201814,8.73137188208617,0.826277425649026,1.33908024340397,"Engineering",0.630082861233272,0.722468644585473,1
2.1703798185941,1.54965986394558,0.620719954648526,6.03093820861678,-0.384103769597318,-1.15582969619137,"Physical Sciences",0.0430028896169105,-0.492277278168259,0
0.6375,0.0375,0.6,1.42916666666667,-0.328111442349667,-1.87933501535601,"Political Science",0.051344523878498,-1.01316150091966,0
1.21052631578947,0.894736842105263,0.315789473684211,7.52631578947368,-0.863657260162132,-1.63258085652367,"Psychological Sciences",-0.999854647060915,-0.910692473493154,0
0.844389709906951,0.513095238095238,0.331294471811713,2.98149972632731,1.58696247383144,-0.69766949531462,"Biological Sciences",1.30184183710458,-1.07794077113182,0
1.11759259259259,0.695899470899471,0.421693121693122,3.47592592592593,-0.222053891009776,-1.64503398890659,"Chemical Sciences",0.25097000907726,-0.75129620860748,0
1.58587819185645,0.605443409247757,0.980434782608696,2.2326259489303,-0.863925440467259,-2.07192943963653,"Engineering",0.172016511913802,-0.152941440965993,0
0.425757575757576,0.236075036075036,0.18968253968254,1.62272727272727,-1.02079266375545,-2.220608665688,"Health",0.282791757007498,-0.566023926694911,0
1.05396825396825,0.485873015873016,0.568095238095238,1.32896825396825,-1.01420630341372,-2.26455116291411,"Mathematical Sciences",0.515019661834741,-0.944848815968656,0
0.451146384479718,0.150793650793651,0.300352733686067,1.03181216931217,-0.670041540119593,-2.03565571283619,"Psychological Sciences",2.11965762634481,-1.04542026881319,0
0.307407407407407,0.0444444444444444,0.262962962962963,0.509523809523809,-0.825503269855675,-1.86941414776293,"Sociology",0.0946010254675712,-0.979005158444158,0
0.873626373626374,0.0462454212454212,0.827380952380952,0.856684981684982,-0.487243120680698,-1.10413489105709,"Anthropology",1.04849959123874,-0.94747622692831,0
2.98326330532213,1.77593370681606,1.20732959850607,4.69010270774977,1.21427227913588,0.501648831387486,"Computational Sciences",1.50859778421913,-1.04731784339516,0
1.19314285714286,0.898634920634921,0.294507936507936,3.7574126984127,2.26845399960902,-0.395661823970916,"Physical Sciences",1.69212392371822,-1.104700498754,0
0.318877551020408,0.176020408163265,0.142857142857143,2.63010204081633,-0.996562119120319,-0.65589947392026,"Psychological Sciences",-0.565000605438643,-0.517894535024886,0
1.84153846153846,0.989084249084249,0.852454212454212,4.45104395604396,-0.05736987574381,-0.652816515010527,"Earth Sciences",-0.175588931723323,0.258505403552863,0
1.11688311688312,0.39484126984127,0.722041847041847,1.62665945165945,0.346904437679566,-1.53235930288397,"Economics",2.29090050274754,-1.02247686704934,0
2.44897260273973,1.85400086975429,0.594971732985432,6.36898238747554,-0.712379735770211,-0.629559630807978,"Engineering",-0.727003704765698,2.09085460842935,0
1.5096620971621,0.817794011544012,0.691868085618086,4.74873737373737,-0.258268436731173,-0.0990998072024283,"Agriculture",-0.316403243206927,1.61377174765074,0
1.78090538847118,1.15038116123642,0.630524227234754,7.52403926482874,-0.747593872106229,0.408417051608572,"Biological Sciences",-0.927423459491091,1.32519968197554,0
2.99712962962963,2.44978835978836,0.54734126984127,7.87365079365079,-0.0542695371392018,0.592971802195576,"Chemical Sciences",-0.26166200644202,-0.0499526431105134,0
2.90855285376562,2.24197061803445,0.666582235731172,7.92727119216481,-0.667679213236169,0.302695216412716,"Computational Sciences",-0.102119957659425,-0.465206559929697,0
1.56935185185185,0.817731281064614,0.751620570787237,4.22938472021805,-1.02144290927079,0.122855946678293,"Earth Sciences",-0.982801197200774,1.27113878085861,0
0.789583333333333,0.308110119047619,0.481473214285714,1.78459821428571,-0.895659915907655,-0.611214704781542,"Economics",0.00155377100718632,-0.670530690462284,0
2.20372542051647,1.19052949538024,1.01319592513622,4.34993484956172,-0.543309170938225,0.578912371183512,"Engineering",-0.568294369007651,0.528971872041422,0
1.39467592592593,0.623842592592593,0.770833333333333,5.43647486772487,-0.804532123048541,-0.371728094899216,"Health",0.20125847558729,0.0214910399007442,0
1.64499118165785,0.449982363315697,1.19500881834215,2.43452380952381,-0.378682219544728,0.176088370519682,"Mathematical Sciences",0.0654615116619219,-0.822265497973245,0
1.66818293160886,1.21584362139918,0.452339310209681,8.11183127572017,-0.995575640837999,-0.0915946750827341,"Medical Sciences",-0.907930740288698,0.474958654587072,0
1.05560224089636,0.818977591036415,0.236624649859944,3.79327731092437,-0.690388985802082,0.578912371183512,"Physical Sciences",-0.360885516368433,-0.427480687295617,0
0.911858076563959,0.167927170868347,0.743930905695612,1.22983193277311,-0.895122542578928,-1.64033229606814,"Political Science",0.42334661711098,-0.975991363519849,0
1.91402116402116,0.836772486772487,1.07724867724868,3.61488095238095,-0.373127375449796,-0.0202814312735963,"Psychological Sciences",0.420852104586782,-0.739910761115646,0
0.857142857142857,0.203174603174603,0.653968253968254,1.55,-0.821254063509134,-0.90979568239578,"Sociology",-0.265020204139383,-0.801392177571549,0
0.333333333333333,0.333333333333333,0,3.38095238095238,0.0697458702018737,1.09025122436944,"Biological Sciences",-0.990575460527776,1.41193881484096,1
0,0,0,4,0.139081681090647,1.33199243107557,"Earth Sciences",-0.999854647060915,-0.620363562451391,1
0,0,0,3.75,-0.140471349623788,1.26111430779161,"Engineering",0.218774732699382,1.59979869845622,1
0,0,0,2.28571428571429,-0.998074683538687,0.954236758898799,"Health",-0.984280380469405,-0.0226275691301121,1
0,0,0,0,-0.148453907890557,1.17989979152874,"Mathematical Sciences",0.809119192345249,-0.500816363787135,1
1.11607142857143,0.375,0.741071428571429,8.63392857142857,1.28260149377677,1.07412181383101,"Medical Sciences",-0.999854647060915,0.0456851158208912,1
0,0,0,1.5,0.348058069474472,1.31958875950088,"Physical Sciences",-0.115936467652227,-0.347112822647378,1
2.51641179507033,1.72266421473739,0.793747580332946,6.66366627951994,0.0767886338981548,1.13924699254707,"Agriculture",-0.100739968304028,1.60618565680529,1
0.931156462585034,0.178265306122449,0.752891156462585,1.40826530612245,-0.699286551283045,1.03744470537894,"Architecture, Design, Planning",0.379898605403808,-0.270017078202674,1
2.18314758527524,1.29199425869639,0.891153326578858,6.70812056737589,-0.93954272897323,1.34783302296799,"Biological Sciences",-0.77249043981881,2.19622657653375,1
4.03496168582376,3.1514367816092,0.883524904214559,11.9806650246305,0.532275145887082,1.39931212398974,"Chemical Sciences",0.0195442871092276,0.141087313769706,1
2.83248677248677,1.62886243386243,1.20362433862434,6.57213403880071,0.6867134027358,1.33363667582743,"Computational Sciences",1.11292449832306,-0.297775883516097,1
1.75992063492063,0.970734126984127,0.789186507936508,4.87142857142857,-0.266267142517781,1.2635507432795,"Earth Sciences",-0.492868522987462,-0.434211495959907,1
0.739880952380952,0.162556689342404,0.577324263038549,1.29084467120181,-0.269958365812821,0.947645384314881,"Economics",-0.0245492920599837,-0.0348262628713626,1
3.08654701779702,1.91947751322751,1.1670695045695,6.58110269360269,-0.318286577135107,1.37806321121014,"Engineering",-0.426733298663835,2.96178285466684,1
2.02723922902494,0.974652777777778,1.05258645124717,6.03871882086168,-1.02827404637974,1.34642354664187,"Health",-0.373576545594081,0.563214697793447,1
1.39834368530021,0.208635265700483,1.18970841959972,1.54910282953761,-0.250916520463721,1.33736040658899,"Mathematical Sciences",0.186355632098227,-0.334861091107252,1
1.87692680776014,1.24723544973545,0.629691358024691,8.08960758377425,-0.241770829009994,1.20364586815476,"Medical Sciences",-0.999854647060915,0.307360650674873,1
2.12167708834376,1.37213003046336,0.749547057880391,7.18413900913901,1.02868239686779,1.37806321121014,"Physical Sciences",0.471471385290174,-0.5686115283976,1
1.20087045570917,0.136635944700461,1.0642345110087,1.00010240655402,1.46469782096124,1.20380006345753,"Political Science",2.23072625514674,-0.588410854974308,1
2.32731092436975,0.865966386554622,1.46134453781513,3.50168067226891,0.109708938789554,1.34397192855339,"Psychological Sciences",-0.648988157517725,-0.686667050786188,1
0.838594470046083,0.19573732718894,0.642857142857143,1.29038658474142,0.722862264189112,1.03469436584819,"Sociology",0.651831897566724,-0.884248853512121,1
1.80683261183261,1.01205627705628,0.794776334776335,4.66050505050505,-0.0429811471126325,0.438720792620166,"Biological Sciences",-0.99702511046176,0.417368224395213,1
3.00910609857978,1.98467000835422,1.02443609022556,6.06967418546366,0.0430680865207823,0.863382676796156,"Computational Sciences",0.15241023005888,-0.783055614768912,1
1.80609243697479,0.759990662931839,1.04610177404295,3.83781512605042,0.568270163599589,0.236925426338413,"Earth Sciences",-0.929789355711921,-0.995078731373806,1
2.57685472739821,1.85153554175293,0.725319185645273,6.88104727398206,2.07229825932239,0.734844242408221,"Engineering",0.311495637462004,-0.739539496523521,1
0.266106442577031,0.116946778711485,0.149159663865546,2.52696078431373,-0.917557586570293,-0.791024568430983,"Medical Sciences",-0.999854647060915,0.706710802552658,1
0.91358024691358,0.16358024691358,0.75,1.37345679012346,-0.94303870032035,-0.182415708412126,"Political Science",-0.999854647060915,-0.588104794557861,1
1.73321428571429,1.11219742063492,0.621016865079365,6.24261408730159,-0.888777441770795,-0.424935826210271,"Biological Sciences",-0.569896275007563,0.46004424547682,1
2.55517561634583,1.62673083417764,0.928444782168186,6.72876561972307,-0.757591843136359,0.000558504550884571,"Chemical Sciences",0.610444599109201,-0.919413241784772,1
1.11111111111111,0.555555555555556,0.555555555555556,3.22222222222222,-0.31261515716681,0.393128677764885,"Computational Sciences",3.30921898494408,-1.11563052834616,1
0.901234567901235,0.194995590828924,0.70623897707231,1.26102292768959,-1.03448715742439,-1.29616838029361,"Economics",-0.348582020491464,-0.753193783189452,1
2.4517326179298,1.71518555779119,0.736547060138609,6.51524144869215,-0.1236705063173,0.150099725315564,"Engineering",-0.232091574052119,0.292476717087544,1
1.56712454212454,0.658831908831909,0.908292633292633,3.2208892958893,-1.01392827816655,-0.913319373211081,"Health",-0.895176810224151,1.81218108436158,1
1.19563492063492,0.538730158730159,0.656904761904762,2.22068783068783,-1.00436495153926,-0.650579858546603,"Mathematical Sciences",-0.462686975632594,-0.39834733636063,1
0.85,0.686842105263158,0.163157894736842,4.94956140350877,-0.864813212206364,-0.635595703242483,"Medical Sciences",0.540493743170137,0.160738058896265,1
1.27116402116402,0.698809523809524,0.572354497354497,3.43730158730159,-0.622297172923997,-0.493119243486358,"Physical Sciences",-0.402723357535503,-0.33458883040636,1
0.458823529411765,0.0147058823529412,0.444117647058824,0.786274509803922,-1.03042648154471,-1.42522984870906,"Political Science",-0.804785508409397,-0.401361131284939,1
2.05488945578231,1.49451530612245,0.560374149659864,6.40493197278912,-0.991954833625047,-0.826431143898633,"Psychological Sciences",-0.234881621942021,-0.495326951603572,1
2.06499690785405,1.27226155214877,0.792735355705281,8.54002936634516,-0.110850012781633,0.832669425770892,"Biological Sciences",-0.784335161604347,1.35051732179291,1
3.02684331797235,2.49055299539171,0.536290322580645,9.17485919098822,0.874855592839434,1.07019362529824,"Chemical Sciences",-0.77054017721868,-0.27714741144756,1
4.72465347641404,3.32877822490499,1.39587525150905,9.36600715403532,0.594799378723618,0.356955293224017,"Computational Sciences",-0.217846114300615,-0.623009476305127,1
2.64556489262372,1.296918767507,1.34864612511671,5.17138188608777,0.780824102103227,0.738831136842943,"Earth Sciences",-0.753265648439789,-0.994408999168404,1
1.27581453634085,0.583803258145363,0.692011278195489,3.03794903926483,1.22994801469455,1.13659812238718,"Economics",2.03413989332388,-0.808672871625538,1
3.02857142857143,1.82823129251701,1.20034013605442,6.65053854875283,0.634016498426698,1.02721650095455,"Engineering",-0.0509185407994738,-0.028320292876029,1
2.20680272108844,1.04744897959184,1.1593537414966,5.43248299319728,0.125914168846581,0.618076655119021,"Health",-0.839797443454038,-0.863291834955724,1
2.10253623188406,0.615640096618358,1.4868961352657,2.9128364389234,0.347874048324397,0.43196186999258,"Mathematical Sciences",-0.856666194696812,-0.625561266741141,1
1.6999843358396,1.20248015873016,0.49750417710944,10.9590173350042,2.42309634495879,0.970502570372013,"Medical Sciences",-0.999854647060915,-0.924399953039244,1
1.17776308054086,0.778747795414462,0.399015285126396,4.29028512639624,-0.544155733732801,-1.95527474729578,"Biological Sciences",0.376075207653129,-0.915120147517756,1
1.67794486215539,1.13132832080201,0.546616541353383,6.11203007518797,-0.00982099155933896,-1.05007267707848,"Medical Sciences",0.852015027368991,-0.937658007026445,1
0.916071428571429,0.298717948717949,0.61735347985348,3.01059218559219,-0.579012095716286,-2.02015283374725,"Psychological Sciences",0.313668982957359,-0.797713802228034,1
0.561224489795918,0.0816326530612245,0.479591836734694,1.3469387755102,-0.660497884363538,0.00178313152276007,"Health",0.21850918517732,-0.642321211185642,0
1.83630952380952,0.848214285714286,0.988095238095238,4.83779761904762,0.830557326068706,-2.33021041552611,"Psychological Sciences",-0.629063370816863,-1.03984614347864,0
0.175595238095238,0.175595238095238,0,1.16964285714286,-0.900847600526776,-2.50074208550448,"Agriculture",0.225373107004214,-1.01316150091966,0
0.277301587301587,0.167301587301587,0.11,1.6047619047619,-0.809032159779898,-2.47043834449289,"Biological Sciences",-0.579141357224846,-0.898168481252137,0
1.45535714285714,0.970238095238095,0.485119047619048,7.41269841269841,-0.315170639675236,-2.50074208550448,"Chemical Sciences",0.78606163611078,-1.03593239590333,0
0.94047619047619,0.452380952380952,0.488095238095238,2.91294642857143,-0.572795351128358,-2.46456870096361,"Computational Sciences",1.77490377348209,-0.840245017137432,0
0.3875,0.1125,0.275,1.0875,-0.976905617506666,-2.2579597883302,"Health",-0.500170402573968,-0.534972706262636,0
0.486904761904762,0.0714285714285714,0.41547619047619,0.768253968253968,-1.00857671471602,-2.34328147044423,"Mathematical Sciences",-0.798332512356788,-0.561809832493388,0
2.23356009070295,0.997732426303855,1.23582766439909,4.20351473922902,-0.679022508047166,-2.42277614989213,"Physical Sciences",-0.364658563728179,-0.981444897192408,0
0.5,0,0.5,0.75,-1.03448715742439,-2.45294154164691,"Political Science",-0.809659195255694,-0.722832589877895,0
0,0,0,0,-1.03448715742439,-2.34922338044651,"Sociology",-0.540112335042963,-0.842379788542151,0
0.943737060041408,0.437525879917184,0.506211180124224,2.10134575569358,0.28068268404141,-2.26819889917033,"Psychological Sciences",0.292627367188144,-0.920345352888405,0
1.66180555555556,0.337103174603175,1.32470238095238,1.8077380952381,0.901791599762251,0.728912051655107,"Anthropology",-0.229493422325103,-0.973881707072832,1
1.74484781091924,0.956098465027036,0.788749345892203,6.85094627594628,-0.867565313609283,0.196290864527412,"Biological Sciences",-0.982838248164743,1.61631385305975,1
3.66060606060606,2.86893939393939,0.791666666666667,10.7704545454545,0.971238357615296,0.477780327653553,"Chemical Sciences",-0.100828239420671,-0.503921485830362,1
3.14168000533547,1.85278778177938,1.28889222355609,7.89718887555022,-0.509405879851475,-1.04404830245877,"Health",-0.775351953342333,0.0122463435654631,1
1.91634332745444,0.691064079952969,1.22527924750147,2.82135508524397,0.564040327490126,0.313866408697396,"Mathematical Sciences",-0.840101616546073,-0.784187501361667,1
2.5306376573618,1.43964833059661,1.09098932676519,8.06304734537493,1.40957461130453,0.245167866159015,"Medical Sciences",-0.999854647060915,-1.08795211289188,1
1.65450680272109,1.18528911564626,0.46921768707483,4.86581632653061,0.942077961465941,-1.31176156741608,"Physical Sciences",-0.788683465418528,-0.979005158444158,1
1.13920361247947,0.47400109469075,0.665202517788725,2.75866174055829,0.87213007779912,0.86919625645451,"Political Science",0.110578401112531,-0.999027841964279,1
2.87460317460317,1.34107142857143,1.53353174603175,5.5452380952381,0.385627728232902,1.00290858859664,"Psychological Sciences",-0.545427437175846,-0.865150683525819,1
0,0,0,3,-0.922737082860933,-1.54565937425314,"Engineering",-0.94709490821438,-0.295878308934125,0
0,0,0,3,-0.691764098050844,-1.99883637499995,"Earth Sciences",0.483540278761673,-0.996083329681908,0
1.22414965986395,0.587131519274376,0.637018140589569,2.58924792139078,-0.544212026923003,-1.79904866499329,"Engineering",0.795894850186369,-0.954607770961656,0
0.954310966810967,0.343416305916306,0.610894660894661,1.89617604617605,-1.01560057831189,-1.39851778008277,"Mathematical Sciences",-0.45031596455929,0.234321279946957,0
0.772936507936508,0.38452380952381,0.388412698412698,2.67265873015873,-0.876335987048091,-1.0973552444821,"Physical Sciences",0.0986575793226573,-0.81505471456175,0
1.43337112622827,0.598696145124717,0.834674981103553,2.54391534391534,-1.00050611235151,-0.857436902076519,"Psychological Sciences",-0.432054617282962,-0.249523272717373,0
1.05606261022928,0.617592592592593,0.438470017636684,3.50919312169312,0.617507293307297,-2.07648971134216,"Biological Sciences",1.79197338724419,-1.02264937382952,1
1.02162698412698,0.550892857142857,0.470734126984127,2.69047619047619,-0.842253348427048,-2.12225581200926,"Chemical Sciences",-0.499803747187259,0.125383248263728,1
1.65262515262515,1.28089133089133,0.371733821733822,4.20833333333333,-0.886666342671475,-1.90388124058017,"Computational Sciences",0.0546105260968832,0.249309465194074,1
1.00983382936508,0.640972222222222,0.368861607142857,3.07600446428571,-0.967712188942163,-1.97447202012109,"Engineering",-0.00936968168044482,0.598590909643074,1
0.66962962962963,0.163597883597884,0.506031746031746,1.10846560846561,-0.993245090700375,-0.355341205308644,"Mathematical Sciences",-0.0766822638429173,-0.326619017162077,1
0.752645502645503,0.526951058201058,0.225694444444444,4.43948412698413,-0.298855442864717,-2.09142092353962,"Physical Sciences",-0.352543304312021,-0.617517200578432,1
1.1875,0.25,0.9375,2.125,0.477224782828308,-1.6790894937905,"Psychological Sciences",1.20790039931353,-0.885075216636528,1
0,0,0,9,-1.03448715742439,-1.22858503709696,"Architecture, Design, Planning",-0.663154268506234,-0.688676247402394,0
1.46846655328798,0.889200680272109,0.579265873015873,4.46008597883598,0.147752263366091,-2.10679345235375,"Biological Sciences",0.40996964142966,-0.58336085810293,0
2.71506349206349,1.56492063492063,1.15014285714286,8.04238095238095,-0.224258524458404,-1.68684093333497,"Computational Sciences",-0.123932585777159,-0.103236537372296,0
1.20737847222222,0.524032738095238,0.683345734126984,2.22150297619048,-0.733344849494722,-1.93039468720388,"Earth Sciences",-0.999854647060915,-0.207285295638293,0
0.478354978354978,0.0727272727272727,0.405627705627706,0.767857142857143,-0.937197978791375,-1.10721564222131,"Economics",-0.266078385512628,-0.524104779111341,0
3.23598458707154,2.39725097768576,0.838733609385783,6.70093167701863,-0.758134060379488,-1.74057421328403,"Engineering",-0.380765889744722,2.356435937207,0
1.23685807656396,0.655205415499533,0.581652661064426,3.60997899159664,-1.02086581143416,-1.47358621284405,"Health",-0.920759543584516,1.45865263616775,0
1.22004913076342,0.407974300831444,0.812074829931973,1.75869236583522,-1.03448715742439,-2.08740797097134,"Mathematical Sciences",-0.0587393100228245,-1.02292045591266,0
1.53248556998557,0.880140692640693,0.652344877344877,5.82597402597403,-0.413764418319319,-2.1304038913458,"Physical Sciences",0.00949316884485797,-0.770185701037114,0
0.679089026915114,0.0388198757763975,0.640269151138716,0.721273291925466,-0.705549137491226,-1.97493610307116,"Political Science",1.49202893732378,-0.686448659849644,0
1.80253968253968,0.842547619047619,0.959992063492063,3.93773015873016,0.125586101867523,-1.86512404285782,"Psychological Sciences",1.8096272697292,-0.875169877318633,0
2.39166666666667,0.764880952380952,1.62678571428571,2.75238095238095,-0.870845157409594,-1.31384556255037,"Sociology",0.180496535927488,-0.643134457435058,0
2.43885281385281,1.27435064935065,1.16450216450216,4.63779461279461,1.32832127308773,0.26652183187185,"Computational Sciences",2.18883801083325,-0.930358246433595,0
1.61455415499533,0.850992063492063,0.763562091503268,4.36940943043884,0.213991072675457,1.15966793343089,"Health",2.05950225576319,-1.09101786979764,0
1.01980158730159,0.359801587301587,0.66,1.75170634920635,-0.299489661517439,0.479125780635625,"Sociology",1.17837691151644,-0.973027798510945,0
0.975,0.676785714285714,0.298214285714286,2.4797619047619,-0.806530947501272,-0.515847049245054,"Biological Sciences",-0.162640654913782,-0.774067103591148,1
1.09623015873016,0.49280753968254,0.603422619047619,2.69791666666667,-0.917794783002545,-1.1080667806811,"Computational Sciences",-0.249480137458991,-0.910692473493154,1
0.488752052545156,0.0851806239737274,0.403571428571429,0.940435139573071,-0.835048248881325,-1.50874021062494,"Economics",0.234793952996573,-0.686909540032971,1
0.621173469387755,0.0306122448979592,0.590561224489796,0.811649659863946,-0.491345344752076,-0.588720331201507,"Political Science",0.298937667219234,-0.683796769905894,1
1.09753764753765,0.496316646316646,0.601221001221001,2.61908831908832,-0.631576706299417,-0.547379320297659,"Psychological Sciences",0.0300811578784676,-0.566063735951875,1
0.642176870748299,0.304705215419501,0.337471655328798,2.24727891156463,-0.992764010371584,-1.44011115009868,"Biological Sciences",-0.224218362855813,-0.74397699236273,0
1.56724245253657,0.91744475568005,0.64979769685652,3.74183395580454,0.760206233467185,-0.728246243001994,"Computational Sciences",2.48128259701317,-0.73120424244542,0
0.64781746031746,0.192261904761905,0.455555555555556,1.5218253968254,-0.321974969324363,-1.97602247906793,"Earth Sciences",-0.302965413793282,-0.702338784392594,0
1.58613847837986,0.524288451012589,1.06185002736727,2.15414614121511,1.00926315606603,0.0265007862124494,"Economics",1.2799507729778,-0.91010357103668,0
1.63151322751323,0.901968253968254,0.729544973544973,3.1345873015873,-0.455684785073418,-0.941423373257395,"Engineering",0.397996294815907,-0.194547826256804,0
2.36494708994709,1.44907407407407,0.915873015873016,5.98208616780045,-0.593633961643437,-0.636520875059081,"Geography",0.86032042051577,-1.08391392461891,0
1.30369047619048,0.53889880952381,0.764791666666667,2.37895833333333,-0.831897620071652,-0.894643811889983,"Health",-0.74745105232218,-0.845368468508758,0
1.12380952380952,0.495238095238095,0.628571428571429,2.1047619047619,-0.280225992906583,-1.1623268574924,"Sociology",0.414956152958922,-0.968758255701507,0
1.08758558979147,0.618635231870526,0.468950357920946,3.93127139744787,-0.903920964748458,-0.455239567221865,"Biological Sciences",-0.895635662756834,1.15894747425035,1
2.9156746031746,1.83382936507937,1.08184523809524,5.75892857142857,0.0800494931597668,-0.114632969991139,"Chemical Sciences",0.626887151527629,-1.04874102433164,1
2.82897688060732,1.5993961352657,1.22958074534161,4.98599033816425,1.09704917508801,0.0675682168970809,"Computational Sciences",0.711969877863464,-0.314812803132501,1
0.4968671679198,0.0864661654135338,0.410401002506266,1.37687969924812,-0.837645339549237,-0.445881058968285,"Economics",1.68966081240965,-0.696765907462381,1
2.0887037037037,1.22521825396825,0.86348544973545,3.92943121693122,0.28128497685456,0.20857417702483,"Engineering",0.305607876759007,-0.39834733636063,1
0,0,0,0.5,-0.981726209622388,-1.1623268574924,"Geography",-0.508804109533072,-0.710023961449582,1
0.79455205811138,0.349959644874899,0.444592413236481,2.17300242130751,-0.976182151881921,-0.670537076036797,"Health",-0.344463765403536,-0.652204220691265,1
1.25449735449735,0.521674225245654,0.732823129251701,2.9727450239355,-0.732626426360567,-0.709627589194195,"Mathematical Sciences",-0.848498918032221,0.329236974784182,1
1.12165178571429,0.870535714285714,0.251116071428571,6.17671130952381,-0.781032930527197,-0.687405324971983,"Medical Sciences",-0.991654714816583,-0.0397057403678629,1
1.18784722222222,0.595659722222222,0.5921875,4.66304563492063,-0.596522444501645,-1.29227008351299,"Physical Sciences",-0.197111889102816,-0.73350644690149,1
0.78595661584792,0.0583074534161491,0.727649162431771,1.0509457933371,1.22389849161068,-0.254116524198487,"Political Science",2.34700041472949,-0.323351888751376,1
1.33081501831502,0.636065323565324,0.694749694749695,3.11124847374847,-0.974298193894747,0.367290545949979,"Psychological Sciences",-0.451525954864699,-0.853546285120681,1
0.954421768707483,0.0934240362811791,0.860997732426304,0.985487528344671,-0.617666038919284,-0.530998919750851,"Sociology",-0.295805343876917,-0.920451428486155,1
1.17593537414966,0.801587301587302,0.374348072562358,5.68863378684807,-0.478378406688717,0.529632015654949,"Biological Sciences",-0.774334435508495,-0.285306107691708,1
2.55865079365079,2.14267195767196,0.415978835978836,7.32584656084656,-0.289827378173516,-0.295648144271461,"Chemical Sciences",-0.136600614020601,-0.323203382914526,1
0.741228070175439,0.131578947368421,0.609649122807018,1.34210526315789,-0.710114904635791,-0.0679755828236975,"Economics",1.47208712159853,-0.854064853073244,1
0.589054596197453,0.0399659863945578,0.549088609802896,0.82171201814059,-0.324749458094134,0.893096528383297,"Political Science",3.9341262116959,-0.74885646985923,1
0,0,0,4.2,1.59924776354166,0.7872138142535,"Biological Sciences",1.77180265911753,-1.04731784339516,0
0,0,0,1.83333333333333,2.62583422177289,1.00807621495962,"Computational Sciences",2.57338285983383,-0.60328539121364,0
0,0,0,0,0.328309409142876,-1.05997745770324,"Economics",0.221454672358894,-0.961926987206407,0
0.974659863945578,0.503486394557823,0.471173469387755,3.65022675736961,1.97064581819304,1.04670798485764,"Engineering",1.71576246530299,-0.021407699755987,0
0,0,0,0.285714285714286,-0.648496842141365,0.786248253878131,"Mathematical Sciences",2.75908691177876,-0.961926987206407,0
4.61386554621849,2.45595238095238,2.15791316526611,7.90683940242764,2.3850403678041,-0.312252320782023,"Computational Sciences",1.92040606246333,-0.984028149984673,0
0.876450892857143,0.269667658730159,0.606783234126984,1.53606150793651,2.39229427913805,-0.965501088667093,"Economics",0.765092358195775,-1.0515873862046,0
0.956054421768707,0.465816326530612,0.490238095238095,2.57952380952381,0.542628190780763,0.0204586928438586,"Health",1.03727888243766,-1.08293802911961,0
1.78431924284865,0.985902300314065,0.79841694253459,4.61005644682115,0.855136074494277,-0.888442660254406,"Psychological Sciences",-0.0586081294895551,-0.767436754757668,0
0.992045454545455,0.279545454545455,0.7125,2.35113636363636,0.693147470909257,-1.54112362013733,"Sociology",0.8286094592505,-0.980557719465771,0
0.112698412698413,0.112698412698413,0,0.926190476190476,-1.03448715742439,-2.48206652418338,"Health",2.49273228831298,-1.11563052834616,1
0.521274961597542,0.0833333333333333,0.437941628264209,1.01935483870968,-0.415059085978371,1.43499378300629,"Architecture, Design, Planning",-0.568448106206039,-0.532769071264217,1
1.94574751958858,1.20858319384809,0.737164325740485,6.41841609457503,-0.225075222064925,1.42359237549698,"Biological Sciences",-0.607319032446631,1.90053285290111,1
5.8,3.4,2.4,8.4,2.2606019416519,1.49168970259974,"Earth Sciences",-0.999854647060915,-1.01316150091966,1
1.03571428571429,0.130196523053666,0.90551776266062,1.35671768707483,4.16487197689801,1.46726541401369,"Economics",1.92159151535714,-1.10424508085433,1
0.207539682539683,0.0202020202020202,0.187337662337662,0.759704184704185,-0.466186029641852,1.45847691456847,"Health",-0.9701799695273,-0.46510746029002,1
2.28637566137566,0.606729497354497,1.67964616402116,2.49363425925926,1.94770115082791,1.4751384447667,"Mathematical Sciences",-0.31757493148241,-0.891479530850685,1
0.113095238095238,0,0.113095238095238,1.85119047619048,2.54202422405625,1.46269397680226,"Medical Sciences",-0.999854647060915,-0.679188374492532,1
3.3156887755102,2.0374858276644,1.27820294784581,8.74976615646258,2.28768643119723,1.47552063072559,"Physical Sciences",-0.183917829376216,-0.300757786430625,1
3.65816912972085,1.64261083743842,2.01555829228243,5.0110153256705,-0.488508100507587,1.48349784035388,"Psychological Sciences",-0.939886651142816,0.329536099841439,1
1.63578869047619,0.196304563492063,1.43948412698413,1.55344742063492,1.07353144453842,1.4892504810221,"Sociology",0.638661649955528,-0.877603516720012,1
0.722298534798535,0.397977716727717,0.324320818070818,2.79271214896215,-1.0026223661288,-1.54617424363926,"Biological Sciences",-0.443818912710633,-0.233477298642343,1
0.921428571428571,0.661394557823129,0.260034013605442,3.9077380952381,-0.588949707368115,-2.00706433746724,"Chemical Sciences",-0.499885387939378,-0.432503678836132,1
0.476785714285714,0,0.476785714285714,0.64389880952381,-0.342204995995741,-1.88664568676952,"Economics",-0.0482549310164768,-0.855188416970464,1
1.29334554334554,0.846459096459096,0.446886446886447,2.67078754578755,-0.879922342635068,-1.81854014889638,"Engineering",-0.923846781616172,1.57877941077898,1
0.482378012933568,0.149250440917108,0.333127572016461,1.23540564373898,-0.9909457318288,-0.707888198678994,"Health",-0.573480729824317,1.35121642821784,1
0.650468975468975,0.358405483405483,0.292063492063492,3.29137806637807,-0.979638827128735,-2.08626511166848,"Medical Sciences",-0.897020163956559,0.892348392940901,1
0.471428571428571,0.229004329004329,0.242424242424242,1.68614718614719,-0.620800425415426,-1.99396350402418,"Physical Sciences",-0.876437641913918,0.210256584111945,1
0.148809523809524,0.0357142857142857,0.113095238095238,0.625,-0.843869539907182,-0.158515436483338,"Political Science",0.309966060242049,-0.60328539121364,1
0.483465608465608,0.317901234567901,0.165564373897707,2.3531746031746,-0.743766212381034,-0.0977958267183112,"Psychological Sciences",-0.354802108668264,-0.525484833352775,1
1.1718682968683,0.695066495066495,0.476801801801802,3.56808236808237,0.473864762860394,-1.8492116537552,"Biological Sciences",0.388543125383124,-0.94900296572919,0
0.577777777777778,0.374074074074074,0.203703703703704,3.45432098765432,0.068759590838199,-1.85752311670256,"Physical Sciences",-0.438306638669646,-0.798735573156788,0
1.77579365079365,0.777405753968254,0.998387896825397,2.85044642857143,-0.182948169715895,-1.49305494472318,"Psychological Sciences",0.27733052303098,-1.05265477190696,0
0.271428571428571,0.242857142857143,0.0285714285714286,1.11428571428571,-0.880770373285577,-0.353977066316785,"Architecture, Design, Planning",0.259559150283599,-0.876536131017653,1
1.72748335893497,0.982974910394265,0.744508448540707,4.88756400409626,-0.957375186905132,-1.12192186947694,"Biological Sciences",0.0561682391366105,0.363834918717701,1
3.20542857142857,2.18614285714286,1.01928571428571,6.12414285714286,-0.30915633978134,0.176088370519682,"Computational Sciences",2.65204071075622,-0.486470699947424,1
3.79308924827793,2.77714135968853,1.0159478885894,6.81899520814615,-0.643491779089011,0.286540112637184,"Engineering",0.478435569429653,1.23374582060556,1
3.04090136054422,1.94396258503401,1.0969387755102,3.91488095238095,-0.251306644114078,-0.847405627371909,"Mathematical Sciences",0.942244720404919,-0.976565419695907,1
1.81580086580087,0.867911255411255,0.94788961038961,3.41455627705628,-0.630834941174426,-1.3535290329227,"Psychological Sciences",0.829441565937953,-0.427069715260484,1
1.45190972222222,1.04650297619048,0.405406746031746,5.45608878968254,-0.386915074740781,-1.47041489111027,"Biological Sciences",0.437248085839001,-0.833307010072096,0
0.741496598639456,0.270408163265306,0.47108843537415,2.15357142857143,-0.846086371928542,-1.8708996252635,"Mathematical Sciences",0.193187197291687,-0.642321211185642,0
1.3203664799253,0.578548085901027,0.741818394024276,2.60249766573296,-0.290863469836291,-1.84962116376887,"Psychological Sciences",-0.542775808870672,-0.687169349940239,0
0.948571428571429,0.45968253968254,0.488888888888889,2.51428571428571,-0.0968088325368819,-1.09161812846535,"Biological Sciences",0.688965968779072,-1.00974586667211,0
0.270562770562771,0.175324675324675,0.0952380952380952,1.29004329004329,-0.962397221778163,-2.27346402791752,"Sociology",-0.985036049093686,0.742785014525447,0
2.04894620246733,1.3963904639961,0.652555738471231,5.79382354734467,0.0763533319020601,0.923580648805674,"Biological Sciences",-0.262216774992178,0.690807020886351,0
3.40390070921986,2.91328942924688,0.490611279972982,12.1620567375887,2.33358576161228,0.955002150756221,"Chemical Sciences",1.91980438037816,-0.922683529894128,0
2.38216011042098,1.15674603174603,1.22541407867495,4.06651138716356,0.587257341867236,-0.424677555690286,"Earth Sciences",0.350193908959565,-0.922572940441155,0
0.726927437641723,0.108319160997732,0.618608276643991,1.13632369614512,-0.836731684152431,0.475263539134147,"Economics",0.325706332041845,-0.459340805066883,0
2.39093137254902,1.51260504201681,0.878326330532213,6.23634453781513,0.0278622777304998,0.189082693121741,"Engineering",-0.382244781473415,-1.01517069753587,0
0.755555555555556,0.366666666666667,0.388888888888889,1.75555555555556,-0.0490913223419014,0.654093809095425,"Geography",0.421976525523018,-1.04048657490006,0
1.65109841269841,0.808790476190476,0.842307936507937,3.10248253968254,-0.989327372949788,0.244565428697044,"Health",-0.449686704291077,2.06213895020461,0
1.26395790200138,0.25521911663216,1.00873878536922,1.4708850931677,-0.343070322176383,1.08148690711609,"Mathematical Sciences",0.312923675464092,-0.116557510937742,0
1.03183421516755,0.568694885361552,0.463139329805996,7.49193121693122,1.81262324042354,0.734844242408221,"Physical Sciences",1.22245349864141,-1.00025799376225,0
1.16005291005291,0.244929453262787,0.915123456790123,1.16671075837742,0.36371246190642,0.964797344169658,"Political Science",1.31836060549458,-0.941053666804711,0
2.68921530977983,1.43175243215566,1.25746287762417,5.842773937532,0.748587563439869,1.14243450039713,"Psychological Sciences",0.315504067142117,-0.712916232385008,0
0.946731411862991,0.326608187134503,0.620123224728488,1.82892648287385,-0.0383076252736838,0.80741630826123,"Sociology",0.890203468642125,-0.777662508062253,0
0.74592227695676,0.40216201423098,0.34376026272578,4.07331691297209,-0.831828245033609,-1.62193359616825,"Biological Sciences",-0.0311819974397373,0.419049273225512,0
0,0,0,7.33333333333333,-0.474436899497059,-2.23744728655128,"Chemical Sciences",-0.764104140848128,-0.347112822647378,0
0.771562564419707,0.395315398886827,0.37624716553288,4.30433931148217,-0.871250990963908,-2.00855067907423,"Medical Sciences",-0.79579218462165,0.516776488664823,0
1.62299172134337,0.926561472715319,0.696430248628051,4.7937232486683,0.0254321822501957,0.351208119979206,"Agriculture",-0.733059334006141,2.16572425194454,0
0.56547619047619,0,0.56547619047619,0.779761904761905,-1.03448715742439,-0.667695142792282,"Anthropology",-0.650315966868866,-0.859457959779902,0
1.80272635697636,1.15642846042846,0.646297896547897,5.66263963813964,0.143457814849126,0.984188130828863,"Biological Sciences",-0.569380384109172,-0.173086257734697,0
3.83764367816092,2.90634920634921,0.931294471811713,9.04250136836344,0.0546040021041554,0.905634375952497,"Chemical Sciences",0.243737926672327,0.00858426106301873,0
1.83111333111333,1.26098207348207,0.570131257631258,4.89686008436008,0.122457832904296,-0.0409519367255205,"Computational Sciences",0.019163000290855,-0.186840754108485,0
0.897354497354497,0.754497354497355,0.142857142857143,3.98730158730159,-0.595752798482165,0.761645032774968,"Earth Sciences",-0.691152271180629,-0.54635815375447,0
2.54895414273611,1.73566020332325,0.813293939412865,5.72498303829826,-0.156533411684782,0.0916252736062987,"Engineering",-0.340817910776649,1.94922055707788,0
1.63771233639655,0.672556390977444,0.965155945419103,3.04493177387914,-0.953181662828078,0.188538744733748,"Health",-0.793332592258518,1.00985274815567,0
1.77575539275539,0.786055759055759,0.989699633699634,3.60074521774522,-0.770889518602123,0.372914139344988,"Mathematical Sciences",0.536078738048191,-0.513795773927825,0
1.73835722808937,1.1646073420627,0.573749886026672,8.14719494295387,-0.966373079254997,0.0120245683762659,"Medical Sciences",-0.988092261230736,-0.218721571020715,0
1.1102904040404,0.482539682539683,0.627750721500722,5.08489357864358,0.347454879371823,-0.298204404455473,"Physical Sciences",0.0863644673026044,-0.527986181665375,0
0,0,0,0.25,-1.03448715742439,-1.64166626473393,"Health",1.17378379419761,-1.03023967215741,0
0.28422619047619,0.03125,0.25297619047619,0.90625,-1.03448715742439,-2.36121617370399,"Psychological Sciences",0.704264343548292,-0.91923155911203,0
0,0,0,2.4,-0.311339674840287,1.15085870639263,"Biological Sciences",-0.675090128501336,1.57133507972663,1
0,0,0,1.72916666666667,0.270260884861268,0.687835369465478,"Economics",0.767807525379414,-0.970466072825282,1
0,0,0,0.96031746031746,-0.418821562357582,0.524698848513526,"Health",-0.785320422774065,0.658601705797948,1
0,0,0,0.142857142857143,-0.372853701922143,1.12085206088115,"Mathematical Sciences",1.00184515658261,-0.534972706262636,1
0,0,0,0.25,-0.57145531559345,1.35907473334326,"Medical Sciences",-0.92284399529404,0.64342110914217,1
0,0,0,2.42857142857143,0.961063404940248,1.22213133998544,"Physical Sciences",0.273254929798138,-0.586207219975889,1
0,0,0,0,-0.219502648470398,0.749694896810574,"Political Science",-0.62615608197327,-0.347112822647378,1
1.17401578333782,0.696448748991122,0.477567034346695,3.66574298269214,1.82996455959892,-0.586933394982532,"Agriculture",-0.0172796758746802,-0.602513496468431,0
0.714285714285714,0.261904761904762,0.452380952380952,1.5,-1.00142408668571,-1.74539883801251,"Architecture, Design, Planning",-0.871341472326155,0.0578838095621418,0
1.79468191476065,1.01709161354831,0.777590301212349,5.52403137107861,-0.393152547113158,0.120531511998426,"Biological Sciences",-0.589152686188702,-0.0894610423991054,0
2.34255319148936,1.82250084430935,0.520052347180007,9.29544072948328,-0.136987311205862,-0.443751468682634,"Chemical Sciences",-0.348119464866313,-0.199223127035365,0
1.83667328042328,1.41639109347443,0.420282186948854,6.09720017636684,-0.177887694621571,-0.782506319813294,"Computational Sciences",-0.299169993125725,-0.481840617967412,0
0.591666666666667,0.207142857142857,0.384523809523809,1.79285714285714,-0.660926150314167,-0.675630410942552,"Earth Sciences",-0.0451343956170613,-0.954607770961656,0
0.576190476190476,0.172268907563025,0.403921568627451,1.1656162464986,-0.683206493596311,-0.469500151227322,"Economics",0.83321192414785,-0.95288560243348,0
2.22349743279976,1.53299355683077,0.690503875968992,5.28459679855029,-0.727867877099263,-1.33125305131917,"Engineering",-0.83547134952381,1.44768382440834,0
1.08482142857143,0.350446428571429,0.734375,1.95089285714286,-0.624084678750791,-1.78373392764086,"Geography",0.337106736875316,-0.968331301420563,0
1.13956433637285,0.257345491388045,0.882218844984802,1.7443515704154,-0.799863406968996,-0.197880590248399,"Mathematical Sciences",0.541460963719502,-0.82348479057698,0
1.75400132275132,1.17734788359788,0.576653439153439,6.303125,1.38214772161813,-0.61006814690489,"Physical Sciences",0.0932852943634306,-0.942714044563937,0
0.811441798941799,0.234126984126984,0.577314814814815,1.21752645502646,-0.702986265122272,-2.30953991007418,"Political Science",0.379668461862623,-0.981851520317116,0
0.19047619047619,0,0.19047619047619,1.28571428571429,-0.949208008168645,-0.522215226704012,"Anthropology",-0.313506709645232,-0.887921578509487,0
3.66382275132275,2.31055996472663,1.35326278659612,7.07127425044092,-0.248724383047237,-1.3159154902151,"Chemical Sciences",0.246027897305573,-0.735166824660715,0
1.57965167548501,0.769885361552028,0.809766313932981,2.77019400352734,-0.792614185037013,-0.529292628027225,"Computational Sciences",0.85509486352225,-0.628428254424773,0
0.747108843537415,0.286394557823129,0.460714285714286,2.12636054421769,-0.348617987473762,-0.926583266194817,"Earth Sciences",0.728338416100417,-1.03145954153154,0
0.729166666666667,0.130555555555556,0.598611111111111,1.24861111111111,-0.115296169727639,-1.76855022547434,"Economics",0.98553370498622,-1.03593239590333,0
3.66666666666667,1.24025974025974,2.42640692640693,3.45238095238095,0.0210929720941705,-0.779922506631804,"Geography",1.56923491884403,-1.10321004017325,0
0.842678571428571,0.391210317460317,0.451468253968254,2.16145833333333,-0.919357648944193,-1.41755952888075,"Health",0.0153797080508016,-0.938017547473556,0
1.22222222222222,0.111111111111111,1.11111111111111,1.22222222222222,-1.03448715742439,-2.03520635402202,"Anthropology",0.0856996086751541,-1.08147418587066,1
2.50389691457107,1.58901373283396,0.914883181737114,4.44100231853041,0.202979559134434,0.520437919474247,"Engineering",-0.397300496139323,-0.561261576594905,1
0.614705882352941,0.0976890756302521,0.517016806722689,1.07317927170868,-0.899440365880447,-0.00105482142309324,"Mathematical Sciences",0.157892966639576,-0.745938350964264,1
1.51391941391941,1.01077533577534,0.503144078144078,4.45811965811966,0.573636332096416,0.325523080443361,"Physical Sciences",0.245983371971536,-0.931711761170386,1
0.215506715506715,0,0.215506715506715,0.452380952380952,-0.919794054419803,-0.803822778560592,"Political Science",-0.609951373556415,-0.746479288514781,1
1.22554945054945,0.340201465201465,0.885347985347985,1.72466422466422,-0.863540614836252,0.708353885906726,"Psychological Sciences",-0.375333826054465,-0.804282329627169,1
1.0397619047619,0.663928571428571,0.375833333333333,5.2802380952381,-1.03448715742439,-1.16737748099433,"Biological Sciences",-0.748747994191972,0.0212064037134484,1
0.340542328042328,0.16494708994709,0.175595238095238,1.44955908289242,-1.03448715742439,-1.15610167038537,"Health",-0.861839111397126,-0.506509087533052,1
3.57460317460317,2.53095238095238,1.04365079365079,11.0472222222222,-1.03448715742439,-1.93083624647998,"Medical Sciences",0.321446775800038,-0.275384503448824,1
1.17748917748918,0.727272727272727,0.45021645021645,3.02597402597403,-1.03448715742439,-1.43104342836741,"Psychological Sciences",0.693389874346863,-0.778724786655989,1
0.684340659340659,0.443223443223443,0.241117216117216,2.34578754578755,0.219746629148577,-0.640396594831317,"Psychological Sciences",-0.0693142542613218,-0.774067103591148,1
0.775595238095238,0.400818452380952,0.374776785714286,2.52752976190476,1.07842430700714,-1.33744660695192,"Agriculture",-0.225085409890582,-0.163522481841556,0
1.22619047619048,0.326530612244898,0.899659863945578,2.19897959183673,-0.68948255950795,-2.44255011906917,"Anthropology",-0.146430097600721,-0.835060572297401,0
1.61676025756214,0.973083258460617,0.643676999101527,4.53212413896376,0.694771246777706,0.514480145149152,"Biological Sciences",0.765063849602903,-0.75199437284047,0
1.71211970899471,0.794642857142857,0.917476851851852,3.88589285714286,-0.541233184836576,-1.31441949703923,"Earth Sciences",-0.618354891477613,-0.640430413655748,0
2.3654537890425,1.5189932155658,0.846460573476703,4.69253712237583,0.22536102825135,-0.181255501036942,"Engineering",0.32266630289364,-0.569542230300342,0
1.15919312169312,0.504993386243386,0.654199735449735,2.72916666666667,-0.845984794811052,0.281916551339242,"Health",0.845591451660794,-0.751770602252973,0
1.57084500466853,0.376322751322751,1.19452225334578,1.97727980080921,0.581517416770341,-0.0404199751881543,"Mathematical Sciences",1.18656411210673,-0.894953766666208,0
1.18415448687726,0.801489077479177,0.382665409398083,4.74947744774477,-0.754192988079676,-0.765119757566233,"Medical Sciences",-0.87994688836722,0.0673287387756645,0
1.92792543373939,1.28105389442599,0.6468715393134,6.43175526024363,1.22144036718523,-1.13633821228828,"Physical Sciences",0.212766649582171,-0.757386099126368,0
2.33081065759637,1.33010204081633,1.00070861678005,4.98608276643991,-0.299960671468671,-0.113298705807254,"Psychological Sciences",0.864182992526488,-0.742960434550959,0
0.637689184200812,0.383397932816537,0.254291251384275,3.38367478774455,-0.448159580015251,-0.818884459360997,"Biological Sciences",-0.867791037494924,-0.704562918321232,0
0.99834341143865,0.551820357772739,0.446523053665911,4.34472789115646,-0.18718647835113,-1.82721700302098,"Medical Sciences",-0.460119426533347,-0.938342845973322,0
1.59010025062657,1.12446741854637,0.465632832080201,4.60958646616541,-0.696376569533505,-2.01345498792727,"Engineering",-0.362590448598266,-0.285541521079697,0
0.965990990990991,0.638534963534964,0.327456027456027,4.09433719433719,0.140733982789417,-0.334024603175488,"Biological Sciences",0.28665186938066,-1.03993268826532,1
0.68342151675485,0.384259259259259,0.299162257495591,2.14484126984127,-0.793425008625491,-1.270847011115,"Computational Sciences",-0.0487017379665209,-0.474250319639522,1
0.495915032679739,0.178260192966075,0.317654839713663,1.48910675381264,-0.815816238760212,-0.521132585468007,"Health",0.232308761157401,-0.87218287168254,1
0.935813492063492,0.191964285714286,0.743849206349206,1.37698412698413,-0.622890665479005,-1.10327912684481,"Mathematical Sciences",-0.156001983369959,-0.697215333021269,1
0.28343685300207,0.147412008281573,0.136024844720497,1.36024844720497,-0.924551540243737,-0.739214946701483,"Medical Sciences",-0.999854647060915,-0.474085313154134,1
0.718877551020408,0.165051020408163,0.553826530612245,1.22933673469388,-0.343746262312666,-1.30572848906512,"Political Science",-0.19709350506807,-0.794804882951274,1
1.71268315018315,0.934905372405372,0.777777777777778,4.74256715506715,-0.301164664196903,0.491313578661523,"Psychological Sciences",-0.73433892868813,-0.453522966513363,1
1.30295815295815,0.108658008658009,1.19430014430014,1.11861471861472,-0.388050214188138,-0.632011389789499,"Sociology",0.0822208360744203,-0.593970025083957,1
0.865007215007215,0.513924963924964,0.351082251082251,2.98095238095238,-0.830954935266837,-0.773428847843606,"Biological Sciences",-0.491734247606232,0.014633895388617,1
0,0,0,3,-0.465635236365991,-0.131088894925714,"Chemical Sciences",-0.0125703943996918,-0.705754418640145,1
0.944322344322344,0.447802197802198,0.496520146520147,2.85641025641026,-0.997089217073771,-1.94005462512104,"Computational Sciences",-0.773292329549228,0.424689146750977,1
0.889309523809524,0.466007936507937,0.423301587301587,1.94860317460317,-0.762400786560466,-1.38972750302843,"Engineering",-0.626337942379412,0.223639660118255,1
0.848571428571429,0.477142857142857,0.371428571428571,1.81714285714286,-1.00003392993841,-1.10007498642207,"Health",-0.942842669998796,1.49049840253461,1
0,0,0,1,-0.55812454115323,-1.83411828467993,"Psychological Sciences",-0.488591170402743,-0.449581850073882,1
0.679583333333333,0.340178571428571,0.339404761904762,3.59142857142857,-0.993054309473039,-2.24316028690593,"Biological Sciences",-0.124290141436519,-0.517894535024886,0
1.06843629343629,0.43529601029601,0.633140283140283,2.42989060489061,0.477325544260578,1.27597415195535,"Architecture, Design, Planning",-0.187689195435791,-0.2331044903305,1
1.71697722567288,1.21314699792961,0.503830227743271,6.93260869565217,3.88276412887542,1.48419985752017,"Biological Sciences",-0.749595069970335,-0.911435002677404,1
6.0257316468254,4.62527281746032,1.40045882936508,15.0212921626984,1.48169834505742,1.43222397385889,"Chemical Sciences",-0.483677523347529,0.144951986140318,1
1.05044091710758,0.234567901234568,0.815873015873016,1.46426366843034,2.2285781559624,1.49088450627273,"Economics",1.81914095703856,-1.03593239590333,1
4.06061080496564,2.79061055432023,1.27000025064541,10.0526356260227,0.876067931307826,1.4560291468225,"Engineering",-0.473118021863306,1.74917972479138,1
1.81950617283951,0.492610229276896,1.32689594356261,2.33202821869489,2.82927211191551,1.45545586788417,"Mathematical Sciences",1.87013012331022,-1.07540194720835,1
2.32413572773742,1.38392184557439,0.940213882163035,10.3819242668819,1.83261217427686,1.39755469511323,"Physical Sciences",-0.142959878782302,-0.364769914944035,1
1.00196608946609,0.140422077922078,0.861544011544012,1.22092352092352,0.848425687345964,1.39500223888783,"Political Science",0.0168905833721584,-0.895943143787824,1
2.36823308270677,1.3374373433584,1.03079573934837,6.13693609022556,2.73690912997046,1.46799496126493,"Psychological Sciences",-0.608442138485424,-0.922826963583135,1
2.09796521445458,1.18678655859507,0.911178655859507,6.26652313407633,-0.931027463111463,-0.16735402761172,"Biological Sciences",-0.999854647060915,0.385068348503003,1
1.2162380952381,0.827654761904762,0.388583333333333,5.97575793650794,-0.376383813549802,-1.49045446177923,"Medical Sciences",-0.978922514818778,-0.798147325036377,1
1.27415966386555,1.00070028011204,0.273459383753501,4.90546218487395,-0.749208111929005,-1.52406070290107,"Psychological Sciences",-0.999854647060915,-0.748952145888573,1
1.64247226203748,1.0146944842597,0.627777777777778,6.53583373148591,-0.917081523938621,-1.98557848830738,"Biological Sciences",-0.994612499124739,0.640165404257381,0
1.20138888888889,0.651785714285714,0.549603174603175,5.34598214285714,-0.746475615137664,-1.69769294869723,"Medical Sciences",-0.804090188413204,-0.213333814618329,0
0,0,0,0,0.211009219250033,-1.06131438745375,"Biological Sciences",-0.999854647060915,-0.996083329681908,1
0.962087912087912,0.813644688644689,0.148443223443223,4.27600732600733,-1.03448715742439,-2.18988435512748,"Medical Sciences",-0.999854647060915,-0.841066083062324,1
2.00542929292929,1.52034632034632,0.485082972582973,8.5998556998557,-0.149038009735833,-1.36435179756969,"Biological Sciences",-0.374724502414057,-0.859457959779902,0
2.62014991181658,0.927248677248677,1.6929012345679,3.80401234567901,0.480167756680449,-1.04065274585494,"Earth Sciences",0.87933920186677,-0.994185755099936,0
1.48910031488979,0.914718848403059,0.57438146648673,4.60214349977508,0.871751869940288,0.463785101774615,"Agriculture",-0.628664926174873,1.21904536496615,0
0.814625850340136,0.316043083900227,0.498582766439909,1.45767195767196,0.772060407267331,0.146992387302028,"Anthropology",0.666501155209367,-0.996083329681908,0
1.6082038051735,0.934130880343002,0.674072924830501,4.45472944563854,-1.00144069105894,0.862973166782486,"Biological Sciences",-0.994134539240087,0.78893057822341,0
2.39393939393939,1.83585858585859,0.558080808080808,9.73232323232323,-0.141291566416492,0.560059952326427,"Chemical Sciences",0.0507655359579994,1.01551823398892,0
1.72427375864876,0.771227614977615,0.953046143671144,3.62419744607245,0.210896445688585,0.230348447330983,"Computational Sciences",-0.234553807930017,-0.0468216450502591,0
1.36340048840049,0.830740740740741,0.532659747659748,3.54824277574278,-0.80712133042094,0.419436593794606,"Earth Sciences",-0.792136070347058,0.247207536426351,0
1.09430430680431,0.451796937630271,0.642507369174036,2.15832214082214,-0.446532289187893,0.522501723652221,"Economics",0.142033445915957,-0.380130620373696,0
3.52328200371057,2.58932426303855,0.933957740672026,7.10986332714904,0.0440161916003636,0.403489016055716,"Engineering",-0.78639409876181,1.47507925364567,0
1.10967261904762,0.502951388888889,0.60672123015873,3.03912450396825,-0.198185996216201,0.128287826662108,"Geography",-0.387652959973592,-0.516827149322526,0
1.4568989223337,0.621450602537559,0.835448319796146,2.71911530498487,-0.661892953596646,0.337943235302538,"Health",-0.473756428735862,0.816430409072428,0
1.428237514518,0.565442315137437,0.862795199380565,1.79749806426636,0.102800700196313,0.569739908170294,"Mathematical Sciences",0.704972898616684,-0.584124516166407,0
1.23288143569394,0.667803978428978,0.565077457264957,4.22464807183557,0.0273477130517111,-0.506071648918733,"Medical Sciences",-0.120301088646859,-0.0707310847831102,0
0.991871479774706,0.110407066052227,0.881464413722478,1.00339221710189,0.947345589859403,0.391190817878766,"Political Science",1.00497366055471,-0.955866990960753,0
2.39100985221675,1.24295977011494,1.14805008210181,4.51530514504652,0.168270953904244,0.816874039529327,"Psychological Sciences",-0.257591902907384,-0.35800751809215,0
1.16285797535798,0.355796287046287,0.807061688311688,1.8731456043956,-0.210404532891666,-0.354227097183218,"Sociology",0.0527546591118131,-0.715846065280634,0
1.7663139329806,1.12610229276896,0.64021164021164,6.04805996472663,-0.753751663865104,-1.81890791274361,"Biological Sciences",-0.501723410277758,-0.431871153975474,0
1.43634920634921,1.08968253968254,0.346666666666667,5.98873015873016,-0.819570258756028,-1.28300364034595,"Chemical Sciences",-0.168553856098714,-0.531557072015086,0
1.21416900093371,0.659197012138189,0.554971988795518,3.68548085901027,-0.349808736459643,-1.92196793285061,"Computational Sciences",0.0775655250511367,-0.794159069753208,0
1.09863945578231,0.717602040816327,0.381037414965986,3.64392006802721,-0.621208841318708,-1.22316391331113,"Earth Sciences",-0.467358551932455,-0.250743142091498,0
2.12556458897922,1.36681507291263,0.758749516066589,4.87778100400052,-0.705432829748597,-1.13633821228828,"Engineering",-0.240318924850225,1.47511416372857,0
1.60850340136054,0.528826530612245,1.0796768707483,2.48652210884354,-0.886569532430209,-2.16613827850146,"Mathematical Sciences",-0.169400235176668,-0.409326160727755,0
2.24444444444444,1.46222222222222,0.782222222222222,5.98222222222222,0.245641278439075,-2.11091240744271,"Physical Sciences",0.211542229648833,-1.04959493289353,0
0.468137254901961,0.123249299719888,0.344887955182073,0.998249299719888,-0.875942940929476,-2.3826466242093,"Economics",0.496567901775118,-0.936812029503832,0
0.740800865800866,0.415367965367965,0.3254329004329,2.60319264069264,-0.890049026284405,-1.84709743926602,"Health",0.856463149826643,-0.961926987206407,0
0.871396396396396,0.481016731016731,0.390379665379665,2.83743564993565,0.440099235200796,-2.05043415832285,"Agriculture",-0.590121101611431,0.37801709666361,0
2.14583774250441,1.15228395061728,0.993553791887125,4.42432980599647,1.60605792619142,-1.01763331932893,"Computational Sciences",1.47499688718615,-1.08716690961658,0
1.07289578111947,0.647352756892231,0.425543024227235,3.36422827903091,-0.873939099780953,-1.88476689533983,"Earth Sciences",-0.505931632969399,0.794203384149154,0
0.845314407814408,0.404822954822955,0.440491452991453,2.10497557997558,-0.942443598762047,-2.09921751710086,"Economics",-0.7152048094186,-0.927770644730905,0
1.73247582557927,1.12273307790549,0.609742747673782,4.45601167670133,-0.228097957651516,-1.52616789035005,"Engineering",0.0101804408525936,-0.483541891730559,0
0.700680272108844,0.404336734693878,0.296343537414966,1.42559523809524,-1.01563966184712,-1.92179968455042,"Health",-0.377231674672973,0.226835717878462,0
0.80327380952381,0.18682208994709,0.61645171957672,1.13234126984127,-0.852745660882133,-2.28423373979664,"Mathematical Sciences",0.12131391229774,-0.892191121318924,0
0.996332199546485,0.720544217687075,0.27578798185941,4.60130952380952,0.842521902736043,-2.03445548993898,"Medical Sciences",-0.225409197602837,-0.910936447367979,0
0.88656462585034,0.580442176870748,0.306122448979592,2.16972789115646,-0.719556816750126,-2.20836982695815,"Physical Sciences",-0.0958642354070415,-0.892394432881279,0
0.966071428571429,0.340277777777778,0.625793650793651,1.1297619047619,-0.684570034403155,-2.14223800657267,"Political Science",1.0890318368195,-0.984697882190075,0
0.482456140350877,0.157894736842105,0.324561403508772,1.49210526315789,-0.945822952050999,-1.58607221925684,"Psychological Sciences",-0.741365924586233,-0.775864805826701,0
1.13026556776557,0.315888278388278,0.814377289377289,2.25837912087912,-0.671567688371321,-1.56637673764699,"Sociology",-0.310370738255911,-0.715607209738847,0
0.960468631897203,0.548828420256992,0.411640211640212,3.051029856387,1.28158194484801,-1.71270321293662,"Agriculture",0.128992743147221,-0.997709822180742,0
1.62865769496204,1.0595367494824,0.569120945479641,6.42322291235335,-0.473043433294249,-0.652213883797228,"Biological Sciences",-0.771144135277441,-0.695915906948832,0
0,0,0,2,-0.941374648727977,-0.748916748453918,"Psychological Sciences",-0.546265044805655,-0.654519904926892,0
0.516666666666667,0.3,0.216666666666667,2.03333333333333,-1.00212280895834,-1.99650192983481,"Health",-0.317441939155727,-1.05073347764271,0
1.08086080586081,0.702564102564103,0.378296703296703,5.96031135531136,2.93823879004471,-0.394632085198677,"Biological Sciences",0.12972233002716,-0.258700443855021,1
1,0,1,0.5,-0.709940476023319,-1.3188961860523,"Biological Sciences",-0.632615730665123,-0.910692473493154,0
2.41755189255189,1.53156288156288,0.885989010989011,5.35726495726496,0.261888766607759,-1.87541693799064,"Chemical Sciences",1.28154402442543,-1.01053408996001,0
2.35719648219648,1.16752466752467,1.18967181467181,4.21401758901759,0.231509443177093,-0.981459934788064,"Computational Sciences",2.78166341349783,-0.80822344606665,0
2.49831349206349,1.50046428571429,0.997849206349206,5.09440079365079,-0.266165914721126,-0.727017050323421,"Engineering",1.73874621461735,-0.497229947827207,0
0.980392156862745,0.325922035480859,0.654470121381886,1.53621615312792,0.911003082261087,-0.630897281664073,"Mathematical Sciences",1.24336596888623,-1.01517069753587,0
1.62072310405644,1.17142857142857,0.449294532627866,4.57116402116402,0.808360405330519,-1.01938930886975,"Physical Sciences",0.556962474833504,-1.00114352856717,0
0.651785714285714,0.520833333333333,0.130952380952381,3.62457482993197,-0.808329111167504,-2.15516766187841,"Chemical Sciences",-0.608550824964852,-0.611824476832515,0
1.44940476190476,0.606150793650794,0.843253968253968,3.24338624338624,-0.304107814114837,-2.08474816328451,"Computational Sciences",-0.191817999675799,-0.828147979177359,0
1.2645313681028,0.60791761148904,0.656613756613757,3.13000755857899,1.1460950491973,-0.310608076030166,"Earth Sciences",0.548125601587104,-1.00340254592666,0
0.345458553791887,0.190696649029982,0.154761904761905,2.09193121693122,-0.880684282900116,-0.0643065976184102,"Engineering",-0.825193327580676,-0.567231474156166,0
0.434920634920635,0.204585537918871,0.230335097001764,1.29770723104056,-0.808326826345907,-2.3235988935617,"Mathematical Sciences",-0.159851585175804,-0.929668219312877,0
0.838672438672439,0.507178932178932,0.331493506493507,2.69484126984127,1.25672812881209,-0.81208735857335,"Agriculture",1.17767706990446,-0.962444507546945,0
1.00942140296979,0.659959037378392,0.349462365591398,3.57601126472094,0.202921582974862,-1.13707373998274,"Biological Sciences",1.21099887585674,-0.981208793442577,0
1.35500992063492,0.904129464285714,0.450880456349206,5.13696676587302,0.0268728084035344,-0.36147184400976,"Chemical Sciences",0.359466430344461,-0.903754466427818,0
2.0687441643324,1.19064737005913,0.878096794273265,4.07257236227824,-0.359500818788405,-0.921931889354307,"Engineering",0.183035036972438,-0.323002463252906,0
1.05106837606838,0.386141636141636,0.66492673992674,1.65897435897436,-0.968017823661741,-0.611214704781542,"Mathematical Sciences",0.513573155883087,-0.869967603618518,0
1.22192118226601,0.566543513957307,0.655377668308703,3.66566776135742,-0.588179931465177,-0.415153307874004,"Physical Sciences",-0.269446377738764,-0.659231124578685,0
1.26512515262515,0.571184371184371,0.693940781440781,2.72123015873016,-0.690520934450539,-0.485367803941887,"Psychological Sciences",-0.0723738806822499,-0.951417343367791,0
1.27917128091547,0.912467700258398,0.366703580657069,4.21930601698044,-0.591500273254044,-0.182505898117517,"Biological Sciences",0.545773997809807,-0.708931752823912,1
1.02669623404918,0.808255524431995,0.21844070961718,6.56119670090258,-1.03448715742439,-0.0397850533532342,"Medical Sciences",1.06539275860308,-0.978000560136055,1
1.10398629148629,0.299422799422799,0.804563492063492,1.37202380952381,2.44213664886077,1.25263974957288,"Anthropology",2.00533918436433,-1.12028821141101,1
1.47400265556159,0.941816042006156,0.532186613555435,6.30764681030841,-0.0687198515336764,0.953884389817269,"Biological Sciences",0.180491017794451,0.173089571974758,1
2.51585933223864,1.00793650793651,1.50792282430213,4.51387520525452,1.79228255044727,1.17085644539353,"Computational Sciences",2.46396597624441,-0.901858936646042,1
0,0,0,0,-1.03448715742439,1.22213133998544,"Engineering",-0.370530124262344,-0.739910761115646,1
1.19705882352941,0.397058823529412,0.8,3.62352941176471,-1.03448715742439,0.78615670700891,"Health",-0.999854647060915,0.64342110914217,1
1.88544422398589,0.712048059964727,1.17339616402116,3.0616512345679,1.05167044471825,1.31767782970646,"Mathematical Sciences",1.08269163961615,-0.572212607433843,1
1.27910052910053,0.698015873015873,0.581084656084656,4.56990740740741,-0.197629795087102,0.426501542212265,"Medical Sciences",-0.933445182368391,-0.198153217962551,1
2.13236772486772,1.22977513227513,0.902592592592593,6.81866402116402,2.71481288371969,0.812810178020575,"Physical Sciences",-0.498830070530717,-1.06041110801077,1
1.0917328042328,0.23669532627866,0.855037477954145,1.33762125220459,4.24463175120568,1.06039843188481,"Political Science",4.78295478120558,-1.16259549924998,1
1.94094408907842,0.902606017531391,1.03833807154703,3.76323146173892,0.215703294567169,1.01841146768559,"Psychological Sciences",-0.924020823105824,-0.465640428998932,1
1.0625744047619,0.269084821428571,0.793489583333333,1.50926339285714,1.38206965927618,1.18621307090616,"Sociology",-0.00414830775697126,-0.969932379974103,1
1.28512377173091,0.809358465608466,0.475765306122449,4.09096513605442,0.543287877280951,0.163579816986859,"Agriculture",-0.101287983179676,0.933140085496871,0
1.03819047619048,0.219714285714286,0.81847619047619,1.62066666666667,-0.840841306223895,-2.00611037080436,"Anthropology",-0.166273854576375,-0.82256910990636,0
0.266666666666667,0.133333333333333,0.133333333333333,2.48333333333333,-0.927575511906299,0.361611273412445,"Architecture, Design, Planning",1.05295135430415,-0.82188598305685,0
1.34659461893504,0.792671394799054,0.55392322413599,4.60247740832847,-0.422531860781117,0.847821296276689,"Biological Sciences",-0.960169032379772,0.0645801137860623,0
3.19906257188866,2.5081608005521,0.690901771336554,9.42050264550265,0.617003082659747,0.461324402718978,"Chemical Sciences",-0.938107559214281,0.179340368985898,0
2.52601513473607,1.74288482834994,0.78313030638612,6.75427279438907,1.2285939461278,0.573995600469219,"Computational Sciences",2.69879492599571,-0.671200909391672,0
1.04190476190476,0.517559523809524,0.524345238095238,1.39940476190476,-0.331889650707835,0.286310801061853,"Economics",1.64237763305903,-0.789437457705124,0
3.09435378396053,2.28975982402949,0.804593959931039,7.87026930622436,0.0819446204279715,0.442471983861893,"Engineering",0.572325858388633,1.66996631586375,0
1.38530578898226,0.872724089635854,0.512581699346405,4.01192810457516,-0.437988318903175,-0.297025849614821,"Health",-0.638882309979346,0.707715400860761,0
2.07094583537883,0.859781541482572,1.21116429389625,3.09044755359188,0.408844604527719,0.294183831814866,"Mathematical Sciences",1.03582750368154,-0.378980338049779,0
1.39125353337682,0.821515546858013,0.569737986518808,4.6954555338117,0.904974008474449,-0.428357216324484,"Medical Sciences",-0.602009975856559,-0.463852650697208,0
2.26718975468975,1.53583152958153,0.731358225108225,5.42365620490621,0.348270329566956,-0.960914857160484,"Physical Sciences",-0.0354192767566855,-0.285398522038233,0
1.4056462585034,0.623458049886621,0.78218820861678,2.75854875283447,1.50702655266795,-0.810928264809691,"Psychological Sciences",2.61321626085668,-1.09367287961191,0
1.43563357546408,0.938740920096852,0.496892655367232,3.85010088781275,-0.119009848255146,-1.90033151592897,"Agriculture",-0.475752812526768,0.758915860394078,0
1.86913722478239,1.39447004608295,0.474667178699437,5.98384536610343,-0.931379199683847,-1.04616251694795,"Biological Sciences",-0.939964698039786,-0.39944915385984,0
2.05110544217687,1.21587301587302,0.835232426303855,5.09648526077097,-0.942315609591705,-1.57832077971237,"Computational Sciences",-0.146997351659679,-0.495936886290635,0
2.95538119288119,2.01165824915825,0.943722943722944,6.56856060606061,-0.897932624514206,-1.7795571810902,"Engineering",-0.0944794901862206,0.113739040601625,0
0.778571428571429,0.156481481481481,0.622089947089947,1.16335978835979,-0.894510038010482,-2.00867766344121,"Mathematical Sciences",-0.690618001023541,-0.108967212609852,0
2.22532467532468,1.64220779220779,0.583116883116883,8.36969696969697,-0.779809842442544,-1.30912078572598,"Medical Sciences",-0.567415035118212,-0.629678928581073,0
0.632142857142857,0.20952380952381,0.422619047619048,0.974880952380952,-0.705327838417818,-2.32397026293685,"Sociology",-0.138100929817303,-1.00633023242456,0
1.82456140350877,1.3859649122807,0.43859649122807,5.23684210526316,0.63338599842529,-0.0461390635653429,"Biological Sciences",0.045263558271351,-0.84507634189548,1
2.83719047619048,2.30628571428571,0.530904761904762,10.1080476190476,0.395413028898923,-0.674134417766681,"Chemical Sciences",0.14883817788544,-0.542487101607247,1
1.2515625,0.6671875,0.584375,2.65,1.72066834324185,0.158001678249248,"Computational Sciences",4.15950300857894,-0.898951230767201,1
0.481481481481481,0,0.481481481481481,1.27513227513228,-0.848547775967612,-0.941881996408056,"Economics",1.44042009271499,-0.884126429345542,1
3.19365079365079,2.25036786003939,0.943282933611401,6.93950874753794,0.481743325947924,-0.33718737226165,"Engineering",1.52001405840464,0.0602701233742988,1
0.896346469622332,0.168144499178982,0.72820197044335,1.28965517241379,-0.781758705249902,-1.28683059963306,"Health",-0.531139491974562,-0.977238451074735,1
1.69772347535505,0.845561821219716,0.852161654135338,3.63384502923977,0.357223202302685,-0.299333254874571,"Psychological Sciences",0.882637235271781,-1.08866499481287,1
1.44761904761905,0.447619047619048,1,1.93333333333333,-0.60201166393942,-2.06727806279602,"Earth Sciences",-0.0101228579100686,-0.866289228275002,0
0.264021164021164,0.0166666666666667,0.247354497354497,0.690939153439153,-0.0964999818389299,-2.11833773464389,"Political Science",1.54663933857878,-1.11136098553673,0
0.775510204081633,0.0408163265306122,0.73469387755102,0.526530612244898,-0.989906022530351,-2.31470753643716,"Psychological Sciences",-0.434691086396047,-0.339793606402627,0
1.39552767052767,0.819401544401544,0.576126126126126,4.65768983268983,-0.341122394664946,-1.90981913577839,"Biological Sciences",0.0826009423980924,-0.636057017102297,0
0.502551020408163,0.301020408163265,0.201530612244898,2.04336734693878,-1.0237819958924,-1.7049276256054,"Computational Sciences",2.04868437179979,-0.874096392269403,0
0.71494708994709,0.292857142857143,0.422089947089947,2.21640211640212,-0.0664868911358633,-1.79351131161173,"Earth Sciences",0.50787019520408,-1.04162511964924,0
0.169642857142857,0.0142857142857143,0.155357142857143,0.704761904761905,-0.54283762869738,-0.800167442853836,"Economics",1.41081397075525,-1.02511622078608,0
1.55486111111111,0.754861111111111,0.8,4.11388888888889,-0.968706075365975,-2.30582724647359,"Engineering",-0.535392069679637,0.506795739240163,0
1.02474398361495,0.216013824884793,0.808730158730159,1.20367383512545,-0.97899454750027,-1.4182003569653,"Mathematical Sciences",0.528935322413154,-0.732198038621178,0
0.508300264550265,0.185962301587302,0.322337962962963,2.9978835978836,-0.542322843430495,-2.01345498792727,"Physical Sciences",-0.0758199198996342,-0.786875732019461,0
1.56654082351757,0.743789221114803,0.822751602402765,3.69925668646599,-0.332352543492877,-0.624893715742374,"Psychological Sciences",-0.00239361111106757,-0.0289822374976473,0
1.70674603174603,0.450694444444444,1.25605158730159,1.8828373015873,-0.475161977718174,1.01987188383165,"Anthropology",-0.503583101286504,-0.156691213346456,1
0.998647186147186,0.717287157287157,0.281360028860029,3.34167027417027,0.656214185471596,0.969036260323066,"Biological Sciences",-0.831303752447314,0.00857890740432352,1
5.88665674603175,4.29449404761905,1.5921626984127,17.4589451058201,2.47486678631482,1.23475287464399,"Chemical Sciences",0.0330997060805263,-0.518250330259005,1
0.610737628384687,0.0486111111111111,0.562126517273576,1.03335667600373,1.74618653675359,1.34916995271851,"Economics",1.81923676396436,-0.954894799049686,1
4.04654410287322,2.80138946847808,1.24515463439514,8.70299125979506,0.041873075627675,1.18314837217926,"Engineering",-0.383582844160988,0.582890881970395,1
1.39182194616977,0.800552104899931,0.591269841269841,3.80607315389924,-0.951744572976932,1.25304574003638,"Health",-0.851407822979584,-0.543883056473637,1
0.929402748551685,0.29871664978048,0.630686098771205,1.63040357987166,0.112563166077996,1.10116948399862,"Mathematical Sciences",-0.170602563268203,-0.255544755585394,1
0.155952380952381,0.0946428571428571,0.0613095238095238,1.94821428571429,-0.640396699158475,1.04821700296626,"Medical Sciences",-0.379480959377983,-0.761258475162835,1
1.63198757763975,0.830020703933747,0.801966873706004,4.89001035196687,0.738316406601521,0.929759081439106,"Physical Sciences",-0.411636588689334,-0.675681986678018,1
0.956605975723623,0.111309523809524,0.845296451914099,0.983111577964519,1.40089948903308,1.13209924767117,"Political Science",1.65755264156254,-1.00160862037647,1
2.79669784580499,1.3188066893424,1.47789115646258,5.16383219954649,-0.166990412640245,1.21994889584185,"Psychological Sciences",-0.251052924679026,-0.853358612909277,1
1.125,0.75,0.375,4,-1.03448715742439,-1.13742610906427,"Health",0.935526079330269,0.148154143247396,1
0.78517316017316,0.512987012987013,0.272186147186147,2.88257575757576,-0.17467246755708,-1.83405978324941,"Biological Sciences",-0.281041024616502,-0.873431008974425,0
1.99198412698413,1.32721428571429,0.664769841269841,4.94894444444444,-0.873030345957752,-1.93548905231491,"Engineering",-0.329519655983374,0.232520309161885,0
1.1741341991342,0.613347763347763,0.560786435786436,2.06910173160173,-0.761681232173971,-1.89058220214603,"Mathematical Sciences",0.365348626127681,-1.00151729325756,0
2.24481074481074,1.37591575091575,0.868894993894994,2.87652625152625,-0.444507066188326,-2.38379318208595,"Physical Sciences",-0.541438557451138,-1.04731784339516,0
0.214285714285714,0.0476190476190476,0.166666666666667,0.857142857142857,-0.813022173651536,-1.91163268012465,"Psychological Sciences",-0.0475117404183847,-0.869216914772902,0
0,0,0,0.166666666666667,-0.0763647026979347,-0.58040719313932,"Anthropology",0.904607294716948,-0.944848815968656,0
0,0,0,0.4,-1.03448715742439,0.520630904463386,"Architecture, Design, Planning",-0.999854647060915,-0.60328539121364,0
0.196428571428571,0.176020408163265,0.0204081632653061,3.97448979591837,-1.01015238458517,0.620543238689732,"Biological Sciences",-0.895144377854757,3.38324772342705,0
0.111111111111111,0,0.111111111111111,0.75,-0.118299903216744,-0.0368413248458761,"Earth Sciences",-0.373209993529392,-0.552050877500387,0
0,0,0,2.59375,0.555771089040902,0.598403855086601,"Engineering",0.395054851976516,1.87304943826023,0
0,0,0,0,-0.611034350449157,0.893096528383297,"Geography",-0.732648543488819,-0.125096596556617,0
0.222222222222222,0,0.222222222222222,0.138888888888889,-0.945993151102877,0.804832268330008,"Health",-0.525574245782515,1.38916791985729,0
0,0,0,1,0.294050308165406,0.589422485052825,"Mathematical Sciences",0.78451840645631,-0.517894535024886,0
0,0,0,1.44642857142857,-0.883586308053135,0.478311163941765,"Medical Sciences",-0.999854647060915,1.90720578073573,0
0,0,0,8,1.56580568936178,0.442471983861893,"Physical Sciences",0.624558805982709,-0.534972706262636,0
0,0,0,1,2.14445842763998,1.01259788802723,"Political Science",2.05477928217527,-0.979005158444158,0
0,0,0,0.3125,0.236119354619292,0.801371160440384,"Psychological Sciences",0.258361668122935,-0.219026538364246,0
0,0,0,0.833333333333333,0.185954904095798,0.731656955732244,"Sociology",0.464481213524164,-0.867997045398777,0
1.22791635172588,0.755549256739733,0.472367094986143,3.98319475938524,-0.967522124761024,-0.970403164418969,"Biological Sciences",0.110712909854965,-0.823132960639289,0
1.56353077816492,1.01267905536198,0.550851722802942,3.58319783197832,0.472899370554704,-0.902440405451218,"Engineering",0.202634974774674,-0.864039908160762,0
0.818824404761905,0.409350198412698,0.409474206349206,2.69990079365079,0.586505619592211,0.506023287192428,"Health",-0.206257062855664,-0.797549589043055,0
0.889756944444444,0.162574404761905,0.72718253968254,1.32452876984127,-0.931772396621901,-1.59534354890807,"Mathematical Sciences",1.58646469517725,-1.04198091488336,0
2.9080612244898,1.488820861678,1.41924036281179,4.72102040816327,-1.01321193887945,-0.0357843103625391,"Psychological Sciences",0.433780114585054,-0.573520578484988,0
1.27438568376068,0.751449938949939,0.522935744810745,4.01132478632479,1.08747153398036,-0.324253770793246,"Agriculture",-0.461382660367256,-0.37913439371816,0
1.61365373309818,0.969922104644327,0.643731628453851,4.12412551440329,-0.942048966699901,-0.576454531268243,"Biological Sciences",-0.848600549254379,0.334432714711011,0
1.66038500506586,1.34058595069233,0.319799054373522,5.97298210064168,-0.557947886020893,-0.920973291785302,"Chemical Sciences",-0.302607203875175,-0.0913036194265994,0
1.10277777777778,0.7625,0.340277777777778,3.11597222222222,1.32373567876212,-1.08998008841066,"Computational Sciences",3.45475414875283,-1.07506987165651,0
1.33567176870748,0.939710884353742,0.395960884353741,3.33170351473923,-0.460671262534827,-0.698444306874575,"Earth Sciences",0.214247814069883,-0.797854556386587,0
0.873384353741497,0.206377551020408,0.667006802721088,1.27610544217687,-0.404661699520481,-0.705691073817689,"Economics",0.841301931776028,-1.03389928027979,0
1.84920042643923,1.14024520255864,0.708955223880597,3.54362710258233,0.161633598911636,-0.239729952746207,"Engineering",0.452082862680451,-0.50718881574152,0
1.00506349206349,0.653,0.352063492063492,3.51325396825397,-1.02128474294095,-0.278350288293722,"Health",-0.295361000175108,-0.0950390151781755,0
1.51041666666667,0.32905505952381,1.18136160714286,2.13368055555556,-0.998041201133026,-0.55216697413395,"Mathematical Sciences",0.855319341719047,-1.00035287249135,0
1.41188822751323,0.998082010582011,0.413806216931217,6.05569885361552,-0.560069637352564,-1.10188229880798,"Medical Sciences",-0.588492426767737,-0.605420162618359,0
2.452059712774,1.65062358276644,0.801436130007559,6.66298185941043,-0.399532945077763,-0.779922506631804,"Psychological Sciences",0.0321385340315417,-0.665905352418726,0
0.037037037037037,0.037037037037037,0,5.88888888888889,-0.228247820906037,-1.6506675487941,"Computational Sciences",-0.455581357990781,-0.136482044048451,0
0,0,0,0.571428571428571,-0.186572743606251,-1.02454881931468,"Mathematical Sciences",-0.302566585692818,-0.876536131017653,0
0,0,0,1.66666666666667,-0.592640286130476,-1.50667640644696,"Physical Sciences",-0.520600384776434,-0.688676247402394,0
1.49945309320309,0.959826516076516,0.539626577126577,5.75253357753358,-0.702922154246893,-0.48554330823346,"Biological Sciences",-0.937928456348113,-0.0266781610262453,0
1.1567149081855,0.566588857765328,0.590126050420168,3.41704793028322,0.0901560941099602,-0.801266005284489,"Health",0.412461679571857,-1.09687802659491,0
1.16986772486772,0.710696649029982,0.459171075837743,6.78994708994709,-0.640085949197273,-1.67178813783248,"Medical Sciences",-0.999854647060915,0.411157980308759,0
1.30663194444444,0.798159722222222,0.508472222222222,3.27659722222222,2.05459636157264,-0.436830752588654,"Agriculture",1.14007656512492,-0.512130652232145,0
1.51628401360544,0.88140589569161,0.634878117913832,4.49301776266062,-0.260125066217359,0.893276907794081,"Biological Sciences",-0.633049268339798,-0.748653158296876,0
2.87748447204969,2.49861973775017,0.378864734299517,9.31231884057971,-0.256608123336577,0.214485528700356,"Chemical Sciences",0.0690615658257629,-0.18746904803362,0
1.80452310717797,0.908786346396966,0.895736760781009,3.83816547267875,-0.995143681730341,0.05441425888222,"Earth Sciences",-0.965861814655795,0.770676155002224,0
2.92840552416824,2.04123621199892,0.887169312169312,6.94620213433773,-0.32339243891969,-0.532102211292536,"Engineering",0.118530822658186,0.358109513944265,0
0.933380574452003,0.227683295540438,0.705697278911565,1.81922713529856,-0.908835922575839,-0.296293474661052,"Mathematical Sciences",0.00257587846331338,-0.241797433347914,0
1.88637566137566,1.36812169312169,0.518253968253968,6.04656084656085,-0.619811364744908,-0.74650853422651,"Physical Sciences",-0.258772210025556,-0.454136029070616,0
1.64240790655885,1.07580862533693,0.566599281221923,4.37646001796945,2.27123850253509,0.05100283519145,"Agriculture",0.359620625839866,-0.853013366859996,0
1.54091205229265,0.961422594818117,0.579489457474532,5.44345372703582,0.296346668776956,0.756910073241906,"Biological Sciences",-0.683287521136788,-0.291672490644231,0
2.97147205914329,1.93754076973255,1.03393128941074,7.22862578821483,1.0465060772661,0.917642753607456,"Computational Sciences",0.915009532471267,-0.776874474205573,0
2.03173789717907,0.974239948504654,1.05749794867442,4.23467589055824,0.863034456003685,0.83008672057104,"Earth Sciences",-0.108726275929642,-0.85560699959884,0
3.2386032948533,2.2158174001924,1.02278589466089,6.67501052188552,0.690236185528779,0.637386822892778,"Engineering",0.739288723171959,-0.157376927797669,0
0.837103174603175,0.445436507936508,0.391666666666667,3.54742063492063,0.16720485560145,0.845295984525723,"Geography",0.250338169539458,-0.705754418640145,0
2.18429669561745,1.09855994808825,1.0857367475292,4.60204901667166,-0.722528051889457,0.449996603229131,"Health",-0.532746571495418,0.288001809609356,0
1.70177346658828,0.595698608661572,1.10607485792671,2.56363413678229,-0.0408856480583214,0.963391445820906,"Mathematical Sciences",1.47264627541803,-0.893403460635184,0
0.95705325140809,0.681771633384537,0.275281618023553,5.00857654889913,-0.788035786041699,0.271072677023765,"Medical Sciences",-0.965672336073414,-0.626423558697044,0
1.41779609279609,0.867078754578755,0.550717338217338,5.32422161172161,2.11089161828794,0.637386822892778,"Physical Sciences",1.30066592794031,-0.88222885476357,0
1.15820105820106,0.242724867724868,0.91547619047619,1.41964285714286,0.058608973915037,0.606293265237851,"Political Science",-0.286039382555568,-0.591330671347214,0
2.47276956759715,1.13576217843459,1.33700738916256,4.59319923371647,-0.840782103605176,0.739359644084612,"Psychological Sciences",-0.258656235865848,-0.548223011533305,0
1.46894841269841,0.900148809523809,0.568799603174603,4.56076388888889,-0.713283490350541,-0.606758272279837,"Biological Sciences",0.251696440188592,-0.60186221027716,0
1.13780663780664,0.861111111111111,0.276695526695527,3.32467532467532,-0.543165809375158,-0.456945858945491,"Computational Sciences",-0.143936684610541,-0.0963742176567633,0
1.44246031746032,0.628086419753086,0.814373897707231,3.18562610229277,-0.890306366492798,-1.13190832958303,"Earth Sciences",-0.413403840316086,-0.631749009943224,0
2.68057319223986,1.66827160493827,1.01230158730159,5.73018518518519,-0.877117593110572,-0.999897824966661,"Engineering",0.0706656456526694,0.424820517298959,0
0.863978494623656,0.382680491551459,0.481298003072197,2.91075268817204,-1.0314835281116,-0.614510392073501,"Health",0.684400585320959,-0.598878121216801,0
0.706435472739821,0.097912353347136,0.608523119392685,1.09601449275362,-0.456984928914903,-1.14264428060987,"Mathematical Sciences",1.99818370730715,-1.09558224037141,0
1.70865079365079,0.715555555555556,0.993095238095238,3.40634920634921,-0.936489159103609,-1.19850024203327,"Psychological Sciences",-0.321690072163205,-0.333450285657177,0
0.622186147186147,0.0340909090909091,0.588095238095238,0.897294372294372,0.0859644582176244,0.961679917396338,"Anthropology",-0.80308019928527,-0.739910761115646,1
4.66309523809524,3.50149911816578,1.16159611992945,10.9007054673721,1.89986252082522,1.34994434918601,"Chemical Sciences",0.221284647392118,-0.700061694894228,1
1.0049671592775,0.217090859332239,0.787876299945265,1.34887794198139,3.38489037756647,1.42002722949562,"Economics",1.12520377701246,-1.08795211289188,1
4.92937812778238,3.38783081575635,1.54154731202604,8.4831840440883,0.975925615396985,1.41704617901632,"Engineering",-0.334395975944289,-0.203946876526658,1
1.7485119047619,0.394628684807256,1.35388321995465,1.98986678004535,2.67449515558687,1.49482102164923,"Mathematical Sciences",1.91481018942992,-1.0955026836731,1
2.01773504273504,1.04858821733822,0.969146825396825,8.55376984126984,1.76067633637607,1.49501211462867,"Physical Sciences",0.540245456540497,-0.878178262867436,1
1.10416666666667,0.172335600907029,0.931831065759637,1.32264739229025,3.54090742795146,1.27550087924389,"Political Science",0.0142648537722746,-0.901665440124629,1
1.68492063492063,0.633412698412698,1.05150793650794,3.005,0.413774163350326,1.4214863239981,"Psychological Sciences",-0.37457702116564,-0.740480033490238,1
1.51018518518519,0.255555555555556,1.25462962962963,1.45092592592593,1.23773298497189,1.41349112849312,"Sociology",-0.569879639810372,-0.861735049278269,1
0.0979591836734694,0.0408163265306122,0.0571428571428571,0.726530612244898,1.32325327593258,0.426259441176146,"Agriculture",-0.563393363546765,-0.18121058776637,0
0,0,0,4.35714285714286,0.271820873543848,1.13570683588683,"Biological Sciences",0.0392419600941279,-0.159252939032119,0
0,0,0,1,2.86002671419903,1.05373770036367,"Chemical Sciences",2.50193839903748,-0.927770644730905,0
0.375,0.375,0,5.2625,0.269103045886798,0.881469369066589,"Computational Sciences",0.505597361871657,0.472639396764662,0
0,0,0,0,0.43961913678595,0.805930830760661,"Economics",0.101438443900147,-0.893614302255404,0
0.900577200577201,0.406349206349206,0.494227994227994,1.5002886002886,-0.0137851107645616,1.00772501705146,"Engineering",-0.141684252588315,2.05159395574581,0
0,0,0,0.6,-0.632301433811237,0.711454461724514,"Health",-0.438531214046137,0.216466828198399,0
0.19047619047619,0,0.19047619047619,0.202380952380952,0.434471636308199,0.884661138290784,"Mathematical Sciences",2.00146534481832,-0.910692473493154,0
0,0,0,0.5,0.484023927117775,0.607835218265515,"Medical Sciences",-0.30018478299914,-0.201948367126496,0
0,0,0,0.166666666666667,-0.742601845872692,-0.110714892625764,"Political Science",-0.226624864629217,-0.466660021311633,0
0,0,0,0,-0.0448282285172021,0.100329017990696,"Sociology",0.206994141096983,-0.842379788542151,0
1.95714285714286,1.78571428571429,0.171428571428571,4.63333333333333,0.811470581319362,-0.234712343028581,"Architecture, Design, Planning",0.265226028492014,-0.935089860975655,1
1.55222832722833,0.956166056166056,0.596062271062271,4.2696275946276,-0.576510421183232,0.226594605539006,"Biological Sciences",-0.747704837635028,-0.0108042198116692,1
3.59579365079365,2.40166666666667,1.19412698412698,7.31082251082251,1.34031932498551,0.899556061337023,"Computational Sciences",1.27173749701527,-0.933670376613037,1
1.23948412698413,0.513888888888889,0.725595238095238,3.13050595238095,-0.632349723133805,0.191297634474365,"Earth Sciences",-0.855702715355149,-0.671598076164643,1
3.08171233902366,2.05500524109015,1.02670709793351,7.1505877508236,0.480925108676865,0.890776113632929,"Engineering",-0.0918223754271888,-0.363546534593138,1
2.80178571428571,2.06333333333333,0.738452380952381,8.38569444444444,1.18471545004757,1.13601732503654,"Chemical Sciences",-0.999854647060915,-0.475199106930509,1
3.41611904761905,2.22865079365079,1.18746825396825,6.87448412698413,-0.232441669189085,1.15276975312309,"Computational Sciences",-0.85686883559227,0.557005562679151,1
2.47371031746032,1.38864087301587,1.08506944444444,5.70610119047619,1.52622712273656,0.921342304299137,"Earth Sciences",-0.356526874484175,-0.940579273159218,1
0.705200501253133,0.0659983291562239,0.639202172096909,1.09012113617377,1.78209747364929,0.357168077838964,"Economics",-0.0334777712476024,-1.0877661436951,1
4.17989898989899,3.02920634920635,1.15069264069264,11.2193650793651,0.139863860233734,1.14416540437308,"Engineering",-0.786949100165846,0.305273318634704,1
1.61581422692534,0.496678424456202,1.11913580246914,2.13367136978248,-0.083559298888892,0.924026292055845,"Mathematical Sciences",-0.828014175392092,0.0539079390094379,1
1.71118551587302,0.895771329365079,0.815414186507937,4.37475198412698,2.25052695399005,1.00772501705146,"Physical Sciences",-0.994109306515267,-0.942714044563937,1
1.0000496031746,0.140327380952381,0.859722222222222,1.31537698412698,1.2109370919699,0.510692177522702,"Political Science",-0.742083319719065,-1.05905908612111,1
3.07692307692308,1.19230769230769,1.88461538461538,4.38461538461539,-0.382412410074965,0.258770392327378,"Psychological Sciences",-0.999854647060915,-1.03023967215741,1
1.64722222222222,0.602083333333333,1.04513888888889,2.18888888888889,-0.538122434772184,-0.227961509634908,"Sociology",-0.991665480138011,-0.786875732019461,1
0.529580745341615,0.407815734989648,0.121765010351967,3.06645962732919,-0.968687064855364,-1.57647798465085,"Biological Sciences",-0.999854647060915,2.09135301842974,1
1.72767857142857,0.709821428571429,1.01785714285714,3.45089285714286,-0.827932969964585,-0.531876441208716,"Psychological Sciences",0.0710271236206991,-0.402616879170068,1
1.95024565381708,1.26645880574452,0.683786848072562,7.12438271604938,-0.947662427915714,-0.727973236326214,"Biological Sciences",-0.924530510785957,1.01426139887619,1
1.34968487394958,0.931757703081233,0.417927170868347,4.98564425770308,-1.00119807887739,-1.56816889437348,"Medical Sciences",-0.729285204241688,0.564560141956085,1
3.80709325396825,1.76210317460317,2.04499007936508,5.77154431216931,0.297428965739386,0.726464725963902,"Agriculture",-0.288789579872109,-1.01600786279262,0
1.51053968253968,0.885325396825397,0.625214285714286,3.88328968253968,-0.283923586454178,0.741758202736109,"Biological Sciences",-0.554441758865708,-0.547439771266195,0
1.38256448412698,0.785608878968254,0.59695560515873,3.11157614087302,-0.0250554660453117,0.62825567728052,"Computational Sciences",0.677902558269764,-0.121360746598359,0
0.671638655462185,0.164939309056956,0.506699346405229,1.8406746031746,-0.660073628675157,-0.0207373983056239,"Economics",0.0737371295999401,-0.212998948515628,0
0.371038707880813,0.215517961570593,0.15552074631022,0.912788916736285,0.35889077821839,0.539929403377335,"Engineering",1.04795173193112,-0.475348915450138,0
0,0,0,0,-0.150793414836562,1.03649815995602,"Geography",0.026455337095233,-0.893614302255404,0
1.31723646723647,0.578866503866504,0.738369963369963,3.2222323972324,0.555761125324601,0.487347725871329,"Health",0.784206024424211,-0.814354071639176,0
0.490330687830688,0.134047619047619,0.356283068783069,1.10272486772487,2.02506075655247,1.00275659958597,"Mathematical Sciences",2.8431996178691,-1.06439601463291,0
0.2,0.2,0,1.9,-0.0230966267097358,0.996407381236764,"Medical Sciences",0.175743887763572,-0.910692473493154,0
0.371411685241472,0.163145896656535,0.208265788584938,1.22640155352921,0.976742500365055,0.444804941394695,"Psychological Sciences",1.12716114574573,-0.897974686401212,0
0.364285714285714,0.0295031055900621,0.334782608695652,0.652950310559006,0.852301569361124,0.782163190751568,"Sociology",1.57100215924454,-1.04954543094791,0
1.16208062770563,0.762220418470418,0.399860209235209,4.68093885281385,-0.513045191416798,-0.318872732669691,"Biological Sciences",-0.435272002287623,-0.45385139288332,1
0,0,0,0,0.0301079022067357,0.165117753896632,"Chemical Sciences",1.48274384863827,-1.08147418587066,1
0.623809523809524,0.05,0.573809523809524,0.9,-0.900847600526776,-1.19850024203327,"Computational Sciences",0.111364268704375,-1.01316150091966,1
1.15885311871227,0.474994410909904,0.68385870780237,3.17358291161108,-1.0049222261086,-0.14762135904603,"Health",-0.177663808370062,-0.589574746698826,1
0.624834656084656,0.0939814814814815,0.530853174603175,1.17407407407407,-0.82276066960343,-1.04423139619722,"Mathematical Sciences",0.425950918912882,-1.02454694841149,1
1.63405612244898,1.27739512471655,0.356660997732426,5.82551020408163,-0.397356074424556,-0.713310135836733,"Medical Sciences",-0.254759638541346,-0.518504469711948,1
0.973901098901099,0.293589743589744,0.680311355311355,1.83608058608059,-0.327119875351839,-1.52616789035005,"Physical Sciences",0.141335549399139,-1.05520007627412,1
1.4762987012987,0.604761904761905,0.871536796536796,3.12900432900433,-0.498658355397084,-0.454362045764001,"Psychological Sciences",0.21170303141148,-0.713517223748213,1
0.761201814058957,0.405408163265306,0.355793650793651,2.89792517006803,-0.447346658646334,-2.40772481097082,"Psychological Sciences",0.230282734010383,-0.550587034251437,0
1.87179487179487,0.932692307692308,0.939102564102564,7.03952991452991,-0.203250321482528,-1.50071863212187,"Biological Sciences",0.929462236888794,-0.552926681153605,0
1.05458333333333,0.861130952380952,0.193452380952381,6.83815476190476,-0.608633059394454,-0.805781817243279,"Chemical Sciences",0.464225002756172,-0.604993208337415,0
1.98729235880399,1.1766334440753,0.810658914728682,3.94255260243632,-0.811741374484555,-1.72108272938094,"Engineering",0.620748931143186,-0.764932267812816,0
1.07647907647908,0.670634920634921,0.405844155844156,2.71951659451659,-0.546273335476912,-0.445318699628784,"Geography",-0.708375559898162,-0.643651977775596,0
1.5203953279425,0.883632824198862,0.636762503743636,3.85357891584307,-0.998352730669949,-1.62299070341284,"Health",-0.33160534117228,-0.161508546554086,0
1.90599206349206,1.06856150793651,0.837430555555556,4.46134920634921,0.580019415831423,-1.27601463747798,"Psychological Sciences",-0.517414524200515,-0.751865480982072,0
1.61111111111111,0.777777777777778,0.833333333333333,3.83333333333333,0.10666128404103,-1.56023408744194,"Computational Sciences",3.12088855022771,-1.09665478252644,1
1.77413076341648,1.25642479213908,0.5177059712774,5.34145880574452,-0.475473795091709,-0.454136275680181,"Engineering",0.485300606694886,-0.33166114390846,1
0.687373737373737,0.4379329004329,0.249440836940837,3.04410173160173,-1.0235346947416,-2.04618597033057,"Biological Sciences",-0.59012560495175,-0.65762502697012,1
1.27272727272727,0,1.27272727272727,1.72727272727273,-1.03448715742439,0.599401093797921,"Health",0.163499155557883,-0.876536131017653,1
0.0285714285714286,0,0.0285714285714286,0.607142857142857,-0.810690424689646,-2.34481021427977,"Engineering",-0.816658472707653,-0.330034651409627,0
1.49408895502646,1.17671130952381,0.317377645502646,4.88015046296296,2.08107914164251,-2.08795981892131,"Agriculture",-0.420101157587659,-0.886498397573007,0
2.46031746031746,1.89186507936508,0.568452380952381,5.95182980599647,0.908719113224027,-2.36430169818286,"Engineering",-0.0351771932900143,-0.896460664128362,0
1.00535714285714,0.644246031746032,0.361111111111111,3.57294973544974,-1.03448715742439,-2.2392842270091,"Health",-0.999854647060915,-0.77596467817312,0
0.831207482993197,0.427295918367347,0.40391156462585,2.125,-0.701291647448746,-2.3826466242093,"Mathematical Sciences",-0.0800650112392899,-0.50203623316126,0
0.357142857142857,0.0238095238095238,0.333333333333333,0.7,-0.849490470015682,-2.24821091040786,"Sociology",-0.638094602746109,-0.515454796276636,0
0.979232804232804,0.588888888888889,0.390343915343915,2.55145502645503,-0.425515211789157,-2.27558812191366,"Agriculture",-0.645175675130245,0.642282564392986,0
0.796060090702948,0.225481859410431,0.570578231292517,1.21896258503401,0.162526446252375,-0.72588710922759,"Anthropology",0.766411874572315,-0.864337437276402,0
0.5,0,0.5,2,-0.988636408873661,-1.98392828458892,"Architecture, Design, Planning",-0.124781945274608,-0.637441733689141,0
1.18439754689755,0.611459836459836,0.57293771043771,3.75752164502165,-0.977425192098084,-0.743125106832011,"Biological Sciences",-0.909435176949941,-0.441301524625276,0
1.97619047619048,1.43185286935287,0.544337606837607,4.70642551892552,-0.804517484251956,-1.61449416425324,"Computational Sciences",-0.114228168965472,-0.154654969852724,0
1.44075963718821,0.682539682539683,0.758219954648526,3.68253968253968,-0.423938284562669,-0.630002619078503,"Earth Sciences",-0.22374605290112,-0.53171972126497,0
1.05456349206349,0.256519274376417,0.798044217687075,1.53259637188209,-0.873398521247512,-0.98912018092613,"Economics",-0.460550822724215,0.160352836988647,0
0.955345471521942,0.462838468720822,0.49250700280112,2.38488562091503,-0.778864699734354,-1.62362530986549,"Engineering",0.171041000771504,0.844340770762767,0
0.511293650793651,0.154507936507937,0.356785714285714,1.48392857142857,-0.916733336468413,-0.483781462825809,"Health",-0.727013388406492,1.42765073237969,0
0.875226757369615,0.208333333333333,0.666893424036281,1.31162131519274,-1.021759580577,-1.45756551073036,"Mathematical Sciences",0.383410051228213,-0.840753296043318,0
0.688095238095238,0.478571428571429,0.20952380952381,3.84166666666667,0.113387907119328,-0.609690892377733,"Medical Sciences",-0.999854647060915,-0.939156092222739,0
0.90922619047619,0.482142857142857,0.427083333333333,1.57142857142857,0.351022449114768,-1.32962876099391,"Political Science",0.447865765198051,-1.06724237650587,0
0.962857142857143,0.47,0.492857142857143,3.25857142857143,0.353650756876207,0.0262272059932327,"Psychological Sciences",0.623999232557282,-0.781581498935758,0
0.799350649350649,0.0701298701298701,0.729220779220779,1.5047619047619,-0.884472352201785,-1.23808621002138,"Sociology",-0.420971572457055,-0.629678928581073,0
1.1764652014652,0.108516483516484,1.06794871794872,1.20467032967033,-0.107473336126534,-0.551311209921666,"Anthropology",1.18983635429494,-1.03812190503637,1
0.632407407407407,0.494223985890653,0.138183421516755,3.54466490299824,-0.689503747105789,-0.349176473681286,"Biological Sciences",-0.459540166846006,-0.929668219312877,1
2.58793650793651,1.54039682539683,1.04753968253968,4.46880952380952,1.29482918865002,-1.71085768864489,"Chemical Sciences",1.02377199701534,-1.12929306533636,1
2.05637566137566,1.09851851851852,0.957857142857143,3.97820105820106,0.212298484399163,-0.538747035350406,"Earth Sciences",0.578603003409663,-1.0655345593821,1
0.692133520074697,0.121125116713352,0.571008403361345,1.10721288515406,-0.970669670346786,-0.162451951859844,"Economics",0.418178633274986,-0.560087663965211,1
1.7008904374758,1.21400503290747,0.486885404568331,4.20301974448316,-0.502863075512588,0.0526423058001214,"Engineering",0.225413676872101,-0.171332621127113,1
0.963929939792009,0.258634373289546,0.705295566502463,1.55021893814997,-0.97826041046039,-0.473436666603828,"Mathematical Sciences",-0.817580697067673,1.03150782795865,1
0.445568783068783,0.361937830687831,0.0836309523809524,9.42962962962963,0.401093084144873,-0.33718737226165,"Physical Sciences",-0.320890128833822,-0.964773349079365,1
2.83043154761905,1.63653273809524,1.19389880952381,6.5828125,0.0875823913023038,-1.55506646107896,"Psychological Sciences",-0.763061896939123,-0.867997045398777,1
0,0,0,0.285714285714286,1.04488607547805,1.43874424600278,"Biological Sciences",-0.688094105307121,0.404326711813658,1
0,0,0,0,1.92581845491684,1.49501211462867,"Engineering",1.00184515658261,0.131075972009645,1
0,0,0,3.875,0.550162228172883,1.43678916593751,"Medical Sciences",-0.999854647060915,-0.0567839116056137,1
0,0,0,0,0.953497448689099,1.49900071944282,"Psychological Sciences",-0.88881011804175,-0.569129048738138,1
2.065625,1.5875,0.478125,6.153125,-0.524256093835728,-2.3795271214581,"Biological Sciences",0.521184112945129,-0.975803001337079,1
2.43037518037518,2.15656565656566,0.273809523809524,6.85966810966811,-0.177446869450772,-1.2500917904768,"Chemical Sciences",0.752193381062695,-0.961926987206407,1
0.912326388888889,0.450892857142857,0.461433531746032,2.25039682539683,-0.530240450250644,-0.239905551700289,"Computational Sciences",1.300825854826,-0.481603421144665,1
2.36321954484605,1.635140562249,0.728078982597055,5.21070472365653,-0.524102748114316,-0.824474469838864,"Engineering",1.01893558159919,-0.0345617128866126,1
1.94444444444444,1.4004329004329,0.544011544011544,4.55483405483406,-0.169745478321146,0.189082693121741,"Physical Sciences",0.483130516059192,-0.896719424298631,1
0.466666666666667,0.133333333333333,0.333333333333333,0.8,-1.03448715742439,-1.4851211183659,"Economics",-0.682020108489394,-0.927770644730905,1
1.72727272727273,1.09090909090909,0.636363636363636,2.63636363636364,-0.616827967326906,-2.15967874554773,"Psychological Sciences",1.14247813631896,-0.927770644730905,1
0.742857142857143,0.0714285714285714,0.671428571428571,0.93452380952381,0.0122455418712072,-0.260351377745127,"Anthropology",0.920476510531452,-1.02597012934797,0
0.579399888610415,0.265587580061264,0.313812308549151,2.11834447229184,-0.640058137530409,-0.637062013291431,"Biological Sciences",-0.153889487304735,-0.51429913055378,0
2.5,2.12965838509317,0.370341614906832,7.57738095238095,-0.170971013933191,-0.476663318551784,"Chemical Sciences",-0.0132174568388351,-0.641154379610392,0
0.590079365079365,0.215,0.375079365079365,1.62936507936508,0.124930247572726,0.120977155248596,"Economics",0.423781950941949,-0.886783033760303,0
0.948917748917749,0.174603174603175,0.774314574314574,1.36774891774892,-0.806852902503601,-0.588720331201507,"Geography",-0.0461353134059762,-0.930875766774133,0
0.85578898225957,0.0807422969187675,0.775046685340803,1.01351540616246,-0.452713771884748,-0.945818511784562,"Mathematical Sciences",0.952858768367705,-0.991060338141393,0
0.517281105990783,0.122657450076805,0.394623655913978,1.55122887864823,2.49486226570211,-1.28321597486123,"Medical Sciences",2.39270094322821,-1.0175687709165,0
1.74113756613757,0.823439153439153,0.917698412698413,3.81878306878307,-0.19947000317195,-0.159807343074083,"Psychological Sciences",-0.907601400580572,-0.75471184285503,0
1.63946886446886,0.348946886446886,1.29052197802198,1.94383394383394,-0.278361467358206,0.580138250674273,"Sociology",-0.719827695985686,-0.68801939466248,0
0,0,0,3.2,-0.450138119453383,-1.11684672838519,"Engineering",0.608250520482922,-0.278800137696374,0
1.28069827346143,0.825529100529101,0.455169172932331,4.36824004455583,-0.667969533632283,0.68115072071292,"Biological Sciences",-0.320286421743479,0.639376279112176,0
3.81875763125763,2.94784035409035,0.870917277167277,11.1862561050061,-0.257392897364107,0.115749979092908,"Chemical Sciences",-0.0800995187021394,0.402027727223961,0
0,0,0,0.60952380952381,0.618340345566702,0.411215370035318,"Computational Sciences",3.14835229952005,-0.688676247402394,0
0.681084656084656,0.164814814814815,0.516269841269841,1.17195767195767,-0.393748748248024,-0.280547413155028,"Economics",3.98883195988055,-1.11136098553673,0
3.39856252845383,2.21433439748657,1.18422813096726,6.51062162475206,-0.590582019906143,0.325523080443361,"Engineering",0.729463888293078,0.418929785770576,0
1.36081349206349,0.479563492063492,0.88125,2.05436507936508,-0.327522806675404,0.701894352953,"Geography",1.48040257720609,-0.908557702088436,0
1.42299297924298,0.720398351648352,0.702594627594628,3.6541018009768,-0.944287056529409,-0.166296920367129,"Health",-0.990813198756982,0.477894218683969,0
0.967195767195767,0.355853174603175,0.611342592592593,1.89611441798942,-0.961252704309986,0.195770947402213,"Mathematical Sciences",0.493149221671887,-0.496546820977697,0
1.91146708683473,1.0499358076564,0.861531279178338,5.76393557422969,-0.981155337875918,0.789168894318764,"Medical Sciences",-0.999854647060915,1.26225366693361,0
1.80396825396825,0.941494133885438,0.862474120082816,5.45595238095238,1.39319032527415,-0.259221436649295,"Physical Sciences",1.67086145859538,-1.02058679276216,0
0.941558441558442,0.0827922077922078,0.858766233766234,1.31114718614719,-1.03448715742439,0.0565870108757463,"Political Science",-0.10411921832338,-0.617258440408163,0
2.05566502463054,1.18382594417077,0.87183908045977,4.64151614668856,-0.297401732209578,0.83237691861827,"Psychological Sciences",0.0810090516649849,-0.831190641869142,0
0.994268077601411,0.091005291005291,0.90326278659612,1.04126984126984,-0.91614969959113,-0.657264507299161,"Sociology",0.424012289230879,-0.713344716968034,0
1.08767507002801,0.117857142857143,0.969817927170868,0.99390756302521,-0.631431326243184,1.19444778313757,"Anthropology",0.470427838980937,-0.900646490412125,0
1.65466189185701,1.10550716221448,0.549154729642535,5.72233836624081,-0.858764250155045,1.10540309487524,"Biological Sciences",-0.962423706792661,-0.248670355919204,0
1.76388888888889,1.31625781625782,0.447631072631073,7.92616642616643,2.00193869380241,0.576515877261001,"Chemical Sciences",1.57713802488438,-0.888956619190562,0
3.11294992175274,2.23621730382294,0.876732617929801,6.19345517549743,-0.378210130457851,0.617895338989689,"Engineering",0.537152038710058,-0.152758423209312,0
0.37012987012987,0.0772727272727273,0.292857142857143,0.739069264069264,-0.99271612621583,0.263240990018143,"Health",-0.536641150529464,-0.778724786655989,0
1.31369047619048,0.512918083900227,0.800772392290249,2.54863236961451,2.13563722158726,0.943708868938375,"Mathematical Sciences",3.8414889172931,-1.03145954153154,0
1.12647058823529,0.647245564892624,0.47922502334267,4.61998132586368,-0.409728557418923,1.02231219210151,"Medical Sciences",-0.84231682495394,-0.483738192549384,0
1.41649262043999,0.735623781676413,0.680868838763576,6.06042884990253,2.08826367459932,1.18314837217926,"Physical Sciences",1.82648697872802,-0.924774474338317,0
1.18256448412698,0.426240079365079,0.756324404761905,1.80530753968254,-0.969866376353788,0.415091089807554,"Political Science",0.856981631224141,-0.832773317220916,0
1.03547297297297,0.673064135564136,0.362408837408837,4.21062312312312,-0.761241955558946,-0.0915946750827341,"Biological Sciences",-0.896566299396887,0.253854176043205,0
0.666666666666667,0.5,0.166666666666667,3.82619047619048,-0.965310756011011,-0.298833162000734,"Medical Sciences",-0.999854647060915,-0.00127985508292354,0
0.457692307692308,0.0206043956043956,0.437087912087912,0.967032967032967,-0.661195721068377,0.0306084544314126,"Anthropology",0.106677934726794,-0.619049856971564,1
1.25085765488991,0.797990271377368,0.452867383512545,4.2323732718894,-0.176630165525644,0.544783886160746,"Biological Sciences",0.453355258770257,-0.842379788542151,1
2.40641025641026,2.09278083028083,0.313629426129426,8.29739010989011,0.143920310328074,0.132205904027483,"Chemical Sciences",0.999326905883309,-0.856173696080334,1
1.72655512655513,1.26077863577864,0.465776490776491,4.26519734019734,-0.208829317004681,0.664429061821388,"Computational Sciences",2.07685603094548,-0.4191180851633,1
1.66907096171802,0.866479925303455,0.802591036414566,4.27621381886088,-0.730873736901445,0.44225048972663,"Earth Sciences",-0.679153977228361,-0.0969678439297333,1
1.0296218487395,0.078781512605042,0.950840336134454,1.07738095238095,-0.378262637669321,0.262691708802817,"Economics",0.992731030456119,-0.927770644730905,1
3.05939370283633,2.31392792089513,0.745465781941192,5.55444964871194,-0.653686823427372,0.345014564346449,"Engineering",0.687313222233914,0.561669863217199,1
0.892091836734694,0.424787414965986,0.467304421768707,2.08723072562358,-1.0018940546267,1.10364124946759,"Health",-0.645730301310999,-0.021407699755987,1
1.05586419753086,0.307818930041152,0.748045267489712,1.41766607877719,-0.831255285534464,-0.178198013365868,"Mathematical Sciences",1.20324476966744,-0.990390605935991,1
0.856079365079365,0.489031746031746,0.367047619047619,8.18420634920635,0.945758434743745,0.403489016055716,"Physical Sciences",0.412851824466269,-0.832132885799501,1
1.54357993197279,0.0254393424036281,1.51814058956916,1.01023242630385,1.43027126618808,0.630193537166638,"Political Science",2.22431078642936,-0.783216123897086,1
2.28409961685824,1.19501915708812,1.08908045977011,3.84132457580733,-0.906348489933138,0.630839490462011,"Psychological Sciences",-0.73582554239372,0.250034268217427,1
0.763597883597884,0.127248677248677,0.636349206349206,1.22645502645503,-0.57465818301818,0.0245696654617105,"Sociology",0.623005955006791,-0.975589524196607,1
2.0536075036075,0.866281385281385,1.18732611832612,3.11655411255411,-0.945122111522506,-0.558483708110204,"Health",0.279688733328896,-0.314322733870896,1
0.833333333333333,0.222222222222222,0.611111111111111,1.66666666666667,-1.03448715742439,-0.394706359073705,"Mathematical Sciences",-0.188348321838067,-0.904999749747238,1
2.01208791208791,0.915750915750916,1.096336996337,4.84969474969475,-0.90958546527645,-1.01246569296595,"Psychological Sciences",-0.385822137197942,-0.330034651409627,1
0.33452380952381,0.0357142857142857,0.298809523809524,0.813095238095238,-0.745613376258461,-0.231255394527473,"Anthropology",0.00404350841875146,-0.616094019641953,0
1.28577097505669,0.83641123115913,0.449359743897559,6.0327430972389,-0.665924297087321,0.0902277709868314,"Biological Sciences",-0.750774692133839,0.179153176754574,0
3.11994949494949,2.65836940836941,0.461580086580087,9.57972582972583,1.52817482385901,-0.641222567897531,"Chemical Sciences",1.56444450285516,-0.999188451725136,0
2.72952928297756,1.63990147783251,1.08962780514505,5.02681992337165,-0.217318824949682,-0.438859166675058,"Computational Sciences",0.457455565406858,-0.701632101444825,0
0.542195767195767,0.116236772486772,0.425958994708995,1.23912037037037,-0.623932842763019,-0.304166505414064,"Economics",0.87082258456635,-0.924924282857947,0
1.46233211233211,0.962225274725275,0.500106837606838,4.11729242979243,-0.942290152907817,-1.31176156741608,"Engineering",-0.624626258177929,0.0496262322603721,0
1.203089569161,0.304081632653061,0.899007936507937,1.4077664399093,-0.9270724662349,-0.971124682062102,"Geography",-0.177877668011366,-1.04487810464691,0
0.781643625192012,0.36363287250384,0.418010752688172,2.33402457757296,-0.945621971471119,0.207214306054847,"Health",-0.670257161090662,1.86754035076418,0
1.03081662489557,0.282623224728488,0.748193400167084,1.45220342522974,-0.904892671649101,-0.276610897778522,"Mathematical Sciences",-0.353229765810305,-0.482839341431608,0
1.50234025234025,0.972140822140822,0.53019943019943,9.41727716727717,-0.267271620331687,0.659644839995015,"Medical Sciences",-0.999854647060915,-0.772315496284712,0
1.08109243697479,0.0065359477124183,1.07455648926237,0.784990662931839,-0.741277708133715,-0.206315980340913,"Political Science",-0.0200547245815134,-0.562096860581417,0
0.685809523809524,0.231380952380952,0.454428571428571,1.70309523809524,-0.866704841884284,-0.682517624808822,"Sociology",-0.358337205604783,-0.241911287822833,0
0.128306878306878,0.0436507936507936,0.0846560846560847,0.547619047619048,-0.361377538841821,-2.25269602008139,"Psychological Sciences",0.974713858261531,-0.859457959779902,0
1.14522283272283,0.724740537240537,0.420482295482295,2.67481684981685,-0.905741049076103,-2.22786131086124,"Engineering",-0.747313574051853,-0.291937192494644,0
1.64828913601369,1.07087966923296,0.577409466780724,5.28603507271172,-0.855103510514468,0.0885284957899197,"Agriculture",-0.616366227424502,0.10653249238653,0
1.66605783866058,1.13861709067189,0.527440747988693,5.96563655142422,-0.823892899645978,0.46902453363176,"Biological Sciences",-0.947724958111326,0.0289578659099435,0
4.37837837837838,3.43243243243243,0.945945945945946,12.6756756756757,-1.00823205632623,0.625883652064726,"Chemical Sciences",-0.90486278144057,0.780046479044176,0
1.23289241622575,0.742504409171076,0.490388007054674,3.01128747795414,-0.2511393803223,0.465475446846619,"Computational Sciences",0.0575376790765892,-0.563436324992221,0
1.43195488721805,0.695438596491228,0.736516290726817,3.40586466165414,-0.915475598029854,-0.0140274289138522,"Earth Sciences",-0.999854647060915,-0.647688636431792,0
1,0.25,0.75,1.55,-0.866769492256604,0.333548985579927,"Economics",-0.497313488506502,-0.756988932353397,0
3.08481776109653,2.02034788882615,1.06446987227038,6.17374143333223,-1.01915461765519,0.267048628734095,"Engineering",-0.885580797744606,1.15078693292149,0
1.90499639249639,0.856403318903319,1.04859307359307,3.6238455988456,-1.01251059562051,0.692778900403415,"Health",-0.570601387692312,-0.179048092057693,0
1.82560137457045,0.651198658157421,1.17440271641303,2.50029045982654,-1.02437890229427,0.530374754405233,"Mathematical Sciences",-0.583889008992828,-0.778996884979365,0
1.01397058823529,0.0883403361344538,0.92563025210084,1.11004901960784,-0.9279983711343,-0.0868146206969769,"Political Science",-0.41424513175551,-0.769546411204684,0
2.30107573149742,1.33683782750048,0.96423790399694,5.57663989290495,-0.930911259412924,-0.221818859429855,"Psychological Sciences",0.274480289198873,-0.82756498939615,0
0,0,0,1,-1.03448715742439,-2.43230039770841,"Earth Sciences",-0.999854647060915,-0.893614302255404,0
0.850010442773601,0.558834586466165,0.291175856307435,2.70279866332498,-0.881439605576911,-2.42277614989213,"Engineering",0.313287071119978,-0.341719715940719,0
0.824272486772487,0.310846560846561,0.513425925925926,2.37255291005291,-1.01416037313963,-2.42603984022008,"Health",-0.502918256909489,-0.748449846734522,0
1.59013605442177,1.19897959183673,0.391156462585034,1.87840136054422,-1.00702482590771,-2.46137693173942,"Mathematical Sciences",-0.772528749972896,-0.986324374688908,0
0.480357142857143,0.025,0.455357142857143,0.532142857142857,-1.0251201410839,-2.23719314099245,"Psychological Sciences",-0.0387848631346358,-0.821032074494963,0
2.15900488400488,1.63336385836386,0.525641025641026,7.38379120879121,-0.273064587288557,-1.59566621410287,"Chemical Sciences",0.0184177270573018,-0.936966583089694,1
1.55357142857143,1.13095238095238,0.422619047619048,6.32142857142857,-0.916593407756041,-0.999897824966661,"Physical Sciences",-0.124262045604605,-0.930210383479155,1
2.12542517006803,1.50099206349206,0.624433106575964,6.46924603174603,-0.669149311675321,-0.0512871894514828,"Psychological Sciences",0.329971952809803,-0.922891167234405,1
0.25,0.25,0,2.25,-0.699237264346058,-2.42569076430754,"Agriculture",0.237686412396534,-0.867997045398777,0
0.572023809523809,0.145238095238095,0.426785714285714,1.11845238095238,-0.856688085681933,-2.09339832045732,"Anthropology",0.159683465054691,-0.719416955630345,0
1.59350198412698,1.09446570294785,0.499036281179138,6.2203160430839,-0.9095155000746,-2.34922338044651,"Biological Sciences",-0.329876040096009,-0.346502887960315,0
1.21550671550672,0.624725274725275,0.590781440781441,3.43563797313797,-0.655783906085033,-2.30178847052971,"Computational Sciences",0.188641338862971,-0.343171706207897,0
1.61364795918367,0.857412131519274,0.756235827664399,4.07590702947846,-1.00757343841554,-2.14989537524889,"Engineering",-0.664108690535784,-0.771627364842898,0
0.646329365079365,0.286706349206349,0.359623015873016,1.53968253968254,-0.486001573023791,-0.923324138204527,"Geography",1.07407223950557,-0.893614302255404,0
0.818845953682019,0.404716367421285,0.414129586260734,2.07733541504033,-0.966864592979885,-2.33266203361459,"Health",-0.625130151914577,0.882515506470681,0
1.1489010989011,0.754395604395604,0.394505494505494,4.07527472527473,-0.860843580239917,-0.902440405451218,"Physical Sciences",-0.672027003515744,-0.50738489118627,0
0.944805194805195,0.152597402597403,0.792207792207792,1.2521645021645,-1.01829750199261,-2.12194532285955,"Sociology",-0.0998898883033156,-0.607943074278481,0
1.32553571428571,0.77281746031746,0.552718253968254,4.90855158730159,0.838541579837116,-1.07476698276264,"Agriculture",-0.116156521340049,-0.178608199768236,0
1.64032356532357,1.11057387057387,0.529749694749695,5.55716117216117,-0.402438309698812,0.105379641492629,"Biological Sciences",0.075912592275173,-0.237549785629807,0
1.14189708141321,0.391884280593958,0.750012800819252,2.70843573988735,-0.660735669005774,-0.721258202806599,"Earth Sciences",-0.449126058851783,-0.283207407693213,0
0.361547619047619,0.127738095238095,0.233809523809524,1.42496031746032,-1.02640168003071,-1.65045476417916,"Economics",0.122267142161321,-0.570836865861913,0
2.64399381221415,1.88312146892655,0.760872343287598,5.83746637072908,-0.354162546200232,-0.103289565424588,"Engineering",-0.294589376808985,1.07674352173391,0
0.636309523809524,0.480357142857143,0.155952380952381,2.50952380952381,-0.944036498902741,-1.42495927959288,"Biological Sciences",0.358644226625791,-1.07293510025179,0
0.7,0,0.7,1,-1.03448715742439,-0.764419627542861,"Computational Sciences",-0.75785893781645,-0.739910761115646,0
0.502532928064843,0.368287740628166,0.134245187436677,2.02127659574468,-0.999392944786479,-0.203648043009327,"Health",-0.00131764088012966,-0.249730910057649,0
1.0625,0.5625,0.5,2.5,-1.03448715742439,-1.64808373561261,"Psychological Sciences",-0.162640654913782,-1.03023967215741,0
1.66480654761905,1.20678943452381,0.458017113095238,6.57008928571429,0.191197622767255,-1.4875492493458,"Agriculture",-0.601363376426707,-0.118425435916871,0
0.917361111111111,0.602777777777778,0.314583333333333,1.73253968253968,-0.671292639108784,-0.609503176356974,"Anthropology",0.103971824979441,-0.84522615041511,0
1.9149852031208,1.17059456550982,0.744390637610977,5.10900928167877,-0.77080407879817,0.423568922114369,"Biological Sciences",-0.65648190131076,-0.327718967173999,0
2.33709523809524,1.93196031746032,0.405134920634921,5.6440873015873,0.237517677963623,-0.0652651951874145,"Chemical Sciences",-0.0610807848661871,-0.886441470335548,0
2.10298885511651,1.13500506585613,0.967983789260385,4.75693177980412,-0.33901238292296,-0.515933139418383,"Earth Sciences",-0.143008841357801,-0.729373166096609,0
0.605451127819549,0.116729323308271,0.488721804511278,1.27376775271512,-0.0262290282177152,-0.563976520263469,"Economics",0.379898716761292,-0.925074091377576,0
2.75981974710788,1.79681867097121,0.963001076136669,6.24409021612411,-0.832641095752485,-0.688034082517244,"Engineering",-0.764251387865211,2.11417005929491,0
1.47857142857143,0.26031746031746,1.21825396825397,1.28730158730159,-0.678466300583284,-0.39751815577121,"Geography",0.457809383753935,-0.80822344606665,0
1.85545423843296,0.975498142519419,0.879956095913543,4.38869469773725,-0.560656037255655,1.21569461739418,"Health",0.123064718294787,-0.418695795707737,0
1.15984555984556,0.417245817245817,0.742599742599743,1.61584084084084,-0.444870157292366,-0.23724574401346,"Mathematical Sciences",1.84189858243439,-1.0330091053311,0
0.751382488479263,0.329723502304147,0.421658986175115,3.37411674347158,1.5676879798859,-0.317695888358561,"Physical Sciences",1.34760133416776,-1.01316150091966,0
0.940580618212197,0.314494569757728,0.626086048454469,1.58579782790309,-0.475140876441169,-1.28182821713633,"Political Science",1.18922187158839,-1.06978912133957,0
1.76750101750102,0.963095238095238,0.804405779405779,3.83350630850631,-0.0524517935800128,-0.50087068303083,"Psychological Sciences",0.383240540165435,-0.592775747375024,0
0.908110119047619,0.0848214285714286,0.82328869047619,1.00483630952381,-0.707226240839878,-0.606758272279837,"Sociology",0.038812066741576,-0.841312402839792,0
0.575,0.45,0.125,3.675,-0.911550682259177,-1.53102237313346,"Biological Sciences",-0.999854647060915,-0.586207219975889,0
1.41025641025641,0.871794871794872,0.538461538461538,6.76923076923077,-0.622464252599276,-0.272928351135984,"Medical Sciences",-0.999854647060915,-0.979005158444158,0
0,0,0,1,-1.03448715742439,-1.70564393024978,"Architecture, Design, Planning",0.315776000704242,-0.739910761115646,0
2.77146825396825,1.90923611111111,0.862232142857143,8.21901785714286,-0.728394648011163,-1.59162985515665,"Biological Sciences",-0.289326215448882,-0.0495256888295696,0
1.96482683982684,0.521969696969697,1.44285714285714,2.05963203463203,-1.01496253725689,-1.65662793601959,"Earth Sciences",-0.732079806145094,-0.340902578560923,0
0.549107142857143,0.03125,0.517857142857143,0.819196428571429,-1.03448715742439,-1.62683567192012,"Economics",1.00458300818619,-1.11136098553673,0
2.85296134326747,1.89620451355145,0.956756829716013,6.08266385919447,-0.467231629438843,-0.804982985935775,"Engineering",0.483690651706761,0.795614335818725,0
1.77898913951546,0.669423558897243,1.10956558061821,2.90404135338346,-0.311003963911804,-0.726563760000093,"Health",0.390393789493279,-1.09315925040176,0
1.49650415721844,0.403817082388511,1.09268707482993,2.06207482993197,0.255394358262061,-1.06391397307975,"Mathematical Sciences",0.779329115957219,-0.917198443488488,0
1.9629440665155,1.29758125472411,0.665362811791383,27.3899470899471,0.191995238563446,-1.33125305131917,"Physical Sciences",0.138521967391595,-0.816355908560817,0
1.86495535714286,0.973214285714286,0.891741071428571,4.35793650793651,-0.299398584442167,-0.872939781165462,"Psychological Sciences",0.866949392325282,-0.882940445231809,0
0.842175099206349,0.172991071428571,0.669184027777778,1.25128968253968,0.689218684073663,0.641624102002146,"Anthropology",1.12917625364815,-0.934708651796242,0
2.27403711484594,1.36813141923436,0.905905695611578,6.10918534080299,-0.350579185287792,1.24176992942741,"Biological Sciences",-0.247693416161454,-0.272019099116679,0
4.42704248366013,3.42845471521942,0.99858776844071,10.7234360410831,2.07782210462061,1.30057657438229,"Chemical Sciences",1.47585855151973,-0.693699238942909,0
3.89002224627225,2.81501924001924,1.07500300625301,8.21946248196248,2.0108077837846,0.953816138148324,"Computational Sciences",2.02647817294873,-0.94264935452137,0
1.85311490377862,0.959428992836073,0.893685910942548,4.21408905745189,3.80111073203722,0.214111530406389,"Earth Sciences",2.98331944700945,-1.07845150069584,0
2.97916423712342,1.74903466148364,1.23012957563978,5.93160835762877,0.484287565386456,0.988233533148372,"Engineering",0.105445688852003,1.83338625689582,0
1.68183658250772,0.873876105251944,0.807960477255779,3.62958879301161,-0.46185432744791,0.356618796623637,"Health",-0.223025529069771,-0.181832803017601,0
1.52268140589569,0.376751700680272,1.14592970521542,1.7115873015873,1.20006321879733,0.74688310011307,"Mathematical Sciences",1.8715410816252,-0.952899953837881,0
5.8,5.8,0,20.8,2.30568359353504,-1.12778710967273,"Medical Sciences",1.40216786310677,-1.03023967215741,0
1.78903828197946,1.03628851540616,0.752749766573296,5.42700746965453,1.62885691804539,0.988233533148372,"Physical Sciences",1.37118650869021,-0.737097885852958,0
2.03437169312169,0.985165343915344,1.04920634920635,3.89944444444444,-0.746731117290032,0.537822215928353,"Psychological Sciences",-0.501759116381838,-0.475483743117805,0
1.47622739018088,0.476430417128092,0.999796973052787,1.93502214839424,1.42505197513464,0.883175660790216,"Sociology",1.80973807726975,-1.03897734116277,0
0.941395154553049,0.752464494569758,0.188930659983292,3.78604845446951,0.477474939966143,-0.834036329866794,"Biological Sciences",0.719824695439928,-1.00956609644855,0
2.8859649122807,2.43333333333333,0.452631578947368,12.7350877192982,0.576903958251642,-0.032353345318265,"Chemical Sciences",0.187728840530834,-0.70934982311125,0
2.75353072853073,1.93579568579569,0.817735042735043,7.26050061050061,0.864041276897703,0.103741601437948,"Computational Sciences",4.47280583233357,-0.620801464278,0
2.72335600907029,1.23537414965986,1.48798185941043,4.43492063492064,-0.0656276244174518,0.533506073454727,"Earth Sciences",1.12117920699313,-1.03755888840216,0
0.333333333333333,0.333333333333333,0,2.66666666666667,-0.66408972747259,-0.422261966709248,"Economics",1.21265735966544,-1.01316150091966,0
5.62972709551657,4.49083124477861,1.13889585073796,13.5084795321637,1.02036792821332,-0.00583214590914471,"Engineering",2.16437258861405,-0.315952650564464,0
1.92433862433862,1.33630007558579,0.588038548752834,5.58378684807256,-0.330410547402894,-1.44756288969169,"Chemical Sciences",-0.11274863078482,-0.819608893558483,0
1.50742447516641,0.921018945212494,0.586405529953917,5.48483102918587,-0.295417653854196,-1.2165869343037,"Computational Sciences",-0.0443420399735021,-0.748174392359719,0
1.51001400560224,0.672992530345472,0.837021475256769,3.26769374416433,-0.0310448587566177,-1.26879170517518,"Earth Sciences",0.669193140653613,-0.97297756859554,0
1.60109469074986,1.17330322933771,0.427791461412151,6.27569786535304,-0.656678099330718,-1.91599756841182,"Engineering",0.080455425243755,-0.340045993169688,0
1.47630070546737,0.726410934744268,0.749889770723104,3.28317901234568,-0.515882489776563,-1.07447720932172,"Psychological Sciences",-0.210178983609181,-0.733269250078743,0
0,0,0,3.44444444444444,-0.316288590055989,-1.5421473951715,"Computational Sciences",1.13118420415998,-0.774067103591148,0
0,0,0,2.84444444444444,1.13398884019831,-2.11091240744271,"Engineering",2.91346491596231,-1.02454694841149,0
0,0,0,0.2,-0.261777409344962,-2.05243795573344,"Physical Sciences",0.704025234384246,-0.756988932353397,0
0,0,0,0,-0.814700573216057,-2.05115859192513,"Psychological Sciences",0.601015293173886,-0.979005158444158,0
1.57074074074074,0.870573192239859,0.700167548500882,5.92026895943563,0.977877768816055,-0.90979568239578,"Biological Sciences",-0.630447653426365,-0.825870889678992,0
1.08511781524204,0.713699102829538,0.371418712412501,5.40925761608991,-0.328027494874096,-0.591606401774039,"Biological Sciences",-0.611539430432558,-0.517682383829386,0
0.28695652173913,0.122360248447205,0.164596273291925,1.11180124223602,1.00785359963167,-1.17477723170646,"Health",-0.516393545617784,-1.07627648158091,0
1.16708994708995,0.780110229276896,0.386979717813051,6.46087301587302,-0.737841753957001,0.0750759004810342,"Biological Sciences",-0.965942311589561,-0.365709053550706,1
2.09393702836326,1.18633229247983,0.907604735883424,8.39454202446006,-0.474715433370511,0.167453433564765,"Medical Sciences",-0.999854647060915,-0.341513422241558,1
1.4747947454844,0.762027914614122,0.712766830870279,3.79343185550082,-0.383460427555884,1.05994748335785,"Biological Sciences",-0.428411525777143,-0.212843062571268,1
2.29197530864198,1.4081569664903,0.883818342151675,5.2955467372134,0.386282111215329,-0.34842570532289,"Computational Sciences",0.130374121808174,-0.913538835366113,1
0.667063492063492,0.112433862433862,0.55462962962963,1.09389644746788,-1.01076499145448,-0.115213767341771,"Economics",0.33401508840757,-0.848885758537485,1
2.71786659108088,1.9483985260771,0.769468065003779,6.20532407407407,-0.179859686604459,0.111116757509387,"Engineering",-0.138764205882073,-0.559573405307492,1
1.11148947951274,0.637753783684016,0.473735695828719,3.61705426356589,2.20575260479712,-0.409079217541414,"Health",1.66003902947769,-0.961529820433436,1
1.48216374269006,0.488575605680869,0.99358813700919,1.86493316624896,-0.215044382098508,-0.138832859600807,"Mathematical Sciences",0.908897675294361,-1.03922818333517,1
1.91262400793651,1.25873015873016,0.653893849206349,6.22557043650794,0.80220992000044,0.754335726311309,"Physical Sciences",0.733950605508465,-1.08360895727538,1
0.847619047619048,0.0285714285714286,0.819047619047619,0.933333333333333,-1.03448715742439,0.19998864244847,"Political Science",-0.78029011156424,-0.791145274828899,1
2.32404875825928,1.26978430925799,1.05426444900129,5.26450596187438,0.0142962395191317,0.305279029594208,"Psychological Sciences",0.132683818269926,-0.844177490777704,1
1.33638129010469,0.793756332320162,0.542624957784532,6.03855116514691,-0.961775138987807,0.287202087562194,"Biological Sciences",-0.926031122615354,0.66849331798057,1
2.4771164021164,1.78029100529101,0.696825396825397,8.79378306878307,1.06919816197251,0.181573678831207,"Chemical Sciences",1.03109225017455,-1.03137821690659,1
1.76038961038961,0.765800865800866,0.994588744588745,3.15140692640693,-0.0181847793586145,0.0316003629501961,"Earth Sciences",0.0625205172327812,-0.994530768660295,1
1.04513888888889,0.157242063492063,0.887896825396825,1.49305555555556,-0.472039408101611,-0.516738335745395,"Economics",-0.659474628157129,-1.02170058653853,1
1.49630325814536,0.615538847117794,0.880764411027569,2.51829573934837,-0.83216243852638,0.0973580629895596,"Mathematical Sciences",-0.204675574409327,-0.180825365858751,1
2.3542735042735,1.50899267399267,0.84528083028083,7.58637973137973,-0.605427819774984,0.037929379241016,"Medical Sciences",-0.999854647060915,0.889346774965781,1
1.56071428571429,1.19809523809524,0.362619047619048,4.40785714285714,-0.739434229389863,0.169591209218653,"Physical Sciences",-0.646802098233154,-0.180885289266603,1
1.47190476190476,0,1.47190476190476,0.793333333333333,-0.850357228576195,-0.421418427699997,"Political Science",-0.943228554341669,-0.236104709601997,1
1.07427248677249,0.503108465608466,0.571164021164021,2.08968253968254,-0.478656752607346,0.274273271416321,"Psychological Sciences",-0.119056551063038,-0.598541454758709,1
1.31104497354497,0.181349206349206,1.12969576719577,1.84312169312169,-0.849229328579714,-1.44011115009868,"Sociology",-0.914667939458303,-0.600439029340681,1
1.14222222222222,0.326349206349206,0.815873015873016,3.07746031746032,-1.03448715742439,-2.06666147101408,"Computational Sciences",0.205910854468289,-0.572544682985688,0
1.04927248677249,0.266865079365079,0.782407407407407,1.67400793650794,-1.03448715742439,-1.72131204095627,"Economics",0.198927718540173,-0.996083329681908,0
3.45101444086407,2.57993794008832,0.871076500775749,7.76229860365199,-0.435438995151313,-1.01938930886975,"Engineering",-0.481971434662105,-0.0285343050469281,0
0.30831746031746,0.171587301587302,0.136730158730159,1.54820634920635,-1.03152584006506,-2.03385305247701,"Health",0.0290193471821672,0.0654957944566821,0
0.63907867494824,0.168650793650794,0.470427881297447,2.10986887508627,-1.01906932438525,-2.04804281720628,"Mathematical Sciences",0.0573660695978979,-0.774809632775398,0
0.304761904761905,0.229761904761905,0.075,1.46785714285714,-0.842250836807609,-0.668542598614155,"Physical Sciences",-0.110840397474538,-0.944848815968656,0
0.326339285714286,0,0.326339285714286,0.630753968253968,-1.03448715742439,-1.66423256799693,"Political Science",0.151775241006026,0.0456851158208912,0
0.961538461538462,0.439102564102564,0.522435897435897,2.60384615384615,-0.281849801004368,-0.0667900685404253,"Psychological Sciences",0.620958601947982,-0.886388922116355,0
0.846552579365079,0.227926587301587,0.618625992063492,1.49565972222222,-0.990592753250948,-1.51587050262767,"Sociology",-0.0132368676956282,-0.743112918222725,0
0.91641156462585,0.150765306122449,0.765646258503401,1.6405612244898,-0.756415296859914,-1.56967062253955,"Anthropology",0.0206074186418868,-0.771627364842898,0
1.46141114982578,0.79218931475029,0.669221835075494,4.19033101045296,1.45621015154245,-0.152202157105923,"Biological Sciences",1.57077809930277,-0.994417166634323,0
2.42481610530391,1.87477739063105,0.550038714672861,7.12991676345335,0.159237276543754,-0.73995811750498,"Chemical Sciences",0.0864241397923266,-0.486237437120762,0
1.04839743589744,0.22518315018315,0.823214285714286,1.72989926739927,-0.164316530818193,-1.67407385643819,"Economics",0.965312722303665,-0.718234620698501,0
2.20646125116713,1.46035014005602,0.746111111111111,4.34961718020542,-0.664598754005255,-1.29227008351299,"Engineering",-0.653519173259896,0.393276130424525,0
1.69991939484127,0.838969494047619,0.860949900793651,3.76665426587302,-0.926383098170078,-0.334376972257018,"Health",0.0968338257654541,-0.466393174886043,0
1.05690476190476,0.284761904761905,0.772142857142857,1.88428571428571,0.631886067683108,-1.64311679376858,"Physical Sciences",0.694156461094305,-0.983787046390728,0
1.07315592903828,0.0665732959850607,1.00658263305322,0.892857142857143,-0.915137515247258,-1.68813283992572,"Political Science",1.29781050645153,-0.947862610892965,0
2.72244543650794,1.25274057539683,1.46970486111111,4.94184027777778,0.300404293741693,-0.733413869364975,"Psychological Sciences",-0.300158632796802,-0.608088626874257,0
1.93827411793733,1.17603832552019,0.76223579241714,6.94776708610905,-0.947939355986069,-0.000683452047951347,"Biological Sciences",-0.805707883987734,3.15116915514143,0
1.32742272347536,1.06269841269841,0.264724310776942,5.48320802005013,-0.92618325802845,-1.54629843929914,"Chemical Sciences",-0.701559657906393,0.893301719883997,0
1.78214285714286,1.29623015873016,0.485912698412698,4.42850529100529,-0.145483280813874,-1.14424016522197,"Computational Sciences",-0.555491362284848,-0.575770559775041,0
1.26779313876088,0.775576036866359,0.492217101894521,3.68316692268305,-1.02943049757178,-1.42871047083461,"Engineering",-0.927656231360343,0.659948371630316,0
1.28061692030764,0.57316314842088,0.707453771886762,3.63051055473736,-0.603480672452575,-0.446430340183611,"Health",-0.167440548477598,0.463308024851251,0
1.08758503401361,0.469812925170068,0.617772108843537,3.32355442176871,-0.930581667450518,-1.67407385643819,"Mathematical Sciences",-0.449072074450759,-0.255622619587998,0
3.10116758241758,1.65384615384615,1.44732142857143,9.82053571428571,-0.408549586531937,-0.0656898642179843,"Medical Sciences",-0.997140944472458,1.54232408371378,0
2.35503968253968,1.34670634920635,1.00833333333333,6.49634920634921,1.59276348091012,-0.903945539343348,"Psychological Sciences",0.336195185598483,-0.989252061186808,0
0.25,0.09,0.16,0.66,-0.616199756038448,-2.09669220534989,"Sociology",-0.401728949845729,-0.733079492620546,0
0.954705215419501,0.470833333333333,0.483871882086168,3.90814909297052,0.603698400973984,-1.54565937425314,"Physical Sciences",0.193749986958172,-0.985714440001845,0
0.481481481481481,0.25,0.231481481481481,1.68055555555556,-0.55051486531565,-1.77334250506313,"Anthropology",0.8562280083766,-1.07957661128869,0
0.559615384615385,0.314835164835165,0.24478021978022,2.67225274725275,0.451953678317936,-1.03101064644216,"Biological Sciences",0.745949236376041,-0.913319884452808,0
1.50918846411804,0.68734071093226,0.821847753185781,3.53609993293092,-0.651929323539796,-0.858141578398744,"Earth Sciences",-0.999854647060915,-0.638644421804476,0
1.11830357142857,0.616130952380952,0.502172619047619,2.76789682539683,-0.913364276085798,-1.48718492254387,"Engineering",-0.732788263799334,-0.461109615659364,0
0.858333333333333,0.333333333333333,0.525,2.64583333333333,-0.624804184943512,-0.688034082517244,"Physical Sciences",-0.80383816392926,-0.549204515627429,0
1.84859410430839,0.938917233560091,0.909676870748299,4.56864151721295,-0.253820050591971,-0.887138679770288,"Agriculture",-0.450640390375211,-0.158277043532819,0
1.13502304147465,0.288709677419355,0.8463133640553,1.88245007680492,0.626676180949123,0.758008034872761,"Anthropology",1.98225824009588,-1.04346148214793,0
0,0,0,6,-1.03448715742439,-1.10932031380875,"Architecture, Design, Planning",-0.283259018276978,-0.756988932353397,0
1.8666367688628,1.23243639921722,0.634200369645575,6.71412807131985,-0.909632577321548,0.57508762717234,"Biological Sciences",-0.995571644496306,2.50751519712023,0
1.6759847148736,0.826499118165785,0.849485596707819,4.38916813639036,0.831302698038764,0.519735523657919,"Computational Sciences",1.45355414491506,-0.721567540156581,0
2.41579263816106,1.39193817878028,1.02385445938078,5.40888774967722,0.361559016605355,0.350994905998533,"Earth Sciences",0.00580690080908791,-0.632048626982483,0
0.902891156462585,0.135204081632653,0.767687074829932,1.1484693877551,-0.589286200182766,0.616978092688368,"Economics",0.221848205464854,-0.541072053133262,0
2.81423015346373,1.74117214901886,1.07305800444487,6.02077474431489,-0.346617651923061,0.383997532152627,"Engineering",-0.644065276295619,1.23841462241067,0
1.10495086923658,0.309013605442177,0.795937263794407,1.7969387755102,0.65242688130463,0.988697616098446,"Geography",1.20506208081023,-0.996896575931325,0
1.47195950185081,0.738313256791518,0.733646245059289,4.26920446703055,-0.780526592962738,1.23437017871528,"Health",-0.722754103603634,-0.524206033091011,0
0.942890915231341,0.148851739277271,0.79403917595407,1.26667510976022,0.443437613522629,0.392596716227519,"Mathematical Sciences",0.691864308772597,-0.699577207766916,0
1.72069254384691,1.10258335996591,0.618109183880996,7.25315571825639,-0.762905239537953,-0.998263055348982,"Medical Sciences",-0.964201671318581,0.338191780241966,0
2.1995104102247,1.29418084250017,0.905329567724526,7.8228955218451,1.39612699797993,0.559420887280424,"Physical Sciences",1.33812339497458,-0.506126383415679,0
1.88515684051398,0.833475056689342,1.05168178382464,3.87192932728647,-0.603533935942315,0.847879797707214,"Psychological Sciences",-0.0124509741956337,-0.579701249980555,0
0.912301587301587,0.10515873015873,0.807142857142857,1.14484126984127,-0.304354155804514,0.958935013319202,"Sociology",1.01926547693028,-0.968758255701507,0
0,0,0,0,-0.911550682259177,-1.89466726527259,"Biological Sciences",-0.999854647060915,-0.586207219975889,0
2.08048801080716,1.37082911178656,0.709658899020601,5.87684903748734,-0.545517911718343,-1.29992094635345,"Agriculture",-0.903050536213048,1.89321621493459,0
1.3481684981685,0.205860805860806,1.14230769230769,1.37344322344322,-0.477573007809636,-1.5405746393219,"Anthropology",0.481034106704332,-1.03418078859689,0
1.25162570404506,0.817210701484895,0.434415002560164,3.90947900665643,-0.807348558214196,-0.364328344187083,"Biological Sciences",-0.527379235240953,-0.214619268367408,0
0.0714285714285714,0,0.0714285714285714,0.392857142857143,-0.804823458706082,-1.4741167685634,"Earth Sciences",0.180493840037479,-0.671598076164643,0
1.18492063492063,0.349971655328798,0.834948979591837,1.86374716553288,-0.809435191429716,-1.57959748740205,"Economics",-0.298208697291571,-0.969246203451157,0
2.03910696410696,1.37729157729158,0.661815386815387,4.91228013728014,-0.529848846966125,-1.37023601912534,"Engineering",-0.764096099117876,1.11083988590151,0
1.07020757020757,0.558608058608059,0.511599511599512,2.68467643467643,-0.475565458885867,-1.54828845812844,"Health",-0.820593419925098,0.300543978907326,0
2.13815873015873,1.44568253968254,0.69247619047619,6.7468253968254,-0.484238548842232,-1.46769343864079,"Physical Sciences",-0.745342601307998,-0.373754769778269,0
1.74950396825397,1.23303571428571,0.516468253968254,4.99312996031746,-0.443836158930863,-0.128801584896197,"Psychological Sciences",-0.528865247961681,-0.389808250741755,0
0.81052380952381,0.197142857142857,0.613380952380952,1.11785714285714,0.577366618967493,1.45631163209646,"Anthropology",0.144522705353989,-0.580059078330299,0
0.903571428571429,0.171666666666667,0.731904761904762,1.55833333333333,-0.45247865859997,1.39523887524356,"Architecture, Design, Planning",-0.308858751387997,-0.0690801948967943,0
1.9565634018759,1.28684613997114,0.669717261904762,6.39474206349206,0.169464785838526,1.46904798701437,"Biological Sciences",-0.0752285661068265,-0.0669725933099537,0
2.52196428571429,1.54543650793651,0.976527777777778,6.51885912698413,2.099890844677,1.48159174866261,"Chemical Sciences",1.02972387537551,-0.349247594052096,0
1.61333333333333,0.425714285714286,1.18761904761905,2.99428571428571,4.37673620478002,1.46024352172046,"Computational Sciences",2.48928755853412,-1.11050707697484,0
2.53617571059432,1.24884643779993,1.28732927279439,5.12911590992986,2.20280541321065,1.40043411887164,"Earth Sciences",0.289882520365169,-1.04294900889248,0
1.09415204678363,0.289264828738513,0.804887218045113,1.59007936507936,-0.157290146838932,1.32555086045947,"Economics",-0.0737684602025298,0.276689853089415,0
3.74395474501857,2.45554035798717,1.28841438703141,9.05669199594731,0.872376724720688,1.43653766291941,"Engineering",-0.310564519596366,0.77016294164701,0
2.51721693121693,1.17814285714286,1.33907407407407,5.94667195767196,1.56526365022462,1.47715247588957,"Health",0.305983388213989,-1.0612080893352,0
1.1286470697761,0.177428082670018,0.951218987106084,1.52683284457478,1.02248448410158,1.43577329100164,"Mathematical Sciences",1.12804073458634,-0.636339916189932,0
1.3536306562426,0.622091921345653,0.731538734896944,6.64246624022743,1.29603915224894,1.43653766291941,"Physical Sciences",0.135677775064937,-0.0738620828433645,0
0.927124935995904,0.0847926267281106,0.842332309267793,1.15651561699949,1.5932647994344,1.46670305467419,"Political Science",1.9884084026049,-0.791696183578504,0
3.13308531746032,1.45902777777778,1.67405753968254,5.45447668650794,0.822117380195979,1.45249208217599,"Psychological Sciences",0.206110635472567,-0.668395919057565,0
1.26306216931217,0.234292328042328,1.02876984126984,1.38277116402116,1.45021849586242,1.46399736351244,"Sociology",1.00240116510459,-0.829571160113838,0
1.67944538926682,1.00224867724868,0.677196712018141,5.36735638699924,0.699418056307144,0.989144350153189,"Agriculture",0.224311041241966,0.699738411914277,0
1.03832972582973,0.313311688311688,0.725018037518038,1.97285353535354,-0.282942571226916,1.16535179991992,"Anthropology",0.030396331329232,-0.646757099818824,0
1.71025007487272,0.945345412798243,0.764904662074473,5.29973045822102,-0.699834821315164,1.07509935386365,"Biological Sciences",-0.857576697554323,3.04918764614307,0
4.48801383801384,3.45739723239723,1.03061660561661,13.9444037444037,0.799197085399774,0.98791400062537,"Chemical Sciences",0.305509265162124,0.118814720864593,0
4.08185105854597,2.78624045446079,1.29561060408518,8.37912812234846,1.821689684009,0.555908908198786,"Computational Sciences",0.925801781395352,-0.857431736073728,0
2.53192524321557,1.34533410138249,1.18659114183308,5.1336661546339,0.734317560650245,0.94415620023116,"Earth Sciences",-0.999854647060915,-1.00792786779841,0
1.13708372237784,0.302746654217242,0.834337068160598,2.00314347961407,-0.271883738217335,0.994883568832955,"Economics",0.0440297709377176,-0.376246173582364,0
3.04538905538906,2.01135753135753,1.03403152403152,7.10636946386946,-0.186464354541794,0.715352758505132,"Engineering",-0.305564416207776,0.672585370794329,0
1.4358813700919,0.503654970760234,0.932226399331663,2.25146198830409,0.578911059133439,0.805930830760661,"Mathematical Sciences",0.68186692091298,-0.735416505526765,0
2.03704279413235,1.32765019668005,0.709392597452299,7.2403013376894,-0.495066211796329,0.530120785671265,"Medical Sciences",-0.861246869060885,0.89636496871821,0
0.966507936507937,0.205079365079365,0.761428571428571,1.501,0.135661873858478,0.654093809095425,"Political Science",0.561350329799614,-0.908643092944624,0
2.73773911273911,1.12713675213675,1.61060236060236,5.09885022385022,0.526255404607863,0.584330853195182,"Psychological Sciences",0.246927099796276,-0.724584197184331,0
1.05284043441938,0.0917919799498747,0.961048454469507,1.08302005012531,1.69602533535332,0.453872663125963,"Sociology",2.20692359367954,-1.12641674175948,0
1.82778439153439,1.17519841269841,0.652585978835979,6.05575727513228,-0.934289205664216,0.347809569585383,"Biological Sciences",-0.981759085921751,3.05557047838082,0
3.28342712842713,2.56279942279942,0.720627705627706,9.95180375180375,0.470978283811261,0.494236252588128,"Chemical Sciences",-0.0823457818984973,0.599949400536986,0
3.75073934837093,2.58200083542189,1.16873851294904,7.94167919799499,0.536033852722174,0.845295984525723,"Computational Sciences",0.432812786795995,0.456280306421132,0
3.07766439909297,1.37670068027211,1.70096371882086,5.17290249433107,1.4584051771646,0.510692177522702,"Earth Sciences",-0.0224083040632966,-0.999336314679575,0
1.11820818070818,0.190705128205128,0.927503052503053,1.45673076923077,-0.170084289708294,0.428025354616074,"Economics",1.39029689358554,-0.938280288569521,0
3.11886645962733,1.92481884057971,1.19404761904762,6.54139924085576,-0.149918706204625,0.851793145826752,"Engineering",0.444786096138853,0.989439709002686,0
2.12216685123662,0.592386489479513,1.52978036175711,2.55844407530454,0.315578522858261,0.727200523230539,"Mathematical Sciences",0.532957597500223,-0.624732396954071,0
1.83500309214595,0.934025974025974,0.900977118119975,5.5917316017316,-0.852359648975271,0.193358244429516,"Medical Sciences",-0.959970046835624,0.489717568002412,0
3.35677655677656,1.3706043956044,1.98617216117216,5.20251831501831,-0.257007142522864,0.47581069957258,"Psychological Sciences",-0.737040479152045,0.0378028829419293,0
1.63710317460317,0.291410383597884,1.34569279100529,1.87226355820106,-0.11127684745874,0.327607075577653,"Sociology",0.295499549189697,-0.560945758353383,0
0.916529830322934,0.148672687465791,0.767857142857143,1.43199233716475,1.93026721462921,1.13625581670226,"Anthropology",1.48483806013084,-1.01316150091966,0
0.98961038961039,0.356277056277056,0.633333333333333,1.77792207792208,-0.524317138463229,1.31572905971809,"Architecture, Design, Planning",0.406835452814674,-0.274142454631533,0
1.61547405700632,1.010513739546,0.604960317460317,5.59823988735279,-0.386135347580514,1.28722554094481,"Biological Sciences",-0.750993015450066,0.848267345870245,0
3.60512265512265,2.21282467532468,1.39229797979798,7.72106782106782,0.614443419929313,1.38789675263873,"Computational Sciences",1.00972918715105,-0.10957098634048,0
0.556510081510082,0.0669240669240669,0.489586014586015,0.945795795795796,0.819056769810457,1.18383630690525,"Economics",1.42145837901595,-0.913000334471229,0
5.06742424242424,3.64706289081289,1.42036135161135,10.4309012746513,0.779056829758975,1.30009727559779,"Engineering",0.863426184837847,0.353350958270675,0
2.05261822942235,0.826521845851743,1.22609638357061,4.41564392079856,-0.667624149944235,1.32774798532077,"Health",-0.784963888735511,-0.131434886912896,0
2.29700280112045,0.85359943977591,1.44340336134454,4.16102240896359,0.599738757327399,1.25863009905887,"Mathematical Sciences",0.407522924226785,-0.427480687295617,0
1.06295787545788,0.637277167277167,0.425680708180708,5.37997252747253,-1.00078254574444,0.944597759507264,"Medical Sciences",-0.84861074655999,0.937034283883501,0
1.84554334554335,1.07524801587302,0.77029532967033,6.48805326617827,0.616903900664497,1.12467392046999,"Physical Sciences",-0.187687561325564,-0.0571123379755704,0
2.92666773916774,1.61984663234663,1.30682110682111,7.39889532389532,0.963944332629936,1.29746329128656,"Psychological Sciences",-0.0853469703287168,-0.854611451725946,0
1.00980902777778,0.173809523809524,0.835999503968254,1.16712549603175,1.10922542458595,1.28722554094481,"Sociology",0.631156891839447,-0.846115638500409,0
1.85756016385049,1.12362519201229,0.733934971838198,5.30020481310804,-0.22274501676669,0.590239497678138,"Biological Sciences",-0.27168016742995,-0.543677064506393,0
4.56670168067227,3.67787114845938,0.888830532212885,13.171860410831,0.751092694697687,0.230941453634931,"Chemical Sciences",0.431601040619863,-0.543511791881512,0
2.47061602418745,0.864975434618292,1.60564058956916,3.82047430083144,0.968463235501566,-0.0596552207779006,"Earth Sciences",-0.112871125282101,-0.911505719742571,0
0.804778439153439,0.108366402116402,0.696412037037037,1.36114417989418,-0.610034081143955,0.144596247507633,"Economics",0.753880726392328,-0.859457959779902,0
3.97660840932118,2.60775920297197,1.36884920634921,8.31120398514016,-0.0385065255455067,-0.122781049327676,"Engineering",-0.355786289073673,0.410140557341403,0
1.60606909430439,0.486274509803922,1.11979458450047,2.15136554621849,-0.401163712482351,-0.256928320895991,"Mathematical Sciences",0.143385373882167,-0.533968107954534,0
1.71355406746032,1.00321180555556,0.710342261904762,9.67624007936508,1.145860144525,0.500946435571158,"Physical Sciences",0.982269158522234,-0.842913481393331,0
1.32631578947368,0.27687969924812,1.04943609022556,1.51904761904762,-0.594933303442454,-0.0151138049106152,"Political Science",0.169757265073898,-0.680586587342407,0
2.31889400921659,0.972350230414747,1.34654377880184,3.20076804915515,0.914571455786459,0.0572329641711192,"Psychological Sciences",0.838847732415205,-1.12224143334142,0
1.06224489795918,0.214096749811036,0.848148148148148,1.62040816326531,1.39566380950627,0.0750759004810342,"Sociology",3.09556275432808,-1.14978687082167,0
0.444727891156463,0.160714285714286,0.284013605442177,1.31547619047619,-0.0488320121429648,0.350664269825606,"Anthropology",0.506671143141874,-0.741130630489771,0
2.23788244766506,1.72479583620888,0.513086611456177,8.33361226132965,2.1393585506986,1.3023774114506,"Biological Sciences",1.10102830442153,-0.490544710071676,0
3.258369823025,2.28858714720784,0.969782675817159,9.06033324912635,2.81462984054384,1.1051824365669,"Engineering",2.76332890684839,-0.899307026001321,0
2.75355054302423,1.51577380952381,1.23777673350042,8.54630847953216,0.77574380512903,1.30907242399968,"Health",-0.337494993313768,-0.683283140695736,0
1.95687696398356,0.881832648457014,1.07504431552655,5.75866569978245,0.440467349261606,0.840978516048265,"Medical Sciences",-0.999854647060915,-0.800507927081067,0
1.55357142857143,0.555059523809524,0.998511904761905,2.06510416666667,-0.589407756420483,0.874391967743376,"Anthropology",0.0417588736542597,-0.576600748654654,0
2.34145947464532,1.41000842815002,0.931451046495294,6.50712881022616,-0.193593010873522,0.99934000133466,"Biological Sciences",-0.402714822317336,-0.561421201542339,0
4.69534632034632,3.34090909090909,1.35443722943723,11.2429653679654,2.40663395281008,1.25120879957857,"Chemical Sciences",1.5387617987193,-0.974347475379317,0
4.37671550671551,3.03663003663004,1.34008547008547,9.37333333333333,-0.161801364857036,1.09850967631179,"Computational Sciences",-0.334209514408417,0.528865991301257,0
2.33449074074074,1.03994708994709,1.29454365079365,5.18525132275132,-0.294628624424681,0.807272824639016,"Earth Sciences",0.259582667891929,0.671410334226261,0
0.889339826839827,0.210119047619048,0.679220779220779,1.56866883116883,-0.573978983116551,0.900407199796808,"Economics",0.5192871550211,-0.409991544022733,0
4.60529100529101,3.3661669606114,1.2391240446796,10.7486919459142,1.30647356687977,1.35857172730705,"Engineering",0.908274893826991,-0.44768427549191,0
1.88095238095238,0.608630952380952,1.27232142857143,2.38541666666667,0.0613209798803587,1.32330142310147,"Geography",-0.250899492009446,-0.558455191714544,0
1.0097619047619,0.334557823129252,0.675204081632653,2.04710884353741,-0.0559731979950486,0.864978561408253,"Mathematical Sciences",0.240302213555916,-0.836036467796701,0
2.16931913116124,0.99859022556391,1.17072890559733,7.16858813700919,1.24569709281932,1.26111430779161,"Physical Sciences",-0.111946126726238,-0.544860068558176,0
0.792782738095238,0.121651785714286,0.671130952380952,1.17016369047619,-0.132040150934675,0.677994081024212,"Political Science",0.675362577272678,-0.892546916553044,0
1.78250915750916,0.958791208791209,0.823717948717949,4.96199633699634,1.29918231398627,0.940897072240871,"Psychological Sciences",1.60902457498959,-1.04863154887499,0
0.838041125541126,0.0952380952380952,0.74280303030303,1.20308441558442,-0.371463425677344,0.68115072071292,"Sociology",0.0257479618552081,-0.495382400211487,0
0.632080200501253,0.0316416040100251,0.600438596491228,0.742230576441103,0.561557999044807,0.583432135566837,"Anthropology",0.0171570238035161,-0.974510902855276,0
2.27139584356079,1.50548600883652,0.765909834724268,6.76795123547701,-0.595624641981763,0.272050217056397,"Biological Sciences",-0.856130032462261,1.16087209128392,0
1.88706223230033,1.09603804484757,0.791024187452759,7.69348072562358,-0.0271889882183428,0.212261755060549,"Computational Sciences",-0.0923824043862739,-0.0348262628713626,0
2.0599395313681,0.821945074326027,1.23799445704208,3.78050516502897,1.18602340751664,0.601947761250799,"Earth Sciences",0.227724143719955,-0.968975121368018,0
0.969349962207105,0.203099017384732,0.766250944822373,1.50500755857899,2.0841440960965,-0.0915946750827341,"Economics",3.19723079774985,-1.14328090082633,0
1.97777777777778,1.45777777777778,0.52,4.24,-0.261539787532647,0.0136593379939444,"Engineering",-0.249766198911855,0.5728313346928,0
1.40802987861811,0.299603174603175,1.10842670401494,1.68580765639589,-0.414379515513137,0.274501254932335,"Mathematical Sciences",0.0248229488478883,-0.256698974918109,0
2.09896825396825,1.02975396825397,1.06921428571429,7.3492380952381,-0.0162293955924111,1.14416540437308,"Physical Sciences",-0.32033617924747,-0.315347424145161,0
1.31887400793651,0.458940972222222,0.859933035714286,2.28652033730159,0.0610618442407335,0.553325095017296,"Psychological Sciences",0.750972766995997,-0.905355544981357,0
1.62928571428571,0.735238095238095,0.894047619047619,4.83761904761905,-0.259417423145074,-1.30374431554651,"Biological Sciences",0.730020670821265,-1.04390220914761,0
1.50862663906142,1.00441683919945,0.504209799861974,5.17981366459627,0.348821014693683,-1.90832878785979,"Chemical Sciences",1.21409030348232,-0.927028115546655,0
3.64478663446055,2.52251265240396,1.12227398205659,7.21643949850472,0.379878913644225,-0.707525566420333,"Engineering",0.668772303473815,-0.199968289301829,0
1.20752164502165,0.635551948051948,0.571969696969697,2.50102813852814,-0.723456202240767,-2.14719844036921,"Sociology",0.329596726978542,-0.724385150899509,0
0.698065476190476,0.028125,0.669940476190476,0.819940476190476,1.13248471054527,1.48540761531411,"Anthropology",-0.678224931094295,-0.396212564955911,1
2.27586431833007,1.397314633616,0.878549684714068,7.31764514024788,-0.838018242286373,1.39328863448539,"Biological Sciences",-0.999435041818234,2.39428458233843,1
2.97723043240285,2.19028461959496,0.786945812807882,8.10136836343733,1.76636876428993,1.38285619905517,"Chemical Sciences",-0.522402282531672,-0.509649900634247,1
1.50105042016807,0.797152194211018,0.703898225957049,3.91596638655462,1.67977834732939,1.26128990674569,"Computational Sciences",-0.0496985294596523,-0.925761448114699,1
0.925631981187537,0.134920634920635,0.790711346266902,1.12602880658436,1.36667588786693,1.37278904497754,"Economics",-0.0876169393699982,-0.501448888647792,1
1.60484901277584,0.39981610530391,1.20503290747193,1.96092721641502,-0.660603049494876,1.42112579192627,"Health",-0.99870618302146,-0.187994251602968,1
1.51625295508274,0.276072272880784,1.24018068220196,1.80905943937859,0.419077185792465,1.39640813723658,"Mathematical Sciences",-0.601584217074955,-0.107291694627898,1
1.9549823633157,1.0777557319224,0.877226631393298,7.8019565696649,-0.504146103191143,1.12593143556051,"Medical Sciences",-0.991905922401987,2.03054812856393,1
1.11034759895519,0.548236889692586,0.562110709262608,5.43612115732369,0.75943330979153,1.35857172730705,"Physical Sciences",-0.678295303063089,-0.262802863372405,1
0.646565407772304,0.0224411603721949,0.624124247400109,0.859688013136289,2.81362428535567,1.41890251081661,"Political Science",0.717269195822008,-0.948382230707501,1
2.38751984126984,1.23832341269841,1.14919642857143,5.52704365079365,0.00682959365601663,1.26645753310867,"Psychological Sciences",-0.97654705668484,0.0260452188974778,1
1.35695389266818,0.168178382464097,1.18877551020408,1.77966742252457,1.0359830329913,1.43874424600278,"Sociology",-0.843477922082915,-0.517081288775469,1
1.62835537918871,1.02005731922399,0.608298059964727,6.43086860670194,-0.873590206343818,0.378113310596977,"Biological Sciences",-0.607745772644638,0.880238416972314,0
2.74404761904762,2.34661172161172,0.397435897435897,9.37087912087912,-0.0241750106637155,0.543604027391852,"Chemical Sciences",0.27082558892717,-0.463375757612066,0
2.44773576097106,0.787908496732026,1.65982726423903,3.09871615312792,-0.0225540102829609,-0.173724700438021,"Earth Sciences",0.155397181166527,-1.00211091953053,0
1.56605401303677,1.09944083694084,0.466613176095935,4.30456014292221,-0.583313284763748,0.559420887280424,"Engineering",0.784126941961887,0.549196716106303,0
1.73214285714286,1.31547619047619,0.416666666666667,6.38690476190476,-0.237918092628001,-1.11452631363482,"Geography",0.738524835407959,-0.99323696780895,0
1.31257631257631,0.846652421652422,0.465923890923891,4.63607041107041,-0.439785427894667,0.393969919265835,"Health",0.544871964259155,-0.152684411632984,0
1.42646258503401,0.419773242630385,1.00668934240363,2.08819727891156,-0.605029633274047,-0.53248439725142,"Mathematical Sciences",0.311106816132886,-0.523749908020686,0
1.20306637806638,0.637626262626263,0.565440115440115,6.95104617604618,-1.00339508847101,-0.221118729406484,"Medical Sciences",-0.999854647060915,0.104682434642212,0
0.837129054520359,0.473084886128364,0.364044168391994,4.52950310559006,0.68317029846269,-0.220238468843119,"Physical Sciences",0.633963980616265,-0.931483290652155,0
0.614795918367347,0.0280612244897959,0.586734693877551,0.926020408163265,-0.894549970299977,-0.373617883842423,"Political Science",-0.461156977208627,-0.611824476832515,0
2.04614121510673,1.19790640394089,0.848234811165846,5.7326354679803,-0.135974057049394,0.072735843260062,"Psychological Sciences",-0.467172780026173,-0.769944786395829,0
2.09731638418079,1.31325441664425,0.784061967536544,6.75992287687203,-0.0853895413408586,0.772061943747703,"Biological Sciences",-0.0781740350553848,-0.476019245097293,0
3.74122023809524,3.15386904761905,0.58735119047619,11.4571924603175,2.17757597598645,1.02082585049452,"Chemical Sciences",0.247207333385569,-0.953387901587531,0
2.4235842985843,1.43013728013728,0.993447018447018,5.26945516945517,1.64824043463719,0.718689138632688,"Computational Sciences",1.310443518246,-0.910692473493154,0
0.966666666666667,0.383333333333333,0.583333333333333,2.3,3.88115701441457,1.03541178395926,"Earth Sciences",0.33092880420105,-1.01316150091966,0
0.706775426219871,0.134979423868313,0.571796002351558,1.09213697824809,0.489333483389873,0.380787170098,"Economics",1.83999235923468,-1.05111299255911,0
3.68567749395564,2.30114054451803,1.38453694943761,6.82192526017029,1.65787376757242,0.793318694117486,"Engineering",1.96582963194367,-0.733577134696348,0
1.70518207282913,0.653711484593838,1.05147058823529,2.45658263305322,0.987381040246831,1.08429870381359,"Geography",1.31386599415079,-1.01316150091966,0
0.606632653061224,0.356292517006803,0.250340136054422,2.00850340136054,1.49612775509626,0.31926767398144,"Health",1.23398286584696,-0.960707117832282,0
1.39485960305632,0.757668606439098,0.637190996617226,4.47736380195397,3.30992190181505,0.851793145826752,"Physical Sciences",1.30791831154659,-1.02702001692406,0
1.55033875338753,1.1798877274487,0.370451025938831,5.01182733255904,-0.0196291197769584,-0.849613019171819,"Agriculture",-0.669792927911616,-0.260055803411038,0
1.44311011904762,0.749558531746032,0.693551587301587,4.19075892857143,-0.975106496349538,0.36296144009118,"Biological Sciences",-0.894484911411902,2.83796611319315,0
2.42044290834613,1.86655145929339,0.553891449052739,9.36776753712238,1.41024999166436,-0.279192219336886,"Chemical Sciences",1.10578976782865,-0.814283442312303,0
1.06139122315593,0.474673202614379,0.58671802054155,2.55665266106443,-0.775329588541955,-0.264980284166117,"Earth Sciences",-0.673915609769266,-0.712786606796866,0
0.885606060606061,0.217147667147667,0.668458393458393,1.15693843193843,-0.894896379623667,-0.871024719630946,"Economics",0.0528055554546309,-0.333657293793392,0
3.57929992892679,2.41548803601042,1.16381189291637,6.6802534944326,2.02278182542186,0.0331508218970329,"Engineering",0.749956818125955,-0.821223248053594,0
0.945089285714286,0.780803571428571,0.164285714285714,2.80044642857143,-0.486801364404051,-0.73212196277423,"Geography",-0.518043586006469,-0.748449846734522,0
1.72382275132275,0.935532407407407,0.788290343915344,5.7037962962963,-0.555122977992463,-0.184972481688228,"Health",-0.803301226557417,1.37849406283369,0
2.13376322751323,0.544890873015873,1.58887235449735,2.2520667989418,-0.581579005231572,0.235136101167274,"Mathematical Sciences",0.804211043915294,-0.0863149160375578,0
1.48861111111111,1.11880952380952,0.369801587301587,5.13168650793651,-0.923019601641396,0.0638341901057655,"Medical Sciences",-0.982731144694089,2.3270441569971,0
1.07420634920635,0.548565323565324,0.525641025641026,2.49732905982906,1.69055057711437,-0.181255501036942,"Physical Sciences",1.27538588832514,-1.03680819955655,0
0.716880341880342,0.0615842490842491,0.655296092796093,0.952533577533578,0.9054153991991,-0.684321418916656,"Political Science",1.27565902727719,-0.94747622692831,0
2.26611552028219,1.16677689594356,1.09933862433862,5.61481481481481,-0.498844384841882,0.119244480526891,"Psychological Sciences",-0.456354228278367,-0.168424549511651,0
0.884002976190476,0.465848214285714,0.418154761904762,3.178125,-0.232286095627416,-1.28859244504071,"Biological Sciences",0.723807232161028,-1.08254157157302,1
0.670238095238095,0.0714285714285714,0.598809523809524,1.20833333333333,-1.03448715742439,-0.927199857976763,"Computational Sciences",0.929492596792711,-0.654519904926892,1
2.45408272283272,1.65965354090354,0.794429181929182,4.73213522588523,-0.442765936456359,-1.17532118009446,"Engineering",0.0804433227213798,0.353092198100406,1
1.32766955266955,0.92732683982684,0.400342712842713,3.55762085137085,0.260504521922418,-0.361779431391715,"Agriculture",-0.616862993073019,-0.445312307264445,0
2,0,2,1,-0.984125727179032,-0.696791126009936,"Anthropology",-0.999854647060915,-0.688676247402394,0
1.81203255313425,1.44367097121334,0.368361581920904,6.48448345439871,2.04475072107925,-0.0612909340711401,"Biological Sciences",0.241739602367104,-0.987978434857213,0
2.30549206349206,1.52530158730159,0.780190476190476,6.44365079365079,1.92086891008803,0.0856549091675142,"Computational Sciences",2.08464713430873,-1.05756474613781,0
1.13310185185185,0.487070105820106,0.646031746031746,2.33260582010582,-0.60427223941444,-0.607188723146479,"Earth Sciences",-0.696201062782675,-0.413053539370915,0
0.695859788359788,0.228108465608466,0.467751322751323,1.28103174603175,-0.586807502577802,-1.27254928803457,"Economics",0.24017941838453,-0.312387207797284,0
3.76840136054422,2.68607709750567,1.08232426303855,7.7490589569161,-0.240060569811576,0.695861274602044,"Engineering",-0.606448319959324,1.17284441751244,0
1.12473384917205,0.624827482130853,0.499906367041199,3.01038502695806,0.330303632624397,-0.950670495853279,"Health",-0.39728325406805,-0.681192554388099,0
1.76835637480799,0.736981566820276,1.03137480798771,3.16509216589862,-0.340307294977457,-0.827723050489378,"Mathematical Sciences",0.0358572343544213,-0.397796427611025,0
0.469642857142857,0.239285714285714,0.230357142857143,1.43392857142857,-1.03448715742439,-2.17518162463668,"Psychological Sciences",0.5596892346955,-0.716001321382795,1
1.46997719898272,0.847713321055863,0.622263877926861,4.02298956414979,-0.0280130980883367,-0.77456169797488,"Agriculture",-0.37229223404334,4.01970951466945,0
0.984594671201814,0.252593537414966,0.732001133786848,2.18725907029478,0.367852815717341,0.23428033695499,"Anthropology",1.42257193890361,-0.91679182036378,0
0.838888888888889,0.652380952380952,0.186507936507937,3.47857142857143,-0.922575477251402,-0.870790867232341,"Architecture, Design, Planning",-0.349741871917569,0.269327834410485,0
2.04618520585317,1.23619946676587,0.809985739087302,6.65985553075397,-1.01541957772581,-0.288568991658097,"Biological Sciences",-0.999854647060915,2.63989935379908,0
3.70277777777778,2.96683277962348,0.7359449981543,12.246327057955,0.558901615939462,0.67525142686845,"Chemical Sciences",0.756318103836513,0.0456851158208912,0
1.66296722990271,0.807635688684076,0.855331541218638,4.18961213517665,-0.862560597190601,-0.812513786534696,"Earth Sciences",-0.830254909622814,1.66012320653795,0
1.14377289377289,0.161019536019536,0.982753357753358,1.32417582417582,-0.96607896371866,0.050119878471486,"Economics",-0.67053463518419,-0.00292198693270728,0
3.59044897597529,2.45031366294524,1.14013531303005,7.90155350497456,-0.0949511631704723,0.364506048249538,"Engineering",0.964562277840343,2.57229568448238,0
1.11208791208791,0.550915750915751,0.561172161172161,2.23772893772894,-0.0443834845513219,-0.0629143487681898,"Geography",0.489305091918108,-0.964554398166061,0
1.54685846560847,0.854208002645503,0.692650462962963,4.68549933862434,-0.835272038583409,0.0391342541649575,"Health",-0.731749386770549,3.76540569013212,0
1.59753968253968,0.484920634920635,1.11261904761905,2.63916666666667,-0.67136189768286,0.136723216754621,"Mathematical Sciences",0.223462741002778,-0.301343323730205,0
1.77858663260962,1.12909444748525,0.649492185124369,6.37731709542054,-0.824610988314269,-0.454262027189234,"Medical Sciences",-0.459063866718086,1.95569208298544,0
1.15521541950113,0.794274376417234,0.3609410430839,15.9030753968254,-0.0512946016129843,0.20857417702483,"Physical Sciences",-0.32468007784858,0.543086853120384,0
0.822380952380952,0.16968253968254,0.652698412698413,1.31888888888889,0.331126431995234,0.104387554733321,"Political Science",0.991862519508365,-0.839647281144111,0
2.27351760627623,1.17836617405583,1.0951514322204,5.64213191023536,-0.329695293633253,0.243267513238435,"Psychological Sciences",-0.603191995882506,0.0918158082447009,0
1.60095193508115,0.992823702514714,0.608128232566435,4.22498439450687,1.76948330194303,-0.924664340368758,"Agriculture",-0.0386375241016241,-0.22794940311206,0
1.62861935434399,1.02135380722337,0.60726554712062,5.34088835212024,-0.303757461698444,0.650846979701326,"Biological Sciences",-0.841339773160396,0.633108203805364,0
3.37474120082816,2.07919254658385,1.29554865424431,7.62758799171843,2.35161526341045,0.346132928176955,"Chemical Sciences",0.383147630384275,-0.950046520258406,0
1.64226551226551,0.861266233766234,0.780999278499279,3.18922438672439,-0.548779778430328,0.113836499449353,"Health",0.121085897024986,0.167405899915406,0
1.32477072310406,0.448447971781305,0.876322751322751,2.39481481481481,0.250692212104081,0.353231562462458,"Mathematical Sciences",0.569076122291687,-0.919041801653833,0
0.946800595238095,0.542468584656085,0.404332010582011,3.63006779100529,-0.0596493400866239,0.452406353077015,"Medical Sciences",-0.665159351005615,-0.375932236611082,0
1.49579365079365,0.940793650793651,0.555,3.16597222222222,0.37294050698779,0.383997532152627,"Physical Sciences",0.33470277429771,-0.897883845064841,0
0.733333333333333,0.733333333333333,0,2.0352380952381,0.203016397982026,0.343390274021193,"Political Science",1.29878257239804,-0.61694792820384,0
2.02324263038549,1.02286470143613,1.00037792894936,3.89962207105064,-0.762548610622378,0.351787666861037,"Psychological Sciences",-0.541582641080196,-0.28347630363052,0
0.964569160997732,0.270691609977324,0.693877551020408,1.40192743764172,-0.657601758564815,0.302353958067991,"Sociology",0.382420194334769,-0.937529599723906,0
2.0515873015873,1.16269841269841,0.888888888888889,5.69179894179894,0.480837804929836,-1.45002358874733,"Agriculture",-0.238976225584178,-0.865150683525819,0
0.986202686202686,0.0566239316239316,0.929578754578754,0.9501221001221,0.317690841884586,-0.143967444874511,"Anthropology",1.3668102890066,-1.01447520639949,0
1.42462797619048,0.792168898809524,0.632459077380952,4.2206287202381,-0.173795274827845,0.241746476044803,"Biological Sciences",-0.294537430395177,-0.0864038648460878,0
2.17883852258852,1.13262362637363,1.0462148962149,5.13366910866911,-0.53211517092346,-0.219352492302069,"Earth Sciences",-0.999854647060915,-1.03549449407672,0
2.66581002771479,1.68691735953641,0.978892668178382,5.1043146888385,1.44537453766759,-0.259221436649295,"Engineering",0.692809423950704,-1.05138407464224,0
1.29117063492063,0.707539682539683,0.583630952380952,3.6966335978836,-0.189965279355687,-0.819941566605587,"Health",0.876114926696145,-0.994944784932725,0
1.9687619047619,1.06300793650794,0.905753968253968,5.63390476190476,-0.143225010274615,0.598403855086601,"Physical Sciences",-0.288869221651265,-0.817445658535035,0
3.44294973544974,2.61921957671958,0.823730158730159,8.1651455026455,0.673125146073407,-0.65589947392026,"Computational Sciences",1.39685991045501,-0.562867052617629,0
2.23337773337773,1.49115051615052,0.742227217227217,5.11545399045399,3.02034634874922,-0.493119243486358,"Engineering",3.47062682219485,-1.1078677232381,0
1.73146258503401,0.811479591836735,0.919982993197279,3.78775510204082,0.28362625743578,-0.110270236403833,"Health",0.362366540885374,-0.977785289070033,0
2.44295634920635,2.07514880952381,0.36780753968254,8.49429563492063,0.287071369333364,0.374691920482766,"Medical Sciences",0.12878854360012,-0.872978178676455,0
1.33851485551486,0.851483923483923,0.487030932030932,4.43527472527473,0.452733408880659,-0.980406341063572,"Physical Sciences",-0.287343749144448,-0.162668573279669,0
1.22380952380952,0.211190476190476,1.01261904761905,1.54690476190476,-0.852650241081361,-0.2302162522697,"Political Science",1.08312733204679,-0.912741854041685,0
3.01966230936819,1.57082944288827,1.44883286647993,5.73427482103953,-0.368065258043787,0.0107243269042896,"Psychological Sciences",-0.535374780375806,-0.354479876906799,0
0,0,0,0.666666666666667,-0.966214317034884,-1.13707373998274,"Sociology",-0.511381258123772,-0.8253016173044,0
0.76832298136646,0.485248447204969,0.283074534161491,3.28752587991718,1.16552025281078,-1.67517755233815,"Agriculture",0.181487027334492,-0.464432433758883,0
1.2650269541779,0.688102725366876,0.576924228811021,3.21556603773585,-0.242088444912617,-0.849188200372591,"Biological Sciences",-0.491503664998092,-0.749577650495505,0
2.17292879534259,1.62690948897845,0.546019306364134,5.40710429417326,-0.294663697454674,-1.52984251436457,"Chemical Sciences",-0.137108198886383,-0.791145274828899,0
1.12440476190476,0.698015873015873,0.426388888888889,3.69285714285714,-0.451341993044966,-1.34319378019673,"Computational Sciences",-0.183617803439077,-0.816762531685525,0
1.83086329770003,0.909847748623259,0.921015549076774,3.81871558147068,-0.887599806817316,-0.379049763826238,"Earth Sciences",-0.819036980649068,0.161746973416218,0
1,1,0,6,-0.517704155406538,-2.17007479387797,"Economics",-0.93036037207833,-0.859457959779902,0
1.02373171490819,0.553400248988484,0.470331465919701,3.4119592281357,-0.701862495178117,-1.46769343864079,"Engineering",-0.75358054945471,0.423414079667615,0
2.28703703703704,1.19113756613757,1.09589947089947,3.24007936507937,-0.255878672901336,-0.254116524198487,"Geography",-0.494509054319078,-0.887921578509487,0
2.4,1.6,0.8,4.1,-0.976522315546305,-1.73504407133943,"Health",-0.999854647060915,-0.756988932353397,0
1.72920634920635,0.973253968253968,0.755952380952381,5.38853174603175,-0.326534159740788,-1.4482019547377,"Physical Sciences",-0.242374553990505,-0.854334508408577,0
0.33531746031746,0.0238095238095238,0.311507936507937,0.755952380952381,-1.0071808989664,-1.56863148028178,"Political Science",-0.793111670424088,-0.529279982516719,0
0,0,0,1,-0.966214317034884,-1.75660388923522,"Psychological Sciences",-0.298395718597522,-0.8253016173044,0
0.814177489177489,0.012987012987013,0.801190476190476,0.745670995670996,0.45981959561661,-0.347639327398088,"Anthropology",1.36520655030124,-1.05663320952484,0
0.941176470588235,0.196078431372549,0.745098039215686,1.40686274509804,-0.913208793025886,0.123081826836036,"Architecture, Design, Planning",1.49738560448531,-0.918729259957978,0
1.39080112721417,0.95441108810674,0.43639003910743,5.47288072233724,-0.829471733519867,0.559935756666543,"Biological Sciences",-0.0801557590940591,0.525606478574497,0
2.48888888888889,1.98420138888889,0.5046875,10.1497395833333,-0.337566583558743,-0.0158974203836902,"Chemical Sciences",0.405806019534057,-0.135503607154621,0
2.95579564114047,2.07537692192865,0.880418719211823,6.79531833109419,0.251205293743878,-0.00477855218465322,"Computational Sciences",1.78478485684611,-0.494338436765919,0
2.78966682958618,1.88712063026579,0.902546199320393,6.2142513848159,-0.388988382519505,0.247557144831007,"Engineering",1.00453352453083,-0.356753725765463,0
1.68202091600529,0.766778273809524,0.915242642195767,4.22264178240741,-0.500010611502514,0.169863183412649,"Health",0.478318254205745,0.887674537365418,0
1.99290352504638,0.663981653267368,1.32892187177901,3.44655225726654,-0.30167520927722,0.215453524284744,"Mathematical Sciences",1.87856304080828,-0.887847647032267,0
1.19393538560205,0.699514991181658,0.494420394420394,5.43812329645663,-0.688717950775738,-0.376547594594983,"Medical Sciences",-0.999172209950881,1.21993876850139,0
1.02191987906274,0.602229780801209,0.419690098261527,12.9864890400605,0.479562994196768,-0.20074698494003,"Physical Sciences",0.875581501104473,-0.910692473493154,0
0.731040564373898,0.0421075837742504,0.688932980599647,1.19647266313933,-0.125160728389704,-0.349717611913636,"Political Science",1.04018971550932,-0.29208315977018,0
1.67942418101993,0.971420128335022,0.708004052684904,5.22513508949679,2.38549923742133,0.613887744168494,"Agriculture",1.56445408322756,-0.704300957258208,0
0.311484593837535,0.1,0.211484593837535,1.03305322128852,-0.360659643025832,0.441121088937916,"Architecture, Design, Planning",0.0342563631521007,-0.745938350964264,0
1.50813227513228,0.988544973544974,0.519587301587302,4.8027037037037,-0.974122220062962,1.22661805892162,"Biological Sciences",-0.638313750193683,-0.561386944443691,0
3.40022372115395,2.27090925869996,1.129314462454,8.23721769186885,3.25737385348417,1.27937659901613,"Computational Sciences",2.90620088314192,-0.967090155255029,0
3.24496484868457,2.17371203383314,1.07125281485143,7.44943016422255,2.46908704555628,1.24162282388852,"Engineering",2.37561634985556,-0.740265325224388,0
1.59429855275444,0.943259803921569,0.651038748832866,5.75994981325864,2.06462346416603,1.08569095266382,"Physical Sciences",1.79197447227993,-0.795665967215362,0
1.30542754736303,0.571716589861751,0.73371095750128,3.42181899641577,1.6161471604029,1.35947480764233,"Psychological Sciences",1.58842794754419,-0.982310610941787,0
1.77080821780189,1.07174502712477,0.699063190677115,6.05243871810328,-0.533938983416977,0.938732519311472,"Biological Sciences",-0.703873417924977,0.0635199148982892,0
2.37043650793651,1.89503968253968,0.475396825396825,7.3978835978836,0.523583687416009,0.362588853111529,"Chemical Sciences",0.472368894588429,-0.390377523116346,0
1.85605680868839,1.21731411862991,0.63874269005848,5.21207184628237,0.252042912047607,0.809122599984856,"Computational Sciences",0.752975970733784,-0.865749917604337,0
1.55304232804233,0.354761904761905,1.19828042328042,1.84391534391534,-0.897164741596746,0.852900616503064,"Earth Sciences",-0.397308535554388,-0.456413118568983,0
0.744047619047619,0.0333333333333333,0.710714285714286,0.945238095238095,-0.6766708924736,0.971264476573918,"Economics",0.207537874392481,-0.883367399512753,0
2.6800362531844,1.54734959827552,1.13268665490888,5.59324906917499,-0.434844692295303,0.773827210214398,"Engineering",-0.688252264337867,0.0889076479658161,0
0.473214285714286,0.0357142857142857,0.4375,0.714285714285714,-0.174981096032992,0.797495440668148,"Geography",-0.0731901852514228,-0.996083329681908,0
1.80877616747182,1.02144582470669,0.787330342765125,5.06549919484702,-0.653473350400751,1.04761456550429,"Health",-0.594439542866327,0.974341615589602,0
1.36566725455614,0.272523515579071,1.09314373897707,1.36592445620223,-0.231647718080339,0.412279293110049,"Mathematical Sciences",0.681660036786963,-0.579565708938986,0
2.47978235967927,1.41946080837833,1.06032155130093,7.20044591719849,-0.412717991395814,0.633740029130265,"Medical Sciences",-0.998308603621638,-0.238481568485602,0
2.1984126984127,1.08951033243486,1.10890236597784,4.41531895777179,0.239583443313437,1.06492010495242,"Psychological Sciences",-0.204190510163292,-1.02282839029952,0
1.11309523809524,0.143849206349206,0.969246031746032,1.26785714285714,-1.01732624131574,-1.86466356130072,"Architecture, Design, Planning",-0.819696940076894,0.318935855624904,0
1.07933752204586,0.583002645502645,0.49633487654321,3.90630511463845,-0.949003896483367,0.665998850207123,"Biological Sciences",-0.999854647060915,-0.478994256094453,0
1.73279100529101,1.26984126984127,0.462949735449735,5.74608465608466,0.15041254048535,-0.04880927025284,"Chemical Sciences",0.120678790496222,-0.373299351878595,0
1.125,0.875,0.25,3.25,-0.0644051296071064,0.338868600953584,"Computational Sciences",0.330106456064767,-0.833840702923276,0
1.61729797979798,0.75770202020202,0.85959595959596,3.81729797979798,0.622769661387858,0.487878281590678,"Earth Sciences",0.232414189187067,-0.81055228759907,0
2.30080498866213,1.59656840513983,0.704236583522298,5.73464096749811,-0.392542894416942,-0.278712920552384,"Engineering",-0.473641919651381,-0.0109168231385115,0
0.493452380952381,0.118452380952381,0.375,4.51904761904762,-0.321366668099044,0.223888914377257,"Geography",0.747033345847417,-0.8253016173044,0
1.37216299455105,0.712343046671405,0.659819947879649,3.54191542288557,-0.882713656407635,0.562049971155724,"Health",-0.849025200330843,1.06196375350615,0
1.10796055796056,0.637822671156004,0.470137886804553,3.36604136604137,-0.314597281538221,-0.661984716179471,"Agriculture",-0.755080811882142,1.28445630428845,0
1.55167800453515,0.988620559334845,0.563057445200302,5.58277021919879,-0.91755414050198,-0.303720862163894,"Biological Sciences",-0.565492046936621,1.22228978947698,0
2.33710317460317,1.86309523809524,0.474007936507936,6.02334656084656,0.103397136264821,-0.377927768944335,"Chemical Sciences",0.020380869224332,-0.267983962579132,0
2.80868675595238,1.43528645833333,1.37340029761905,5.07266865079365,0.0454972975189128,-0.891026473435896,"Computational Sciences",0.155034900442427,-0.589142530657377,0
2.63864734299517,0.900914423740511,1.73773291925466,3.98559351276743,0.220442469643045,-0.470305347554334,"Earth Sciences",1.12863195645386,-1.07256383565966,0
0.939236111111111,0.110243055555556,0.828993055555556,1.41393849206349,-0.927811065142039,-0.682071981558652,"Economics",-0.771306691995365,1.44716254301882,0
1.70019452225335,1.090697945845,0.609496576408341,4.35045518207283,-0.760849033760551,-0.0837980815214988,"Engineering",-0.510424605363538,0.513995360448235,0
1.41667813560877,0.779777961280851,0.63690017432792,3.29343517753922,-0.89671978649136,-1.24947947699086,"Health",-0.836351600176699,2.1965475142493,0
2.09641414141414,0.543759018759019,1.55265512265512,3.66673881673882,-0.49730653581479,-0.315976051543583,"Mathematical Sciences",0.951399957163171,-0.866910252683648,0
1.55867995792695,1.06945878753108,0.489221170395869,6.21664276152228,-0.325660183345739,-1.23140635313173,"Medical Sciences",-0.743775200061118,1.10340004651557,0
1.0638253968254,0.446984126984127,0.61684126984127,2.88326984126984,1.08855021795009,-0.376170340067827,"Physical Sciences",1.08525877715024,-0.979005158444158,0
1.16208791208791,0.211080586080586,0.951007326007326,1.57554945054945,0.000544409421171223,-0.0629143487681898,"Political Science",1.00262724529073,-0.670284370684816,0
1.92577419856832,0.995191409897292,0.930582788671024,4.88735994397759,-0.801992002562622,-0.609390836653431,"Psychological Sciences",-0.814060706036703,-0.35464730995815,0
0.57037037037037,0.362962962962963,0.207407407407407,2.04744268077601,0.886336450689806,-1.11875054774317,"Health",1.97061503617163,-1.08337176045263,0
1.212447786132,0.565413533834586,0.64703425229741,2.37322472848789,-0.191965436854114,-2.02836024032375,"Mathematical Sciences",2.21606347658398,-1.11383282611061,0
0,0,0,0,-0.55812454115323,-1.48556676161607,"Biological Sciences",0.405259586700876,-0.8253016173044,0
0,0,0,1.14285714285714,0.342812689840416,-1.85752311670256,"Engineering",0.80407500789591,-0.671598076164643,0
0,0,0,1.08333333333333,-0.745067966649846,-0.78259044396339,"Health",1.38173395339355,-1.01316150091966,0
0.166666666666667,0,0.166666666666667,0.166666666666667,0.0746294546441411,-1.02416786621373,"Medical Sciences",-0.999854647060915,-0.620363562451391,0
1.01138716356108,0.550552104899931,0.460835058661146,3.00733264320221,-0.780738069690289,-0.945286550247197,"Computational Sciences",-0.504410170714552,-0.705754418640145,0
1.59446834958883,0.8062870529738,0.788181296615032,3.56118282654427,-0.15096020922643,-1.33723339297125,"Earth Sciences",-0.461629479393666,-0.671392315065393,0
1.40684523809524,0.843112244897959,0.563732993197279,3.69914965986395,-0.0913189113036059,-1.19481266399755,"Engineering",-0.501525430676996,-0.879585804452965,0
0.752414021164021,0.457705026455026,0.294708994708995,2.94666005291005,-0.0734958140239545,0.0916252736062987,"Physical Sciences",-0.0599406501746477,-0.84522615041511,0
0.659733893557423,0.136554621848739,0.523179271708684,1.72457983193277,-0.525350777136612,-1.02796857205489,"Psychological Sciences",0.430115867362596,-0.969963773671231,0
0,0,0,1,3.54080232253127,-0.872939781165462,"Computational Sciences",5.35020541395545,-1.14978687082167,0
0,0,0,3.2625,0.148311288840153,-0.668542598614155,"Engineering",0.404293598128576,-0.774067103591148,0
1.17311507936508,0.811805555555556,0.361309523809524,4.13869047619048,0.606777398494751,-0.136625467800898,"Agriculture",1.61040342972421,-0.802530722320733,0
0.77985347985348,0.118406593406593,0.661446886446886,1.33296703296703,-0.446419410545748,-0.813175058880552,"Anthropology",1.24989794311449,-1.03812190503637,0
0.75,0.625,0.125,1.875,-0.998346995571147,0.162836734598771,"Architecture, Design, Planning",0.34538933546296,-0.483738192549384,0
1.73634842826019,1.0088079676315,0.727540460628696,5.51911375661376,-0.627106731423265,0.878125037288283,"Biological Sciences",-0.553709563490388,1.68770105041523,0
2.47255591630592,1.88705808080808,0.585497835497836,8.47540584415584,0.519099372426952,0.971458075690796,"Chemical Sciences",0.188393935975082,-0.351382365456815,0
2.51938961988304,1.59291196741855,0.926477652464495,5.45131317878028,0.81220742490698,0.971902830418757,"Computational Sciences",0.660996783256312,-0.144421895588809,0
1.88627722406792,1.06232004429679,0.823957179771133,4.33957179771133,-0.543785510125632,0.282553218202462,"Earth Sciences",-0.991807958830711,0.133856139420442,0
0.732318198597268,0.109948320413437,0.622369878183832,1.14800664451827,-0.370614139666041,1.01850266109199,"Economics",1.52444684974073,-0.823315783439546,0
3.01944890315677,2.16892054574639,0.85052835741038,6.57250535045479,0.979746981579783,0.949250565342194,"Engineering",1.13699971734451,0.106801942104303,0
1.26225490196078,0.906862745098039,0.355392156862745,1.77289915966387,0.957552919516781,-0.349717611913636,"Geography",1.15000094847749,-0.97297756859554,0
2.04883286647993,1.06188530967943,0.986947556800498,4.22645502645503,-0.647841392006968,0.991587881540996,"Health",-0.306056467319751,-0.460464998411665,0
1.24257054673721,0.354578189300412,0.887992357436802,1.6069885361552,0.604248215647372,1.06180433023356,"Mathematical Sciences",1.64908584042298,-0.808855970927307,0
1.25,0.5,0.75,5.5,-1.03448715742439,0.685549650859765,"Medical Sciences",0.234229198303212,-0.569129048738138,0
1.28915453233635,0.727410468319559,0.561744064016791,4.3494031221304,1.6908463958355,0.890776113632929,"Physical Sciences",-0.0395093871451291,-0.217967974031328,0
1.03936741363212,0.15484360410831,0.884523809523809,1.26200980392157,0.113644148911433,0.773595168739361,"Political Science",2.90193128419266,-0.744933752656161,0
2.20837868480726,1.03071428571429,1.17766439909297,4.5981746031746,-0.576571569155336,0.971902830418757,"Psychological Sciences",-0.076822650986569,-0.162180625530019,0
1.13154195011338,0.491292517006803,0.640249433106576,1.66753968253968,-0.60041283756109,0.504378898145287,"Sociology",1.34023135503832,-0.922403219484755,0
0.828125,0.428571428571429,0.399553571428571,2.27901785714286,-0.184576859991886,-2.3506394431106,"Agriculture",-0.118864895752204,-0.893614302255404,0
0.570887445887446,0.373340548340548,0.197546897546898,3.4464405964406,-0.0694188218868177,-1.00070690543056,"Biological Sciences",-0.999854647060915,-0.0100345741770231,0
0.75,0.286666666666667,0.463333333333333,2.22333333333333,-0.982879520308421,-1.94047524587152,"Health",-0.998957400111003,1.37709934551594,0
1,1,0,10.25,-0.648496842141365,-1.77540738129148,"Medical Sciences",-0.999854647060915,-0.244643795220873,0
2.88768518518519,2.19224867724868,0.695436507936508,7.20390211640212,1.90259751567594,0.201105477585328,"Agriculture",0.969460729748104,-0.813916169812566,0
0.957380952380952,0.185820105820106,0.771560846560847,1.37793650793651,0.29350586610102,0.496144185913875,"Anthropology",2.076741235886,-1.10766071510188,0
1.58553240740741,0.790794477513228,0.79473792989418,4.0440517526455,-0.879519281033726,0.696302591218717,"Biological Sciences",-0.999854647060915,-0.240730047645555,0
2.92594726062468,2.42176139272913,0.504185867895545,9.60672043010753,0.957413189944176,0.790442901410473,"Chemical Sciences",0.455316725096215,-0.649561726180448,0
2.45948412698413,1.50392195767196,0.955562169312169,6.01757275132275,2.15026027169542,0.791035907714422,"Computational Sciences",0.492569759049054,-0.849211057037251,0
1.26704314204314,0.544190069190069,0.722853072853073,2.78217338217338,-0.270055476677025,-0.105283012641949,"Earth Sciences",-0.238717363089928,-0.540665430008553,0
0.644727891156463,0.0410997732426304,0.603628117913832,0.868877551020408,1.18042525618159,-0.0443564905646606,"Economics",2.64635642972028,-1.12051000584266,0
3.21669606114051,2.34376837154615,0.872927689594356,7.93665196942975,0.541368796622434,0.832301661923663,"Engineering",0.45614007844144,-0.379118580596644,0
1.82813740079365,0.826357886904762,1.00177951388889,3.44518229166667,-0.971824725620331,-0.128945797724932,"Health",-0.624031548677493,1.43408706816491,0
1.44878807378807,0.856939081939082,0.591848991848992,7.050429000429,0.991026740320641,0.87128462972984,"Physical Sciences",0.117108133524987,-0.792529991415743,0
0.691425120772947,0.25,0.441425120772947,1.06487232574189,-0.820097148335576,0.295589730163618,"Political Science",0.934426427689343,-0.951531578626906,0
1.68831641946396,0.666269841269841,1.02204657819412,3.06062971636742,0.38012512602659,0.925394193151928,"Psychological Sciences",0.878244267565971,-0.94596869604982,0
3.53214285714286,1.78571428571429,1.74642857142857,4.6989010989011,-0.757609036722814,-2.10283485555494,"Computational Sciences",0.495562410770433,-0.813478267985957,0
0.407638888888889,0.195833333333333,0.211805555555556,1.59965277777778,-0.802577660106349,0.132512060770452,"Health",-0.487872437586728,-0.684406704592956,0
1.75570436507937,1.08804563492063,0.66765873015873,3.24404761904762,-1.01477268216659,-2.21135500917754,"Computational Sciences",0.957011756852238,-0.977937772741798,0
0.931746031746032,0.491071428571429,0.440674603174603,3.15912698412698,-0.62845329008213,-2.12194532285955,"Biological Sciences",0.899170097717606,-1.01828495229098,0
0.873363095238095,0.640997023809524,0.232366071428571,3.41495535714286,-0.540074649235615,-1.77668138838319,"Chemical Sciences",0.997736906061339,-0.951253130182813,0
1.19541446208113,0.863888888888889,0.33152557319224,4.47226631393298,-0.50508933967458,-1.25328711570681,"Engineering",0.291648158606705,-0.319028718834187,0
1.28782242063492,0.793923611111111,0.49389880952381,4.40104166666667,-0.423307030012822,-1.91599756841182,"Physical Sciences",-0.0832768282804143,-0.402616879170068,0
1.1151455026455,0.631762566137566,0.483382936507937,3.2176917989418,-0.697620772330415,-0.561302660762445,"Biological Sciences",0.392802041675698,-0.768374379845231,0
1.7831746031746,1.08650793650794,0.696666666666667,5.52650793650794,0.265342606334531,-1.23467362657413,"Computational Sciences",0.904213460319593,-0.931186278978455,0
1.47547619047619,1.06670634920635,0.408769841269841,3.78740740740741,0.224744139457318,-1.15582969619137,"Engineering",0.268103767938728,-0.850918874161027,0
0.708994708994709,0.399470899470899,0.30952380952381,2.48677248677249,1.9421801860362,0.842183390972206,"Health",2.76536844467324,-1.11752810292814,0
1.82416383219955,0.838350340136054,0.985813492063492,4.25416666666667,-0.0156295057302983,-0.407853408497172,"Psychological Sciences",-0.709306705082564,-0.444397405233851,0
0.2,0,0.2,0.6,-1.03448715742439,-1.68605455541017,"Anthropology",-0.832090369003484,-0.791145274828899,1
1,0,1,1,-0.504851477783591,-1.54662429919884,"Architecture, Design, Planning",1.01600225916836,-0.910692473493154,1
1.01772756721736,0.811524133462909,0.206203433754454,4.84984612892776,-0.596657932758944,0.393265181102774,"Biological Sciences",-0.648485534006422,0.126893562726931,1
0.166666666666667,0.0714285714285714,0.0952380952380952,1.04444444444444,0.191929644536984,-0.591854793093807,"Chemical Sciences",0.251508704414237,-0.739910761115646,1
0.742435515873016,0.447792658730159,0.294642857142857,2.26537698412698,-0.94941423739059,-0.619726089379393,"Computational Sciences",-0.760303350122477,-0.138972610687289,1
2.05769230769231,1.43589743589744,0.621794871794872,4.42307692307692,-0.84891414531376,0.00878646701817196,"Earth Sciences",-0.897804071820282,1.40865455114139,1
0.133333333333333,0,0.133333333333333,0.433333333333333,-0.673560233219213,-0.658452889299615,"Economics",-0.831335012854514,-0.637441733689141,1
0.271840659340659,0.13282967032967,0.139010989010989,1.39336080586081,-0.838831472614015,-0.317695888358561,"Engineering",-0.60575929252245,0.255877992593209,1
0.575198412698413,0.100198412698413,0.475,0.587003968253968,-0.93763750513649,-0.539808146789106,"Health",0.0852981747580273,-0.802530722320733,1
0.142857142857143,0.142857142857143,0,0.571428571428571,-0.35588241307629,-0.335658628426114,"Mathematical Sciences",1.05172451002841,-1.04731784339516,1
1.49954004329004,0.934015752765753,0.565524290524291,8.71664862914863,-0.421479082905565,-1.25731116399648,"Medical Sciences",-0.721074338490336,-0.488266495529091,1
1.53993506493506,0.898845598845599,0.641089466089466,4.30655844155844,-0.896393493272377,-1.03888079277284,"Physical Sciences",-0.738628107993703,0.340982222131819,1
0.0416666666666667,0,0.0416666666666667,0.811011904761905,-0.713273583206701,-0.947224410133314,"Political Science",0.887056680801318,-0.893614302255404,1
0.495039682539683,0.240595238095238,0.254444444444444,2.42626984126984,0.895526835019705,0.103741601437948,"Psychological Sciences",0.564482534351307,-0.91240029061693,1
0.210884353741497,0,0.210884353741497,0.378401360544218,-0.877855038855627,-0.935048799905442,"Sociology",-0.587411557865772,-0.427624201339631,1
0.596590241034685,0.0623162845385068,0.534273956496179,1.11250734861846,1.29469473078766,1.33992769922584,"Anthropology",0.635370011723208,-0.860090484640559,0
2.35958540430763,1.39866148255037,0.960923921757255,8.41425832398055,-0.285799608545259,1.25692179993321,"Biological Sciences",-0.634542986175115,1.05620683320721,0
4.24954004329004,3.29510281385281,0.954437229437229,12.0232052669553,0.85076339079467,1.10310547516739,"Chemical Sciences",0.503773157701607,-0.0653229972244891,0
4.23933373774138,3.15891719745223,1.08041654028915,10.3551511475078,-0.394298899913087,1.20702982993439,"Computational Sciences",-0.369309589381682,0.041660323873141,0
2.29012746512747,1.19229797979798,1.09782948532949,5.00861592111592,1.42184312864434,1.01259788802723,"Earth Sciences",2.41784851273958,-0.844449869904303,0
0.973046398046398,0.406379731379731,0.566666666666667,2.46648351648352,2.03124013906147,1.23107449142332,"Economics",2.37851135736066,-0.963678594512843,0
3.52015973055889,2.3016189809257,1.21854074963319,7.61918767507003,0.622085995504775,1.20263985608235,"Engineering",0.413862367519184,2.47702829249615,0
2.58543373938723,1.25205610926541,1.33337763012182,5.30096714654854,0.184940232430103,1.29039686267858,"Health",-0.254017314775576,0.172460749753218,0
1.83146395104226,0.704594568751195,1.12686938229107,2.98111971696309,1.22217413681411,1.23894752217634,"Mathematical Sciences",1.25714641750838,-0.747523921787897,0
2.24868326118326,1.390625,0.858058261183261,7.64290449134199,-0.752938217343754,0.892788137777764,"Medical Sciences",-0.999854647060915,1.86324889681129,0
2.60746987066431,1.48650426219871,1.12096560846561,11.9336272780717,0.809989603528098,1.16365688827617,"Physical Sciences",-0.0718884954099179,-0.329718388979298,0
0.97919621749409,0.140577507598784,0.838618709895306,1.47819993245525,3.56849145201007,1.32330142310147,"Political Science",3.09226681879599,-1.05022476615903,0
0,0,0,0.375,2.04085463389546,0.763990386562372,"Agriculture",0.0526784226103953,-0.654519904926892,0
0.510374149659864,0.345578231292517,0.164795918367347,2.91663832199546,-0.188592654724398,1.02964374234625,"Biological Sciences",-0.983532721975919,0.0607301714351002,0
0.794871794871795,0.664835164835165,0.13003663003663,4.56913919413919,3.53954973117291,1.11956140010197,"Chemical Sciences",2.5666902176443,-1.03877875777629,0
1.13757836467921,0.707526343870882,0.430052020808323,3.4562191543284,1.80239970695159,1.12467392046999,"Engineering",1.73255127156156,-0.589364528944213,0
0.703805916305916,0.256800144300144,0.447005772005772,1.48503787878788,-0.507568776454939,0.823507829651107,"Health",-0.634127746465344,-0.43793764241178,0
0.897956349206349,0.247162698412698,0.650793650793651,2.24621031746032,-0.190216486050335,1.04212175335103,"Mathematical Sciences",0.511693425301804,-0.34967454833304,0
2.38065796210957,1.36854838709677,1.0121095750128,5.44336917562724,-0.975092960643241,0.556025596536015,"Medical Sciences",-0.865705806495617,0.767926486552869,0
0.220238095238095,0.0773809523809524,0.142857142857143,5.14246031746032,0.601456477935676,0.656878306795866,"Physical Sciences",0.439656548977969,-0.404751650574787,0
1.21625881834215,0.6725639329806,0.543694885361552,2.90142195767196,-0.691285239868417,1.18894313766396,"Psychological Sciences",-0.712254023920563,-0.36751174940358,0
0.773809523809524,0.125,0.648809523809524,0.958994708994709,2.62247512132544,1.08520060086751,"Sociology",2.67297595110849,-1.12132325209208,0
2.31111111111111,1.37777777777778,0.933333333333333,7.28888888888889,-0.3952796147702,-0.077125321266387,"Computational Sciences",0.280773917080702,-0.924355010483355,0
0.850198412698413,0.270833333333333,0.579365079365079,2.07688492063492,-0.628196319668333,-1.43788293384783,"Economics",-0.469222627708161,-0.852342055097506,0
1.39817275747508,0.951070505721669,0.447102251753415,3.3891288298265,-0.766799452354724,-1.58464234205932,"Engineering",-0.374005821028322,-0.504788031516844,0
1.32696523053666,0.793981481481482,0.532983749055178,5.14328231292517,1.36092642635764,-0.868739001025233,"Medical Sciences",-0.0208140058950246,-0.898900402876612,0
1.63794377802011,0.929059130013329,0.708884648006785,4.33157336726039,0.573048824883933,-0.549407734384062,"Agriculture",-0.67611963371723,0.694394887416678,0
1.2594246031746,0.494047619047619,0.765376984126984,2.50793650793651,0.18989071524677,0.176088370519682,"Anthropology",1.08445463871256,-0.976158796571199,0
0,0,0,0,-1.03448715742439,0.878425074328002,"Architecture, Design, Planning",-0.487084718548659,-0.688676247402394,0
0.714351851851852,0.270194003527337,0.444157848324515,1.82901234567901,-0.788540440651057,-0.186071044118881,"Economics",0.104277183903714,-0.478994256094453,0
1.50404265873016,0.615391865079365,0.888650793650794,3.34494543650794,-0.887677689570013,-0.259674726972623,"Health",-0.908388658950207,1.38568112656291,0
2.00838192419825,0.684944930353094,1.32343699384516,2.4941771946874,1.26633577809323,0.609105061935355,"Mathematical Sciences",2.60958629494452,-1.11319078959791,0
1.49927884615385,0.94259768009768,0.556681166056166,5.86016101953602,-0.381749617055932,0.141548622700016,"Medical Sciences",-0.732784452847406,-0.85059044779107,0
2.26225198412698,1.25277777777778,1.00947420634921,3.4922619047619,3.1010464248861,-1.37023601912534,"Physical Sciences",2.19528231129433,-1.16544186112294,0
0.88608630952381,0.0630952380952381,0.822991071428571,1.11897321428571,0.44158830953026,-0.708221690845443,"Political Science",0.813096302548367,-0.6780023903788,0
0.693223443223443,0.0398351648351648,0.653388278388278,0.892399267399267,-0.11367598953361,-0.37948021469288,"Sociology",0.44373193662558,-0.763557459752532,0
1.83091836734694,1.18479591836735,0.646122448979592,4.5434693877551,-0.574104963050521,-1.49693066449542,"Chemical Sciences",-0.452596303551198,-0.693555724898894,0
1.00573192239859,0.173941798941799,0.83179012345679,1.41335978835979,-0.555798251935358,-2.15853364652412,"Earth Sciences",0.646018392561142,-1.0928596333625,0
0.391836734693878,0.0693877551020408,0.322448979591837,0.946938775510204,-0.857156663858955,-2.26455116291411,"Economics",0.118469064308843,-0.356871777640378,0
2.5578231292517,1.49135487528345,1.06646825396825,4.18700396825397,-0.432584961271892,-2.09142092353962,"Engineering",1.45049992157782,-0.775286972965273,0
1.296918767507,0.66281512605042,0.634103641456583,3.20420168067227,-1.00413157857504,-1.19345279302756,"Health",-0.947814246740409,0.43848305428916,0
1.05873015873016,0.177579365079365,0.881150793650794,1.28015873015873,-1.01039173952226,-1.98899508655868,"Mathematical Sciences",-0.378888286172899,-0.755281115229622,0
1.98497574955908,1.37557319223986,0.609402557319224,6.38859126984127,-1.03229880594064,-0.583786081512983,"Medical Sciences",-0.90277917504895,-0.317700416626807,0
1.5812074829932,0.845804988662131,0.735402494331066,5.31051587301587,-0.87072796977964,-1.80311252650204,"Psychological Sciences",-0.466354078381713,-0.30197765580475,0
0.613095238095238,0.0476190476190476,0.56547619047619,0.952380952380952,-0.999774544730691,-1.81890791274361,"Sociology",-0.801174551062187,-0.717139866131979,0
0,0,0,1,-0.774805186966217,-1.76022546344862,"Chemical Sciences",0.129983489330108,-0.552050877500387,0
0,0,0,2,0.246318498738904,-0.96337324251763,"Computational Sciences",-0.305775787415273,-0.466660021311633,0
0,0,0,0.375,-0.398364285954247,-0.649051114711067,"Engineering",-0.560185573424537,2.00327049394808,0
1.80006400409626,1.02297747055812,0.777086533538146,4.73906810035842,0.0624414217393824,-0.37948021469288,"Biological Sciences",0.371976717884466,-0.835768883546893,0
0.435827664399093,0.0476190476190476,0.388208616780045,0.942403628117914,-0.866040974717736,-1.41426384158879,"Economics",-0.307849712540577,-0.954607770961656,0
1.09259259259259,0.078042328042328,1.01455026455026,1.31635802469136,-1.01651243132117,-1.02537274113767,"Health",-0.912976474057716,-0.455274573819799,0
0.716455026455026,0.244232804232804,0.472222222222222,1.44661375661376,-0.874834014639759,-1.57566097202554,"Mathematical Sciences",-0.44275830393093,-0.794560909076449,0
0.950680272108844,0.125,0.825680272108844,1.96173469387755,-0.658959774757711,-1.76006569718711,"Physical Sciences",-0.425034219547152,-0.81310292356315,0
0.543452380952381,0.0666666666666667,0.476785714285714,0.778571428571429,0.180085380976313,-1.44913012063784,"Political Science",0.901684386617918,-1.05585692901404,0
1.24556277056277,0.511525974025974,0.734036796536797,2.97792207792208,-0.602011823398999,-1.98914707556936,"Psychological Sciences",-0.139765005654917,-0.819867653728752,0
1.34112903225806,0.81721198156682,0.523917050691244,4.12867895545315,1.44570586594688,-0.474356413187124,"Agriculture",-0.208600448201584,-0.457294572568351,0
0.725396825396825,0.104761904761905,0.620634920634921,0.93015873015873,-0.993828766217635,-1.33690275679832,"Anthropology",-0.411092653933752,-0.711447142386062,0
0.713492063492064,0.307142857142857,0.406349206349206,2.81269841269841,-1.01638669130926,-1.06956540604602,"Architecture, Design, Planning",-0.942305581003315,0.098058174283327,0
1.53139374797538,0.832604470359572,0.698789277615808,4.19082037576936,-0.554868879186475,0.499328274643354,"Biological Sciences",-0.695353675743175,1.56215701491178,0
2.79000814000814,2.12860195360195,0.661406186406186,8.4505698005698,0.315035908509723,0.0170144294854593,"Chemical Sciences",0.588081482380819,-0.658898923192982,0
1.90990338164251,0.968092937658155,0.941810443984357,4.28269496204279,0.70693973273524,-1.10909443365101,"Earth Sciences",0.655781754205648,-1.03296227916633,0
0.762806637806638,0.144480519480519,0.618326118326118,1.1038961038961,-0.490123407684222,-0.918262904149019,"Economics",0.463147014045471,-1.02713455011418,0
2.93066289357273,1.74747267759563,1.1831902159771,6.0316029143898,-0.2084068801903,-0.61006814690489,"Engineering",-0.494423211813654,0.0564639616020946,0
2.36708553791887,1.44854497354497,0.918540564373898,4.24740593768372,-0.237607507558571,0.0578098154860563,"Health",0.0674183816672953,-0.547306941045457,0
1.58046461640212,0.641856812169312,0.938607804232804,2.33946759259259,-0.425623910615207,-0.375023782191175,"Mathematical Sciences",2.01354026271569,-1.03130705785977,0
1.03026315789474,0.674091478696742,0.356171679197995,10.6910401002506,0.277495567978755,-0.843965953741952,"Physical Sciences",-0.213275252829362,-0.427110572129473,0
1.39090136054422,1.00841836734694,0.382482993197279,2.54209183673469,0.0556837062852592,-0.325817339984848,"Political Science",1.13007605845979,-1.06683575338116,0
2.11041877744005,1.14788078351908,0.962537993920973,5.17549814251942,0.155103929179915,0.382793425038922,"Psychological Sciences",-0.383758385428308,-0.730099896787577,0
1.82537792894936,0.908427815570673,0.916950113378685,2.87721088435374,0.360593529093625,-0.303720862163894,"Sociology",1.21836727329776,-1.10424508085433,0
1.45902457757296,1.06376088069636,0.3952636968766,7.69579493087558,-0.569350556525498,-1.21283309251172,"Biological Sciences",-0.957026677132006,0.134105970132472,0
2.51251984126984,2.01215277777778,0.500367063492064,8.66654761904762,-0.166591204105304,-0.531976459783483,"Medical Sciences",-0.737033516143394,-0.462390478502196,0
1.68032212885154,0.32703081232493,1.35329131652661,1.77602707749767,-0.165407803044158,-1.01684694140413,"Anthropology",0.754489705777577,-1.05836842478429,0
1.69173015873016,1.34250793650794,0.349222222222222,6.1302380952381,1.06986746968455,-1.36528326501882,"Chemical Sciences",0.638117569454835,-1.03980344805055,0
2.07376700680272,1.33955370026799,0.734213306534735,3.67138991960421,0.0710326182140269,-1.52406070290107,"Computational Sciences",2.07179359115779,-1.1101411161626,0
1.45455812955813,0.857786357786358,0.596771771771772,3.83734448734449,-0.171537984689054,-0.980406341063572,"Engineering",-0.0564742911975573,-0.849764943671989,0
0.900595238095238,0.321577380952381,0.579017857142857,2.71820436507937,-0.687501603560145,-0.875968250568884,"Health",0.14237079436836,-0.780471417805304,0
1.16333333333333,0.233492063492063,0.92984126984127,1.24305555555556,-1.03054812475365,-2.14645570161893,"Mathematical Sciences",0.662162783279524,-0.866289228275002,0
1.59202380952381,0.654761904761905,0.937261904761905,3.23821428571429,-0.450164525150392,-0.785491502032687,"Physical Sciences",-0.325422869146725,-0.927770644730905,0
0.795811287477954,0.176146384479718,0.619664902998236,1.4799823633157,-0.611136824800042,-1.59253175221057,"Political Science",0.219128710237071,-0.747501059443536,0
2.12083333333333,1.12632275132275,0.994510582010582,5.4182208994709,0.0344326187195905,-1.15199160476644,"Psychological Sciences",0.13595590535192,-0.675156028505841,0
0.947954822954823,0.259004884004884,0.688949938949939,1.81456043956044,-0.23446516298035,-1.61688297266631,"Sociology",0.453449165981968,-0.961926987206407,0
1.31082251082251,0.282683982683983,1.02813852813853,1.90865800865801,-0.859496999205495,-1.59876660575721,"Anthropology",-0.531751240838961,-0.317614163236717,0
1.62872405372405,1.10889041514042,0.519833638583639,6.91629273504273,-0.682998502770962,-0.667365754303025,"Biological Sciences",-0.644776664768945,-0.463704183982023,0
1.71699735449735,1.26915784832451,0.44783950617284,6.14810405643739,-0.682677787651017,-1.48047473956084,"Chemical Sciences",-0.178224293824062,-0.233258347729039,0
1.03107902735562,0.518785883147585,0.512293144208038,3.02630867950017,0.0313924326219766,-0.972211058058865,"Earth Sciences",-0.00708122534087883,-0.707571245367565,0
2.50709945436508,1.8156746031746,0.691424851190476,6.06873139880952,-0.611814351936693,-1.23379563180372,"Engineering",-0.669893433844347,0.204725585472446,0
1.2,0,1.2,1.03333333333333,-0.156930543396965,-1.01892522591968,"Geography",0.185998144364489,-1.06439601463291,0
1.70833333333333,0.667250233426704,1.04108309990663,3.02579365079365,-0.967786517235318,-1.30550616095416,"Health",0.479226362334718,-0.761007325585809,0
0.838565549676661,0.556025867136978,0.282539682539683,3.58963844797178,1.13971640547278,-0.88294892154813,"Physical Sciences",0.186994795424549,-1.00999887661637,0
1.05277777777778,0.263888888888889,0.788888888888889,1.04305555555556,-0.729970591155754,-1.99883637499995,"Political Science",-0.15453380813553,-0.853053645565745,0
1.65160256410256,0.991651404151404,0.65995115995116,4.61387362637363,-0.374832254078755,-0.19081310125197,"Psychological Sciences",-0.464288319822772,-0.700499596720837,0
1.11875,0.444196428571429,0.674553571428571,2.32232142857143,-0.936318413770643,-1.84416103025327,"Sociology",-0.625116495512639,-0.8253016173044,0
1.22320693709583,0.690358612580835,0.532848324514991,3.52729276895944,-0.565490009692063,-0.682517624808822,"Biological Sciences",-0.437192946677402,-0.759519031796027,0
0.834077380952381,0.534598214285714,0.299479166666667,3.55059523809524,0.137048695969225,-0.822237742177854,"Chemical Sciences",1.14359984760805,-1.00782457240786,0
0.831179138321996,0.548015873015873,0.283163265306122,2.83310657596372,-0.297662175781128,-1.83153447149844,"Computational Sciences",0.437365994694906,-0.886295086010653,0
1.59332135369871,0.692228212039533,0.901093141659179,3.82571129080563,-0.553364035401166,-1.40567508076732,"Earth Sciences",-0.576902785068995,-0.339057081497495,0
0.658174603174603,0.137936507936508,0.520238095238095,1.07907407407407,-0.851967104829415,-1.9338838712876,"Economics",0.0967410467151468,-0.780898372086248,0
1.47830215419501,1.04445861678005,0.433843537414966,3.43832908163265,-0.910032929372864,-1.56515085815623,"Engineering",-0.830063295516116,0.475384102856443,0
0.477513227513228,0.124338624338624,0.353174603174603,1.23412698412698,-1.0291660884474,-2.08987973644031,"Health",-0.964736472052597,2.59033263024576,0
1.05133928571429,0.267113095238095,0.78422619047619,1.42881944444444,0.183133311149506,-0.414388935956236,"Mathematical Sciences",2.24091393276866,-1.1199000711556,0
1.84531440781441,1.48237179487179,0.362942612942613,7.15979853479853,-0.168554208970765,-0.532102211292536,"Physical Sciences",-0.618375871861553,0.0424008521213237,0
0.576298701298701,0.025974025974026,0.550324675324675,0.545995670995671,-1.03448715742439,-1.80763419956965,"Political Science",-0.194465706156785,-0.685571125359166,0
1.83426704014939,0.878734827264239,0.955532212885154,3.58426704014939,-0.807035250550454,-0.283830375785628,"Psychological Sciences",0.527996351563829,-0.979005158444158,0
1.98678266178266,1.17356532356532,0.813217338217338,2.66159951159951,-0.715759022661606,-0.707770742318484,"Sociology",0.188088041543731,-0.809537151546476,0
1.41358225108225,0.382467532467532,1.03111471861472,2.03338744588745,-0.605716468271143,-1.30780677358067,"Anthropology",0.351956363062546,-0.345560261625764,0
0.31547619047619,0,0.31547619047619,0.617063492063492,-0.689908221179999,-1.5068693914361,"Architecture, Design, Planning",1.59050340217339,-0.963350168142886,0
1.26667254556143,0.716763668430335,0.549908877131099,4.63517342739565,-0.482361235969429,-2.15224906387115,"Biological Sciences",-0.130361972175551,0.145244528888372,0
3.30055555555556,2.05323412698413,1.24732142857143,8.13390873015873,-0.0708845255270708,-1.94124063772894,"Chemical Sciences",0.0138334265817095,-0.668182441917093,0
2.17742833451789,1.47377398720682,0.703654347311064,6.70506396588486,0.890616884536269,-1.36128047246717,"Computational Sciences",0.530232056695718,-0.819948757662717,0
1.79284434203789,1.03695596518177,0.755888376856119,4.15824372759857,0.756923882567021,-1.63381404008756,"Earth Sciences",0.933329762441795,-1.0407069383999,0
1.18042328042328,0.502645502645503,0.677777777777778,2.66349206349206,-0.0121514238782423,-1.86302659451049,"Economics",1.95362191827881,-1.10424508085433,0
1.83245464852608,1.07490079365079,0.757553854875283,3.99632936507937,0.474169165381986,-1.66260827767167,"Engineering",-0.0379163559765469,-0.825911551991463,0
1.2552380952381,0.337619047619048,0.917619047619048,1.77666666666667,-0.675868894997348,-2.16613827850146,"Geography",-0.14359996566554,-0.965342621453957,0
1.19834656084656,0.410846560846561,0.7875,3.02156084656085,-1.01848313378761,-2.29531091097239,"Health",0.0986775483049311,-0.752244995898466,0
1.3671768707483,0.471641156462585,0.895535714285714,1.84297052154195,-0.56628680279392,-1.31978747255264,"Mathematical Sciences",0.323587331792113,-0.77467703827821,0
2.16666666666667,1.42857142857143,0.738095238095238,8.88095238095238,-0.932056808138485,-2.26759878772173,"Medical Sciences",-0.999854647060915,-0.705754418640145,0
1.3519681013431,0.875931013431013,0.476037087912088,5.11985042735043,0.726795414403627,-0.824474469838864,"Physical Sciences",0.23224359765595,-0.593038488470989,0
0.81292735042735,0.190018315018315,0.622909035409035,1.59262820512821,-0.579719692876869,-1.73593338378329,"Political Science",1.67054286488554,-0.915947295412462,0
1.92619047619048,0.977671485260771,0.948518990929705,5.02534722222222,-0.552352246011404,-1.8961298010357,"Psychological Sciences",-0.604004290057918,-0.812492988876087,0
1.01465919701214,0.38608776844071,0.628571428571429,1.69075630252101,-0.850179129971847,-1.01080815243443,"Sociology",0.388261994539022,-0.872517737785241,0
1.2610119047619,0.765178571428571,0.495833333333333,2.96666666666667,-0.603933383982451,0.0447721594694402,"Biological Sciences",-0.838220289813222,-0.707177599576624,0
1.82367724867725,1.25899470899471,0.56468253968254,8.41838624338624,0.945796793333895,-0.970341066589027,"Chemical Sciences",0.822817732817836,-0.997980904263881,0
0.993990929705215,0.710374149659864,0.283616780045351,4.0421201814059,-0.54297690084007,-1.0538067038698,"Computational Sciences",0.348962689762623,-0.908252734744904,0
0.926190476190476,0.623809523809524,0.302380952380952,2.39285714285714,-0.336663402088985,-2.36385870991234,"Earth Sciences",-0.103777465039563,-0.996083329681908,0
2.26565806878307,0.961028439153439,1.30462962962963,2.72779431216931,-0.718908652733178,-2.24735279476433,"Engineering",-0.444790029187138,-0.663058990545768,0
0.410714285714286,0.0684523809523809,0.342261904761905,0.830357142857143,-0.955769529466548,-1.92994735591109,"Mathematical Sciences",-0.414516876365116,-0.47235274505755,0
0.671825396825397,0.0737577639751553,0.598067632850242,1.04844720496894,-0.199541411763639,0.437952219478568,"Anthropology",1.47405670124267,-1.00647873826141,0
1.65234136477558,1.01271986785145,0.639621496924129,5.97958314346472,-0.400296138648084,0.605391368183935,"Biological Sciences",-0.738024625146326,1.23715721498934,0
4.28769841269841,3.68922902494331,0.598469387755102,13.5352040816327,2.55452302714053,0.773986976475898,"Chemical Sciences",0.927961328078704,-0.8204221398079,0
2.42669413919414,1.58282967032967,0.843864468864469,7.33950702075702,1.12729596239938,1.06233629177093,"Computational Sciences",0.0604594272950899,-0.424293019587213,0
2.28993055555556,1.53943452380952,0.750496031746032,7.91342120181406,-0.11905616445667,0.579133865318775,"Earth Sciences",-0.605745520572678,-0.068677638003333,0
0.675656288156288,0.0477716727716728,0.627884615384615,1.22416056166056,0.339891498579218,0.664216277206441,"Economics",2.22163177061508,-1.0735919529917,0
1.27733426704015,0.338095238095238,0.939239028944911,3.23625116713352,0.027493030995526,0.558492721380277,"Geography",0.250353058379107,-0.879549925941962,0
1.95421138825901,0.95652557319224,0.997685815066767,4.80906651549509,-0.858237949408926,0.543374409834625,"Health",-0.548202187625722,2.58876035416356,0
2.43670190920191,0.923341750841751,1.51336015836016,5.49493904243904,-0.585774999770274,1.14053463776368,"Mathematical Sciences",-0.547770506734428,0.605469617502723,0
2.49038942479457,1.54586969836166,0.94451972643291,9.16111111111111,-0.85568618868717,-0.143404296812234,"Medical Sciences",-0.977797667238646,0.85555286313391,0
1.15547619047619,0.329656084656085,0.825820105820106,2.23451058201058,0.198740736172153,1.21146618841582,"Sociology",0.970359650243481,-0.915246652489888,0
0.587037037037037,0,0.587037037037037,0.794444444444445,-0.868005601443782,-1.62786258897486,"Anthropology",-0.696299650679613,-0.785452551082982,0
0.166666666666667,0.166666666666667,0,0.75,-0.726781665488934,-1.3876046681479,"Architecture, Design, Planning",-0.371716487339235,-0.944848815968656,0
1.45578231292517,0.957528344671202,0.498253968253968,4.88349206349206,-0.125020881144748,-2.06133784083636,"Biological Sciences",0.0536097511510894,-0.902397361749104,0
0.872642390289449,0.718347338935574,0.154295051353875,5.58137254901961,-0.938459062661811,-2.05643211227096,"Chemical Sciences",-0.954286551348667,-1.04229485185465,0
2.81682127396413,1.84217171717172,0.974649556792414,6.17967944753659,0.665068526642266,-1.84962116376887,"Computational Sciences",2.17965701925855,-0.756988932353397,0
0.754047619047619,0.183174603174603,0.570873015873016,1.42100529100529,-1.02423937181514,-2.193693886137,"Economics",0.303685524759658,-0.928909189480089,0
1.37166666666667,0.745368480725624,0.626298185941043,3.1721768707483,-0.171591827053874,-2.16938685915197,"Engineering",0.425893837110485,-0.377365583125679,0
1.52112462006079,0.797517730496454,0.723606889564336,3.69559270516717,-0.923234893696169,-2.1645819817247,"Health",-0.428266918192826,0.231364807363246,0
1.75928932178932,1.27317821067821,0.486111111111111,4.40367965367965,-0.0722242821766274,-2.03294647183035,"Physical Sciences",-0.106507303461301,-0.745344724691294,0
0.631746031746032,0.0816326530612245,0.550113378684807,1.13231292517007,-0.190015167105434,-2.19003855043025,"Political Science",0.0851238089986043,-0.786265797332398,0
1.39102564102564,0.769230769230769,0.621794871794872,4.6025641025641,-0.633262704866094,-1.7876096474131,"Psychological Sciences",-0.491884674986397,-1.03155337763724,0
1.23330026455026,0.554232804232804,0.67906746031746,2.86590608465608,0.20684240548209,-1.91992038278226,"Sociology",0.60657183439062,-1.03095126262565,0
1.36153711484594,0.768143090569561,0.593394024276377,3.89189425770308,-0.917513746116225,-0.651861514715698,"Health",-0.0689756476103248,-0.0987258909689135,0
2.64415784832451,1.42482363315697,1.21933421516755,4.51278659611993,1.28460577031608,0.692851006817783,"Psychological Sciences",0.401704741097165,-1.08242297316165,0
1.20121136173768,0.775522138680033,0.425689223057644,6.07539682539683,-0.86724217056568,-1.66260827767167,"Physical Sciences",0.0089907145827393,-0.661710713869103,0
1.2851746031746,0.221936507936508,1.0632380952381,1.96871428571429,-0.348767037806587,-1.11452631363482,"Political Science",1.99987811238591,-0.951680084463756,0
2.88564814814815,1.45299272486772,1.43265542328042,5.79041005291005,-0.322260488627259,-1.36903191201164,"Psychological Sciences",-0.103073119053357,-0.832417521986797,0
0.826923076923077,0.289529914529915,0.537393162393162,1.66010378510379,-0.982170652116013,-2.07143908784023,"Sociology",-0.385904322264394,-0.428562562396651,0
3.33294187044187,2.50184202059202,0.83109984984985,8.34349528099528,1.77475559287577,0.422980499958804,"Engineering",0.34070027691623,-0.653712153584566,1
1.16734126984127,0.304751984126984,0.862589285714286,1.68917658730159,2.29122072814152,0.7665656769956,"Mathematical Sciences",2.72548323303383,-1.14295560232657,1
0.968716931216931,0.228637566137566,0.740079365079365,1.78989748677249,0.403748923813549,0.226594605539006,"Sociology",0.37735007254404,-0.945560406436896,1
0.578950216450216,0.12987012987013,0.449080086580087,1.84794372294372,0.0694110501879075,-0.784079075662898,"Anthropology",-0.0736374051518689,-0.978228877933351,0
1.60395794681509,1.13900742115028,0.464950525664811,5.05741084312513,-0.968047463795738,-0.530998919750851,"Biological Sciences",-0.998766447835055,0.067199175691824,0
3.75518207282913,2.49985994397759,1.25532212885154,10.2312091503268,0.0362726649346205,-0.180456669729438,"Chemical Sciences",0.259222148811071,-0.552050877500387,0
1.98299319727891,0.781179138321995,1.20181405895692,3.24943310657596,-0.189678682001597,-0.420772474404624,"Computational Sciences",-0.0939839865976539,-0.432503678836132,0
0.814052287581699,0.0954481792717087,0.718604108309991,1.31993464052288,-1.03448715742439,-1.0363583654442,"Economics",0.765364469271595,-0.946858012584862,0
2.3167148483325,1.48423501879384,0.832479829538653,5.11825067633891,0.192664252380828,-0.20074698494003,"Engineering",-0.342350490727396,-0.145021129667326,0
0.0714285714285714,0,0.0714285714285714,0.392857142857143,2.06017420954862,0.271689458234831,"Geography",1.29254839683305,-1.13270869958392,0
1.21282051282051,1.10384615384615,0.108974358974359,5.55897435897436,-1.02259818779168,-0.427754778862513,"Health",-0.463959334404521,0.148154143247396,0
0.914583333333333,0.211210317460317,0.703373015873016,1.34107142857143,-0.949244566784784,-0.670262435429134,"Mathematical Sciences",0.946670199538701,-0.855662810615957,0
0.104166666666667,0.0416666666666667,0.0625,1.6875,-1.02523438431942,-0.402452405459734,"Medical Sciences",-0.276143442804997,-0.526433620643761,0
1.3951746031746,0.923888888888889,0.471285714285714,3.8085,-0.457743061842051,-0.766000018129598,"Physical Sciences",-0.42255854329952,-0.244643795220873,0
1.15745341614907,0.317339544513458,0.840113871635611,1.61242236024845,-0.106213603804305,-0.756022234703017,"Political Science",1.3306485794784,-0.8267866756729,0
1.72726017943409,0.955831608005521,0.771428571428571,4.3054347826087,-0.524564049278455,-0.516373562119773,"Psychological Sciences",-0.195603736634186,-0.0463885030261132,0
0.775255102040816,0.0968820861678004,0.678373015873016,1.09909297052154,-0.834407524777639,-0.859289447376456,"Sociology",0.797703816271765,-1.03633901902804,0
0.85,0.15,0.7,1.325,-0.807618480738993,0.0435720113105651,"Architecture, Design, Planning",-0.99366138692489,-0.678429344659743,0
1.61546451914099,1.13230625583567,0.483158263305322,7.42196545284781,0.402831392280951,1.3175292819564,"Biological Sciences",0.223002276022185,-0.663058990545768,0
2.79186507936508,2.13463203463203,0.657233044733045,9.16323953823954,1.8363700515982,1.0372817754291,"Chemical Sciences",1.53930712656746,-0.983662841508999,0
1.74037037037037,1.21833333333333,0.522037037037037,4.86240740740741,-0.0353852912502833,0.537822215928353,"Computational Sciences",0.808013587966637,-0.891337212757037,0
2.29749827467219,0.891821946169772,1.40567632850242,3.61906487232574,-0.0637734834154813,0.875714512435088,"Earth Sciences",-0.073864135031028,-0.759959049090397,0
0.995297619047619,0.165833333333333,0.829464285714286,1.38464285714286,-1.00627486340411,-0.209690136377918,"Economics",0.874346561888713,-0.887636942322191,0
2.02988505747126,0.908045977011494,1.12183908045977,4.05287356321839,-0.949812416967385,0.9355611975777,"Health",0.814182936890119,-0.814701373087865,0
2.38503821281599,1.24753086419753,1.13750734861846,4.42397119341564,-0.80741892919729,0.987405709507701,"Psychological Sciences",0.111642915488595,-0.813916169812566,0
1.01293650793651,0.100079365079365,0.912857142857143,0.993015873015873,-1.01735100445571,0.403366428106639,"Sociology",1.61247298084947,-1.0584186546997,0
0.853253968253968,0.196269841269841,0.656984126984127,1.69058201058201,1.92233882711627,1.28173573279053,"Anthropology",1.00041414537965,-1.07578146212475,1
0.803921568627451,0.0313725490196078,0.772549019607843,0.850980392156863,-0.759695822760104,1.23621924419262,"Architecture, Design, Planning",-0.84722947749193,-0.414420909290278,1
2.46062152133581,1.36648886827458,1.09413265306122,9.20642006802721,-0.027518257943381,1.12055496538104,"Biological Sciences",-0.735979172171402,0.172662427945727,1
4.76056878306878,3.90265873015873,0.857910052910053,14.0424603174603,3.26432180094483,1.18538509984027,"Chemical Sciences",-0.426051349643949,-0.963634804330182,1
3.21259035577217,2.11848193893648,1.09410841683569,8.46747915384279,1.19400119977128,1.3698100603683,"Computational Sciences",-0.808303977502853,-0.851177634331295,1
2.90909090909091,0.924242424242424,1.98484848484848,2.76515151515152,0.44365025284191,1.14948126361938,"Earth Sciences",-0.476009261292625,-0.992978207638681,1
1.00044642857143,0.215343915343915,0.785102513227513,1.27202380952381,1.07805440582101,1.30193176820043,"Economics",1.93986959187131,-1.01244991045142,1
4.86207591020091,3.57526091963592,1.28681499056499,10.1150502622378,1.53460795147336,1.31958875950088,"Engineering",-0.999854647060915,-0.850278442739611,1
1.8607502120895,0.673956846724704,1.18679336536479,2.72593160807447,-0.482830330978302,1.43980135324737,"Health",-0.999854647060915,-0.139735029046118,1
2.27002667441971,1.11522807743096,1.15479859698875,4.26443580000456,0.0860314230193411,0.845295984525723,"Mathematical Sciences",-0.158403943752387,-0.392011885740174,1
1.8002628968254,1.03861111111111,0.761651785714286,7.63431051587302,-0.864832099962051,0.219263055294265,"Medical Sciences",-0.999854647060915,0.944637354348,1
2.2202380952381,1.41251240079365,0.807725694444444,12.2489459325397,1.99952433583367,1.2806057916947,"Physical Sciences",0.138569501406614,-0.885075216636528,1
3.22843915343915,1.5542328042328,1.67420634920635,6.95435405643739,0.886936730133035,1.43698920308705,"Psychological Sciences",-0.0632662201927291,-0.821506468140456,1
1.57416666666667,0.27797619047619,1.29619047619048,1.87920634920635,0.903933914037656,1.13570683588683,"Sociology",-0.771243810082775,-0.700630967268819,1
0,0,0,0.238095238095238,0.495953002543205,0.554336152349184,"Anthropology",0.693872628829495,-0.910692473493154,0
1.63001888506407,1.00668626888506,0.623332616179002,7.39799196787149,-0.527464500428497,-0.212809639129111,"Biological Sciences",-0.864688473586476,1.69568337070672,0
3.49099099099099,2.77464607464607,0.716344916344916,11.653667953668,1.27627442686003,0.922090300887071,"Chemical Sciences",0.421048212089019,-0.464352160333559,0
3.47041666666667,2.1109126984127,1.35950396825397,6.20339285714286,0.473403655663219,0.827209292255289,"Computational Sciences",1.25030907275443,-0.354797999704365,0
2.76114841948175,1.76652421652422,0.994624202957536,5.98506647673314,0.582894235266149,0.306031596540272,"Engineering",0.676877837249185,-0.63233287904537,0
1.78967508756241,1.01313063566585,0.776544451896565,5.96712310902452,-0.67663101838187,0.916885636256601,"Health",-0.530521746039931,1.9895498270323,0
0,0,0,0.166666666666667,0.167741963340554,0.648470215700417,"Mathematical Sciences",0.42474074387047,-0.654519904926892,0
2.37589336589337,1.40479853479853,0.971094831094831,8.4758892958893,0.735430948851329,-0.324737972865483,"Medical Sciences",-0.986999402308059,-0.25033651896679,0
0,0,0,1.83333333333333,1.40291027623416,0.267048628734095,"Physical Sciences",0.564953870959635,-0.893614302255404,0
0.732993197278912,0.157596371882086,0.575396825396825,0.946201814058957,0.0600342000833653,0.176088370519682,"Political Science",1.94919299006976,-0.421118231344298,0
3.8,1.6,2.2,5.4,0.157924430351329,0.770365402262498,"Psychological Sciences",-0.146781816845636,-0.733079492620546,0
1.5,1,0.5,5.80952380952381,-0.715662093397155,-1.18734396455805,"Agriculture",-0.624919038128637,0.101799107030644,0
1.47359239293202,0.985474693021863,0.488117699910153,4.32160077867625,-0.552623068733062,-1.01585877593636,"Biological Sciences",-0.414337476923219,0.0244179591852015,0
2.53866213151927,2.11721466364324,0.421447467876039,7.75007558578987,-0.726526842311546,-0.789325892308704,"Chemical Sciences",-0.325015178381403,-0.249523272717373,0
1.42135416666667,0.614583333333333,0.806770833333333,4.68385416666667,-0.983587263909766,-0.0824691167099245,"Earth Sciences",-0.915970771856429,0.297588141577716,0
1.28333333333333,0.980952380952381,0.302380952380952,2.6983630952381,-0.530536459956294,0.0721337897032102,"Engineering",-0.387347232121205,-0.554185648905106,0
0.481547619047619,0.165343915343915,0.316203703703704,1.39186507936508,-0.986640071277568,-1.33947004943517,"Mathematical Sciences",-0.493097061118906,-0.47306433552579,0
2.07282430213465,1.58641215106732,0.486412151067323,6.9811986863711,-0.716354422274569,-0.480166838053984,"Medical Sciences",-0.75281750235153,0.204688779068916,0
0.549823633156966,0.447971781305115,0.101851851851852,2.38492063492063,-0.852812583298856,-0.00583214590914471,"Physical Sciences",-0.191393964566004,-0.840482213960179,0
1.29438095238095,0.924904761904762,0.36947619047619,6.90690476190476,1.092887024536,-0.562882199386602,"Psychological Sciences",1.86055426485177,-1.12860993848685,0
1.78911027568922,1.18084377610693,0.608266499582289,5.94848370927318,-0.67867105480738,0.817517555265095,"Biological Sciences",-0.716089383991428,0.96467049863544,1
2.15842592592593,1.71712962962963,0.441296296296296,7.27966931216931,0.259632292593278,0.889178451017922,"Chemical Sciences",-0.363029379975583,-0.0812626237130565,1
2.95851370851371,2.07270923520924,0.885804473304473,7.31709054834055,0.260971825874527,0.93572944587789,"Computational Sciences",-0.0197018587941764,-0.788816433296478,1
1.18981481481481,0.49537037037037,0.694444444444444,2.55092592592593,-0.793111770858555,0.305367114134486,"Earth Sciences",-0.287249564029094,-0.834789490214262,1
0.778703703703704,0.0716269841269841,0.70707671957672,1.2287037037037,-1.03448715742439,1.2783126759414,"Economics",0.474325946419139,-0.611824476832515,1
0.746125116713352,0.434733893557423,0.311391223155929,2.42619047619048,-0.257620330788158,0.656878306795866,"Engineering",-0.210940274798101,0.304871479311462,1
1.44067180862956,0.813285267158507,0.627386541471049,4.42042812430136,-0.837853262966196,0.46867216455023,"Health",-0.577295519727832,-0.270862396135166,1
0.951228269085412,0.176209372637944,0.775018896447468,1.47575585789872,-0.967713773747686,0.333548985579927,"Mathematical Sciences",0.0203329462835713,-0.667531844917559,1
1.40290178571429,0.933271329365079,0.469630456349206,4.26455853174603,-0.855976018496642,0.322882298753265,"Medical Sciences",-0.26326550195944,-0.2307677810902,1
1.96864035087719,1.20166040100251,0.766979949874687,6.85711152882206,1.89949070134765,1.24162282388852,"Physical Sciences",0.707248729930303,-0.703507290845704,1
0.526190476190476,0.0523809523809524,0.473809523809524,0.991666666666667,0.311385808181245,1.34720169503025,"Political Science",-0.999854647060915,-0.807084901317466,1
4.35,2.2,2.15,5.15,-0.75710057446772,1.17344025857502,"Psychological Sciences",-0.113705107084879,-0.736495126868096,1
0.728401360544218,0.200963718820862,0.527437641723356,2.42091836734694,-0.984545557995289,-0.0542435524405367,"Health",0.470022370365104,-0.817169154810233,1
0.521726190476191,0.521726190476191,0,4.2702380952381,-0.490374187572406,0.0951609381282537,"Health",-0.897414650235441,-1.06012647182347,0
0.272108843537415,0.0285714285714286,0.243537414965986,0.235374149659864,-0.851471944965616,-1.42419070645128,"Anthropology",-0.189790630839999,-0.876536131017653,0
0.80199504878404,0.511336828309305,0.290658220474734,1.70603611475171,0.0710664862890698,-0.440087696716068,"Biological Sciences",-0.032789354047872,-0.560824983824369,0
1.00448179271709,0.728291316526611,0.276190476190476,1.67418300653595,0.362987108958469,-0.526031093355508,"Chemical Sciences",0.409200761011956,-0.369213985425643,0
1.33333333333333,0.666666666666667,0.666666666666667,2.33333333333333,-0.658007002638583,-0.710159550731561,"Computational Sciences",-0.0939839865976539,-0.893614302255404,0
0.282539682539683,0.1,0.182539682539683,0.485714285714286,-0.476891241569904,0.168483738542341,"Earth Sciences",0.0470662062466867,-0.731371675496771,0
1.41500496031746,1.00865079365079,0.406354166666667,3.0002380952381,0.305707927963121,-0.785491502032687,"Engineering",0.416810714135996,-0.239733820990019,0
0.306122448979592,0.122448979591837,0.183673469387755,0.755102040816326,0.0052028324842667,0.0326867389469591,"Geography",1.00859951719267,-1.04487810464691,0
1.53848614072495,0.889427860696517,0.649058280028429,2.22645700071073,-0.348458285760702,0.375294357944736,"Health",-0.117244859692238,-0.444993684666726,0
0.586149825783972,0.163908246225319,0.422241579558653,0.644831591173055,-0.496205832194225,-0.434071512838767,"Mathematical Sciences",1.33927513754529,-0.989418677491567,0
1.10833333333333,0.161111111111111,0.947222222222222,1.03888888888889,-0.495077979638353,-1.76840167772428,"Sociology",0.10122842507785,-0.961926987206407,0
1.25178571428571,0.610193452380952,0.641592261904762,2.95803571428571,0.185630437615639,-1.10676999897114,"Biological Sciences",0.103140388865879,-1.02490274364561,0
2.53869047619048,2.15416666666667,0.384523809523809,9.82321428571429,0.459459025083406,-1.61212213903744,"Chemical Sciences",-0.791538809811679,-0.897029936502954,0
0.75,0.625,0.125,3,-0.700852287037081,-1.18041354976283,"Computational Sciences",-0.682020108489394,-0.91923155911203,0
0.404761904761905,0.166666666666667,0.238095238095238,0.904761904761905,-0.533343588173138,-2.33344018200297,"Political Science",0.139866478279335,-1.01316150091966,0
1.72280701754386,0.66265664160401,1.06015037593985,2.7656015037594,-0.109479073043314,-1.40003767018953,"Psychological Sciences",-0.604837882462695,-0.820807361715518,0
1.16116522366522,0.230790043290043,0.93037518037518,2.1239898989899,0.22446948407386,-1.88972643793375,"Anthropology",1.65158744820135,-0.794250396872126,0
1.4210758377425,1.12006172839506,0.301014109347443,7.17482363315697,-0.637933450160654,-0.985555034924765,"Biological Sciences",-0.418412195099774,-0.0112421216382782,0
2.98481912144703,2.31541159099299,0.669407530454042,10.5097914359542,0.381668288806574,-1.26654771541137,"Chemical Sciences",1.17947539199399,-0.714094920872535,0
2.1537037037037,1.13703703703704,1.01666666666667,4.5037037037037,-0.656791473310493,-0.673986166190693,"Computational Sciences",0.668260081931165,-0.8116390803142,0
0.34375,0.0654761904761905,0.27827380952381,1.15426587301587,-0.890473650464493,-1.31978747255264,"Economics",0.532325547035443,-0.922077920984988,0
3.18502567693744,2.21768790849673,0.96733776844071,6.63231792717087,0.229850763719015,-0.551593695195624,"Engineering",0.724751219709032,-0.00630284662343849,0
1.49432129173508,0.717166119321292,0.777155172413793,4.23402435686918,-1.00864415812312,-1.60431514209174,"Health",-0.169903397751163,1.38141403751371,0
1.65195054945055,0.993037240537241,0.658913308913309,5.2996916971917,-0.9354593620633,-1.85312181388573,"Medical Sciences",-0.969159892173704,-0.0486389376306864,0
2.65226757369614,2.10379818594104,0.548469387755102,7.05035430839002,0.725134690521732,-1.56515085815623,"Physical Sciences",0.825186535455626,-0.908252734744904,0
1.75087108013937,0.828735965931088,0.922135114208285,4.03953735965931,-0.0841230275291815,-0.206315980340913,"Psychological Sciences",0.0104711167935226,-0.710752907782901,0
0.989506172839506,0.238205467372134,0.751300705467372,1.4842151675485,-0.94542439545896,-1.89466726527259,"Sociology",0.0315442171194216,-0.791145274828899,0
1.82631208397337,1.30227427888718,0.524037805086192,6.67123442566991,-0.21868316617486,0.15083525301002,"Biological Sciences",-0.698310667541722,0.704847434723112,1
3.09395028451632,2.33228511530398,0.761665169212339,8.73387241689128,0.506837568912366,0.247397378569506,"Chemical Sciences",-0.160888300770088,0.130431512717655,1
2.81785714285714,1.50586611456177,1.31199102829538,6.23343685300207,0.762191169982492,1.12666736768735,"Earth Sciences",0.294013071517827,-0.897326948176654,1
0.63780470521542,0.183319160997732,0.454485544217687,1.15245890022676,0.684318097647818,0.00288169395341273,"Economics",1.95699653181361,-0.928075612074436,1
3.28921633070406,2.23097063978966,1.0582456909144,6.30927792384848,2.92375343646301,0.929759081439106,"Engineering",4.08495821963958,-0.840493855522031,1
1.62475656929438,0.924449779911965,0.70030678938242,4.72318594104308,-0.496504915479398,1.02893900418319,"Health",0.148352422011003,-0.626678180388038,1
1.80079365079365,0.755411255411255,1.0453823953824,2.31060606060606,-0.305620077134111,0.707517946348008,"Mathematical Sciences",1.55423802866481,-0.874466049655501,1
1.62978541433598,1.07044927606725,0.559336138268723,8.56925961055174,-0.822689042420462,0.400596731347515,"Medical Sciences",-0.999854647060915,0.171564670112628,1
1.39281537176274,0.949310776942356,0.443504594820384,4.38272765246449,1.6013768651792,0.910267597536017,"Physical Sciences",1.97942104163521,-1.08237303698844,1
0.856818181818182,0.0327380952380952,0.824080086580087,0.931601731601732,1.58877278692752,0.462891633665128,"Political Science",2.67054769797179,-0.559037402097649,1
2.24874686716792,1.0952380952381,1.15350877192982,5.08959899749373,0.439754227043349,1.0959258631303,"Psychological Sciences",0.412296700873659,-0.982600562915263,1
1.33092261904762,0.88360119047619,0.447321428571429,4.76321428571429,0.347025239001723,-1.74314856021462,"Biological Sciences",0.301322405460227,-0.867997045398777,0
0.770615079365079,0.494345238095238,0.276269841269841,2.62166666666667,0.592710462801182,-2.41030862415231,"Computational Sciences",-0.331577854391248,-0.82188598305685,0
2.5,0.625,1.875,2.75,-1.03448715742439,-2.34104481398031,"Earth Sciences",-0.232134929896367,-1.08147418587066,0
0.558333333333333,0.516666666666667,0.0416666666666667,3.26388888888889,0.103748126618268,-1.83803163279947,"Engineering",-0.61453241466227,-0.338573737028502,0
0.392328042328042,0.152380952380952,0.23994708994709,1.2707671957672,-0.575557290613034,-1.34285728359635,"Health",-0.0990523141012533,-0.25508045542172,0
0.74673721340388,0.241093474426808,0.505643738977072,1.30987654320988,-0.984102567753883,-2.48105950862195,"Mathematical Sciences",-0.129451660920625,-0.935360943058794,0
0.619047619047619,0.210884353741497,0.408163265306122,1.57142857142857,-0.946698349077505,-2.30582724647359,"Physical Sciences",-0.289116532064382,-0.910692473493154,0
0.464285714285714,0.0785714285714286,0.385714285714286,0.807142857142857,-0.214197337450592,-2.47684181357569,"Political Science",-0.340916789503626,-0.910692473493154,0
2.78891449052739,1.79806707629288,0.990847414234511,6.53722478238607,0.121354045616093,-1.38453479110058,"Psychological Sciences",0.545943845646437,-1.03905421215109,0
0.350446428571429,0.0870535714285714,0.263392857142857,0.919642857142857,-0.801521290614457,-1.97042661780158,"Sociology",-0.50552278543443,-0.731371675496771,0
1.77798696456415,1.21939602157723,0.558590942986916,8.20456337100632,-0.675027347372704,0.453872663125963,"Biological Sciences",-0.999854647060915,0.525363952263758,0
1.974142022636,1.11398407482745,0.86015794780855,7.12958152958153,0.467472299411318,-0.117499485947484,"Medical Sciences",-0.999854647060915,-0.0925863428751154,0
0.552836879432624,0.4,0.152836879432624,4.30577507598784,-0.846412300789622,-1.90493143561523,"Medical Sciences",-0.516906310546387,-0.977551697062221,1
0.371428571428571,0.2,0.171428571428571,2.32142857142857,-1.03448715742439,-0.717910990276032,"Psychological Sciences",-0.908647576421044,-0.979005158444158,1
1.04909361471861,0.773953823953824,0.275139790764791,4.9703869047619,0.079403088419554,-1.92497100628419,"Biological Sciences",0.505964320423044,-0.795220747510635,0
1.5312030075188,0.584273182957393,0.946929824561404,4.32241019214703,-0.479200156231184,-1.67944183195161,"Earth Sciences",0.0457966476828297,-1.07428337692845,0
1.82121381886088,1.21538281979458,0.605830999066293,4.14402427637722,-0.957405562574611,-1.4482019547377,"Engineering",-0.89641570021623,0.359521627272265,0
1.14071428571429,0.282301587301587,0.858412698412698,2.02055555555556,-0.184705084281817,-1.59253175221057,"Geography",-0.0332587983628773,-0.982420792691708,0
0.952380952380952,0.53968253968254,0.412698412698413,3.25396825396825,-0.815661938461001,0.0764853768071546,"Health",0.706758143040041,-1.08716690961658,0
1.01880341880342,0.2753663003663,0.743437118437118,1.51642246642247,-0.891609566164664,-1.73312158708579,"Mathematical Sciences",1.2097643225589,-1.03023967215741,0
1.34906204906205,0.920555555555556,0.428506493506494,6.42930735930736,-0.089553791302501,-1.38683521832023,"Medical Sciences",0.727664515529892,-1.03676042844819,0
0.892857142857143,0.182539682539683,0.71031746031746,0.977777777777778,-0.807700342627657,-2.24978923025221,"Earth Sciences",0.404480292518535,-0.927770644730905,1
1.44152917313295,0.976754517320555,0.464774655812392,5.92308371223466,0.45486795159479,0.802365684759297,"Biological Sciences",-0.415623478588928,-0.340131180317479,0
2.45116402116402,1.73140211640212,0.719761904761905,5.96448412698413,-0.0114610671739551,0.169591209218653,"Engineering",0.292651098866988,-0.206976939768722,0
1.35216727716728,0.37481684981685,0.977350427350427,2.02130647130647,0.873006288951648,0.176088370519682,"Geography",1.26310860276829,-1.08935641874962,0
0.80952380952381,0.417222222222222,0.392301587301587,2.24506802721088,-0.603474952426626,0.898210074935503,"Health",0.223299352821771,-0.0270190988769623,0
1.83844367015099,0.704839334107627,1.13360433604336,2.04583817266744,1.63741379265246,0.668152792582947,"Mathematical Sciences",1.67448418677794,-1.01732690853862,0
1.28912698412698,0.863046398046398,0.426080586080586,5.69338217338217,1.69003280167194,0.581930407400764,"Medical Sciences",-0.333711754241734,-1.08567804340611,0
1.52579948646125,0.781938608776844,0.743860877684407,4.86770541549953,0.920921068077363,-0.356678856164739,"Physical Sciences",0.780879160122779,-0.827310813920606,0
0.921593915343915,0.062417328042328,0.859176587301587,0.949900793650794,-0.893904918302369,-1.1623268574924,"Political Science",0.827174553185285,-0.742045532520365,0
2.91654761904762,1.69047619047619,1.22607142857143,6.78247023809524,-0.755706081262597,0.413799183216808,"Psychological Sciences",-0.367857100639276,-0.39834733636063,0
1.99417989417989,0.556296296296296,1.4378835978836,2.05915343915344,-0.723282257454436,-0.000683452047951347,"Sociology",0.551039008941904,-1.01316150091966,0
1.33133333333333,0.642809523809524,0.68852380952381,2.74519047619048,-0.707883466950012,-1.22486962515651,"Agriculture",-0.742557261227075,0.109215912825324,0
1.53575800376648,0.958101291364003,0.577656712402475,5.91797148237826,-0.893744142764537,-0.243113380140706,"Biological Sciences",-0.722585261397074,0.143956965570322,0
1.81978458049887,1.52488662131519,0.294897959183673,6.55017006802721,-0.769459557593583,0.0334703544200341,"Chemical Sciences",-0.390079603951101,-0.162912547154494,0
2.68923611111111,1.20114087301587,1.48809523809524,4.26041666666667,-0.200847834356165,-0.909113165706329,"Computational Sciences",-0.465195999672107,-0.925635873326186,0
1.40113717128642,0.614433783463634,0.786703387822791,2.6576166785122,-0.90833469558763,-1.56537235229149,"Earth Sciences",-0.633853498204117,-0.805674465284896,0
0.89484126984127,0.0138888888888889,0.880952380952381,0.811507936507937,-0.543196489488995,-1.69769294869723,"Economics",-0.343288320728804,-0.798735573156788,0
1.39863816738817,0.710308441558442,0.688329725829726,2.90902777777778,-1.02734674771905,-1.77239519398163,"Health",-0.72166111201613,1.07813819519401,0
1.52215608465608,0.463789682539683,1.0583664021164,2.83804563492063,-0.60765920703659,-0.985183665549623,"Mathematical Sciences",-0.133819192611484,-0.899307026001321,0
1.64168871252205,1.27766754850088,0.364021164021164,6.66199294532628,-1.02894565654497,-0.816929379295733,"Medical Sciences",-0.780458146469532,-0.642185670144072,0
1.52513227513228,0.298059964726631,1.22707231040564,2.1384479717813,-1.03166636590518,-1.58464234205932,"Physical Sciences",-0.928495804891279,-0.26741469020454,0
0.536800334168755,0.0281954887218045,0.508604845446951,0.684022556390977,-0.383079999395543,0.379760253043259,"Anthropology",-0.0197256733633231,-0.641935989278023,0
1.42212773998488,0.972180650037793,0.44994708994709,5.22956160241875,-0.654265060219038,0.484176404137557,"Biological Sciences",-0.717361238970282,1.16015777602154,0
1.85234788359788,1.24856150793651,0.603786375661376,5.57233796296296,0.274251671535064,0.395500702980679,"Chemical Sciences",-0.227389138333824,-0.167792024650994,0
2.22055811571941,1.41573220686124,0.804825908858167,5.03956733230927,1.13246672174372,-0.33342197196219,"Earth Sciences",0.959126100801417,-0.993879694683489,0
3.03577741702742,2.15838143338143,0.877395983645984,7.6783158970659,0.930537899752869,0.676369790698955,"Engineering",-0.558469423121468,-0.471964604802147,0
2.07112840862841,1.06994301994302,1.00118538868539,5.68212250712251,-0.90666241459347,0.860858952293305,"Health",-0.246586379752398,-0.416301311251599,0
1.0708664021164,0.233046737213404,0.837819664902998,1.70472883597884,-0.275679115724824,0.687835369465478,"Mathematical Sciences",0.322994110320713,-0.799684360447774,0
1.47275707384403,1.08231538992409,0.390441683919945,8.05703933747412,-0.746036652037548,0.815073705183514,"Medical Sciences",-0.999854647060915,-0.0590114991583638,0
1.43672360248447,0.81608005521049,0.620643547273982,4.72351621808144,0.0916636013282751,0.617895338989689,"Physical Sciences",-0.542021773493145,0.00373221691076419,0
0.892965367965368,0.14484126984127,0.748124098124098,1.56648629148629,0.797278356532077,0.797495440668148,"Political Science",1.55788687340368,-0.909139912471541,0
2.97883249791145,1.32664995822891,1.65218253968254,5.30323725981621,-0.340903012171957,1.25095465401973,"Psychological Sciences",-0.866953469834161,-0.459469212369422,0
0.950604686318972,0.382596371882086,0.568008314436886,1.94512471655329,-0.318190446080136,0.679650535514326,"Architecture, Design, Planning",1.73223356533663,-0.670784829915226,0
1.72251006036217,1.15972222222222,0.562787838139951,6.97681924882629,0.0893809204267297,1.21146618841582,"Biological Sciences",-0.505711906601212,0.151882476404933,0
2.57640557780745,1.8776924788607,0.698713098946744,9.03614819759679,1.35357888064796,0.938546225821646,"Chemical Sciences",0.462877055197633,-0.426598142987564,0
1.95621963070943,1.05326368642695,0.902955944282475,4.4712342079689,2.02285922498063,1.18894313766396,"Computational Sciences",2.14981238332915,-0.619666494237605,0
1.63484537493158,1.08943623426382,0.545409140667761,5.11908524904215,-0.286859326800249,1.19510905548343,"Earth Sciences",-0.992034136677204,-0.626988715086725,0
0.649640376984127,0.118613591269841,0.531026785714286,1.14806547619048,-0.23805136379344,1.04212175335103,"Economics",1.31037546761636,-0.88240675238063,0
3.07929289313654,2.13522210688334,0.944070786253197,8.07263595073041,0.140056440222302,0.87128462972984,"Engineering",-0.0943807348746613,0.824104823084237,0
0.895502645502645,0.329365079365079,0.566137566137566,1.28769841269841,0.33400548234772,1.37110196695904,"Geography",1.56149582142132,-1.03023967215741,0
1.95410087939674,1.10468093707739,0.849419942319351,5.55046125800564,-0.808810069414735,1.08496568814649,"Health",0.334133145052955,-0.479594967574545,0
2.03982346832814,0.68997181427088,1.34985165405726,3.57481827622015,1.18292300264136,1.19958236841127,"Mathematical Sciences",3.42953543739306,-1.04252957108551,0
2.15013227513228,1.27303057025279,0.877101704879483,8.27662159514011,-0.150396007636592,1.10002662469576,"Medical Sciences",-0.933110525409078,0.580590306316864,0
2.06134302205731,1.36536281179138,0.695980210265925,7.45168521954236,2.05503513588727,1.1051824365669,"Physical Sciences",0.806980541133933,-0.911136062356473,0
0.975206611570248,0.180952380952381,0.794254230617867,1.66360028860029,0.529909190591796,1.11045371837717,"Sociology",0.876579736680403,-0.915350156557995,0
1.48556901927438,0.789735685941043,0.695833333333333,3.85503826530612,0.847746691334333,1.1017213319486,"Agriculture",0.214359300002113,0.499171555651882,0
1.325,0.424019607843137,0.900980392156863,2.11372549019608,-0.219765968420537,0.845295984525723,"Anthropology",1.19305307259828,-0.928775243039008,0
0,0,0,1,-1.03448715742439,1.07719961314168,"Architecture, Design, Planning",-0.497313488506502,-0.756988932353397,0
2.14570197280871,1.24646098283739,0.899240989971327,5.77589500075455,-0.982416190628943,1.37813676397959,"Biological Sciences",-0.999854647060915,0.616076846205321,0
4.15799162257496,3.48831569664903,0.669675925925926,13.9880291005291,1.16579423383198,1.31703249931687,"Chemical Sciences",0.622149165372706,-0.0928378286630876,0
2.75230352303523,1.70925280681378,1.04305071622145,7.45120015485869,1.15215198226908,1.24320321447526,"Computational Sciences",0.367202652780079,-0.327951947600145,0
3.40226423902894,2.45732959850607,0.944934640522876,7.09754901960784,1.34639231580654,1.1722951595514,"Earth Sciences",0.357549302709422,-0.959917790590201,0
0.828047619047619,0.198460317460317,0.629587301587302,1.31250793650794,-0.249049393249453,1.20745539916429,"Economics",1.77085880010689,-0.724881970426426,0
3.39958553791887,2.32257495590829,1.07701058201058,7.57559435626102,0.121585921624674,1.16365688827617,"Engineering",0.0279966486631822,1.1377772392376,0
1.56810918060918,0.744144144144144,0.823965036465036,4.4270592020592,-0.888952683918371,1.36509910796297,"Health",-0.750394662852992,0.800355655651231,0
1.61202553485162,0.489412238325282,1.12261329652634,2.39264435242696,-0.465936273415947,1.2192649452938,"Mathematical Sciences",0.758488870854606,-0.421365741072381,0
1.72873931623932,1.09387973137973,0.634859584859585,6.4205956741671,-0.714273756143191,1.25545548988426,"Medical Sciences",-0.940039821824677,0.824806301463996,0
1.89844907407407,1.11266203703704,0.785787037037037,10.8344411375661,0.694987637960157,1.06619946876073,"Physical Sciences",-0.322180518278546,0.268128296192596,0
1.06731859410431,0.14766156462585,0.919657029478458,1.28449546485261,0.241620317030859,1.10819897574238,"Political Science",1.92824688200397,-0.849089070099839,0
2.30518879268879,1.0461038961039,1.2590848965849,4.97168710918711,0.2636847596195,1.28196041219762,"Psychological Sciences",-0.319699249570706,-0.454498293308992,0
0.892018398268398,0.141865079365079,0.750153318903319,1.32628066378066,0.247097433116326,1.33773177596413,"Sociology",0.762310314029121,-0.50702660787359,0
0.545707070707071,0.0993506493506494,0.446356421356421,0.993795093795094,-0.334074060019282,-0.202159411309819,"Anthropology",1.78688328835941,-1.03489735522225,0
1.41746031746032,1.00959821428571,0.407862103174603,5.20128968253968,-0.174217707459988,-1.07646625795955,"Biological Sciences",0.415198087417025,-0.849495693224547,0
1.28878536922015,0.43944099378882,0.849344375431332,2.27446514837819,-0.831160167701709,-0.493119243486358,"Computational Sciences",0.415000795343571,0.309282976229654,0
1.35870535714286,0.592088293650794,0.766617063492063,2.94952876984127,0.172036798933364,-1.45130287263137,"Earth Sciences",-0.21819056323164,-1.00355502959842,0
1.33145363408521,0.37562656641604,0.955827067669173,1.81704260651629,0.757809137044487,-0.847405627371909,"Economics",4.60294646921517,-1.14619146635056,0
3.10842352092352,1.99097222222222,1.1174512987013,6.19709595959596,-0.537508094373393,-0.88294892154813,"Engineering",0.501986370604662,0.330191923031604,0
0.663690476190476,0.365079365079365,0.298611111111111,1.52083333333333,-0.815862495539665,-0.110714892625764,"Geography",-0.33218520152957,-0.811069807939608,0
0.896666666666667,0.594166666666667,0.3025,1.75,-0.645637484362804,0.767481145687811,"Health",0.0526778692965907,-0.813346897437975,0
1.31352813852814,0.569642857142857,0.743885281385281,9.5224025974026,0.721432233689928,0.228065660927918,"Physical Sciences",0.644968808500447,-0.996083329681908,0
0.918915343915344,0.0656084656084656,0.853306878306878,0.900793650793651,-0.818044035087621,-0.89942386627574,"Political Science",0.400752424019982,-0.850918874161027,0
1.59234234234234,0.783783783783784,0.808558558558559,3.77027027027027,0.351243346593156,-0.237321738518799,"Psychological Sciences",0.750301265664578,-0.860381104171132,0
0.912593984962406,0.49812030075188,0.414473684210526,2.77067669172932,0.511343414465136,-1.14981830395958,"Agriculture",-0.334655357132078,-0.667103820575761,0
0.794926303854875,0.344444444444444,0.450481859410431,1.56575963718821,-1.03448715742439,-1.1623268574924,"Anthropology",-0.0346930967314355,-0.853358612909277,0
1.4491539822185,0.89370897919285,0.555445003025648,4.09503095470837,-0.568291116960238,0.0599240299752371,"Biological Sciences",-0.789855952401018,-0.590614489972728,0
1.75438095238095,1.37988888888889,0.374492063492063,5.84931746031746,-0.0669190211213375,-0.246280369467737,"Chemical Sciences",-0.40936893023144,-0.61831418190286,0
1.91419913419913,0.936515151515152,0.977683982683983,3.65703463203463,-0.899248073723315,-0.402685782134191,"Computational Sciences",-0.428171104389236,-0.746742029610747,0
1.07746031746032,0.459603174603175,0.617857142857143,2.24460317460317,-0.24522282638295,-0.150910804505997,"Earth Sciences",-0.490781494172203,-0.306125211676776,0
1.18690476190476,0.534285714285714,0.652619047619048,2.53392857142857,0.30556282409494,-0.823786535112872,"Economics",-0.105645850841215,-0.940863909346514,0
1.94083994708995,1.11377865961199,0.827061287477954,3.85744047619048,-0.600993175614111,-0.863457437645041,"Engineering",-0.636159913737952,-0.325290714954696,0
0,0,0,0,-0.73628565048825,-0.684321418916656,"Geography",-0.118126091596528,-0.961926987206407,0
1.05845238095238,0.289920634920635,0.768531746031746,2.0975,-0.933324194903238,-1.32418172227525,"Health",-0.70424146644342,0.0713023726775174,0
1.25253968253968,0.320777777777778,0.931761904761905,1.59931746031746,0.0547806330452949,-0.0797851289532159,"Mathematical Sciences",0.40280403746039,-1.00769648612358,0
1.89285714285714,0.678571428571429,1.21428571428571,4.46428571428571,-0.909549527561632,-1.20550154226698,"Medical Sciences",-0.975915426485896,-0.19340928150762,0
2.02089093701997,1.06326164874552,0.95762928827445,4.6360599078341,-0.333730380414339,-0.0253236298122332,"Physical Sciences",-0.661752736636024,-0.564721778741299,0
0.418367346938776,0.0408163265306122,0.377551020408163,0.624149659863946,-0.81032432009083,-2.50074208550448,"Political Science",2.22574326012693,-1.14734713207342,0
1.51706349206349,0.388888888888889,1.1281746031746,1.83888888888889,-1.03448715742439,-1.41485803258902,"Sociology",-0.668500019872635,-0.743705910279591,0
1.52698921448921,1.0581043956044,0.468884818884819,5.26601037851038,0.775837331294251,-1.26239528575498,"Agriculture",0.464379018328969,-0.950322588801268,0
1.64875992063492,1.15685232426304,0.491907596371882,3.58030045351474,-0.679422252072582,-0.106746545588531,"Biological Sciences",-0.48909279758642,-0.837805278389182,0
1.47496947496947,0.84508547008547,0.629884004884005,3.36568986568987,-0.616995388643968,-1.79536108695757,"Computational Sciences",0.42617570024775,-0.906751357053673,0
1.10280158730159,0.377587301587302,0.725214285714286,2.18240476190476,-0.911862460006626,-0.401863659758262,"Earth Sciences",-0.598994980831022,-0.752890171256337,0
0.786868686868687,0.406637806637807,0.38023088023088,2.02857142857143,0.287638613263232,-1.91026477902856,"Economics",0.668602515457155,-1.06750113667614,0
2.44898205659075,1.56704048769266,0.881941568898091,5.04799861973775,0.406269834677879,-0.843965953741952,"Engineering",1.50864370763321,-1.07602897185283,0
1.11540690350214,0.40376669186193,0.711640211640212,2.22832577475435,-0.588480627841658,-1.67901738737613,"Health",1.33356268707517,-0.949457211382017,0
0.645089285714286,0.0415426587301587,0.603546626984127,0.944270833333333,-0.950343442016485,0.00151247121375832,"Anthropology",-0.0467397605184038,-0.673732847569362,1
2.08233618233618,1.14490740740741,0.937428774928775,6.28964183964184,-0.000138946161987133,-0.879491941384186,"Biological Sciences",-0.64254714932394,-0.953533868863068,1
1.8015873015873,1.32029220779221,0.481295093795094,7.66634199134199,0.969634251503241,-0.657678492832106,"Chemical Sciences",0.0550708994826391,-0.54894575545716,1
1,0,1,1,1.27560427888116,-0.366512397593324,"Computational Sciences",0.441019207855568,-0.996083329681908,1
1.90674603174603,0.762554112554113,1.14419191919192,4.83549783549784,-0.782387426238061,-0.995024953990889,"Earth Sciences",-0.708653245771228,-0.50702660787359,1
0.751995798319328,0.160644257703081,0.591351540616247,1.12802287581699,2.16622347240601,0.0973580629895596,"Economics",3.91389725209257,-1.14627077674331,1
2.88228565489712,2.34159700879446,0.540688646102659,9.91854451281203,-0.137553056327512,-0.0253236298122332,"Engineering",-0.480928734341132,0.202325667300899,1
1.01592122830441,0.500363447559709,0.515557780744697,2.65484349503041,-0.153373043928805,-0.0729191137616356,"Health",-0.993286282029625,-0.654998732157857,1
1.29143323996265,0.347630718954248,0.943802521008403,1.56156629318394,-0.477495064081162,-0.512801820368889,"Mathematical Sciences",-0.16689970085475,-0.443051961071213,1
1.08876678876679,0.123626373626374,0.965140415140415,1.25862332112332,1.02028055193326,0.223888914377257,"Political Science",-0.708187552888836,-0.967181809125715,1
1.65109845870715,0.90629169542213,0.744806763285024,5.43874798711755,-0.956926820126362,-0.8037325888552,"Biological Sciences",-0.798129853049321,1.08930988428432,0
2.10074786324786,1.50679181929182,0.593956043956044,5.8405525030525,-0.564469726631727,-1.62857806397202,"Chemical Sciences",-0.432487089566726,0.211212006279091,0
2.27919146825397,1.4765128968254,0.802678571428571,5.12385912698413,-0.806592645318687,-1.40921898693152,"Engineering",-0.793922317728248,0.79178772177013,0
1.06123511904762,0.460714285714286,0.600520833333333,3.11543154761905,-0.975662973470476,-0.31570141093592,"Health",-0.566392063749127,0.365687349388247,0
0.688988095238095,0.183333333333333,0.505654761904762,1.32738095238095,-0.993175804604154,-1.83153447149844,"Mathematical Sciences",-0.62535165659107,-0.148152127727581,0
1.93227124183007,1.42644140989729,0.505829831932773,8.66395308123249,-0.962746958593581,-1.51635927264398,"Medical Sciences",-0.953702842561088,0.305373778465514,0
4.2462962962963,2.82619047619048,1.42010582010582,5.29246031746032,-0.510510720944036,-2.18887834305506,"Physical Sciences",-0.154158768578242,-0.698164120312255,0
0.581122448979592,0.0712585034013605,0.509863945578231,0.88358843537415,-0.873701234299213,-1.75983365571208,"Political Science",0.0387555005331426,-0.912522277554342,0
2.9008954008954,1.73540903540904,1.16548636548637,6.95239112739113,-0.15902303067629,-0.376847650319286,"Psychological Sciences",-0.443129740046612,-0.640507046475404,0
1.37331474784006,0.891706851516978,0.481607896323086,4.7898608599558,0.440092810980429,-0.0615741466039587,"Agriculture",-0.233855646299791,0.891054592089557,0
0.0523809523809524,0.0523809523809524,0,1.78571428571429,-0.962233713526746,0.282101457886975,"Architecture, Design, Planning",0.956037385084841,-0.137295290297868,0
1.63529601029601,0.98014443014443,0.65515158015158,5.67941155441155,-0.386200283030997,0.0296202889636424,"Biological Sciences",-0.349966266374097,0.120459811510503,0
2.04947478991597,1.5311741363212,0.518300653594771,8.18385854341737,-0.141638306362411,0.32967700324238,"Chemical Sciences",0.131576504788929,0.144638049169036,0
2.63657106782107,1.91626984126984,0.720301226551227,9.01945346320346,0.60202194232015,0.32078190868315,"Computational Sciences",0.542710933620981,-0.298207150466546,0
1.82673950858882,0.970439225918678,0.856300282670146,3.93455098934551,-0.478496367551944,0.100042050746268,"Earth Sciences",-0.486787554155685,0.0176114096766433,0
0.480555555555556,0.0781746031746032,0.402380952380952,1.04285714285714,-0.494780058002551,0.16821533976667,"Economics",-0.414025109801444,-0.227565623983122,0
2.51079504316346,1.73714564188248,0.77364940128098,5.48873851294904,0.0899773842744997,0.461963467764981,"Engineering",-0.404609294574351,2.99960950587326,0
0.657224958949097,0.304597701149425,0.352627257799672,1.77939244663383,-0.429280088312425,0.674103339082317,"Health",-0.410399185859806,-0.265255381197468,0
1.85126009468115,0.989069896964634,0.862190197716514,3.61432052353105,-0.698625388734656,-0.119150282718277,"Mathematical Sciences",0.391026577612334,-0.674594246557231,0
0.63969421101774,0.454878618113912,0.184815592903828,3.09153828197946,-0.347031397879967,-1.07597748794323,"Medical Sciences",-0.816341223068926,-0.633925639610781,0
0.648044217687075,0.156887755102041,0.491156462585034,1.27233560090703,-0.988579764230298,-1.37742930485148,"Political Science",0.290575379277013,-0.433316925085548,0
0.857889822595705,0.165499533146592,0.692390289449113,1.30760971055089,-0.615110805583106,-1.46536426760834,"Sociology",1.11017967858532,-1.03727186031413,0
1.25667526033768,0.730848751390153,0.525826508947528,5.98336366393691,-0.838461495827208,-1.22798496301752,"Biological Sciences",-0.732620704884919,1.14162508537719,1
1.77604166666667,0.985912698412698,0.790128968253968,5.62718253968254,-0.257018118775309,-1.08553254113105,"Chemical Sciences",0.0220948839819616,-0.857323188375183,1
0.921428571428571,0.367857142857143,0.553571428571429,2.175,-0.850829203930358,-1.5964074719828,"Computational Sciences",-0.524865111187196,-0.678917292409393,1
1.56943204365079,0.71640625,0.853025793650794,5.21305803571429,-1.03234204291081,-1.86577300058712,"Health",-0.741589932804479,0.189782185639414,1
0.797566137566138,0.283439153439153,0.514126984126984,1.82137566137566,-0.928005935735762,-1.81185189461591,"Mathematical Sciences",-0.463193078336395,-0.268553234953724,1
1.19889395474502,0.870221209050996,0.328672745694022,6.4081222559946,-0.252331151059527,-0.842834190160483,"Medical Sciences",-0.999854647060915,0.0333306940744332,1
1.79972718253968,1.22842261904762,0.571304563492063,6.60354662698413,-0.32691190047145,-0.590576663001801,"Physical Sciences",-0.385492213503623,-0.54671394898859,1
2.34121693121693,1.00322751322751,1.33798941798942,3.88648148148148,-0.695610530476244,-0.795425385720748,"Psychological Sciences",-0.222847319702072,-0.726248224125446,1
1.90301587301587,1.13,0.773015873015873,5.0447619047619,0.897924672472188,0.238631138183798,"Agriculture",0.0449012421733837,-0.0457779790301743,0
0.877380952380952,0.33843537414966,0.538945578231293,2.35884353741497,-0.772620658581385,-0.376735310615743,"Anthropology",0.553930338608838,-0.747229977360397,0
1.96416773916774,1.2014157014157,0.762752037752038,4.85389854139854,-0.874817742231237,1.04479561285205,"Biological Sciences",-0.770171802948623,-0.690522536184853,0
2.69565145502645,1.86891534391534,0.826736111111111,7.02381779100529,0.0946972639843672,0.379044778046104,"Chemical Sciences",0.002673959333084,-0.382336550825239,0
1.09047619047619,0.530666666666667,0.559809523809524,2.98165079365079,-0.172936320391052,0.451644446875111,"Economics",0.0615555368234193,-0.637441733689141,0
3.59395841023748,2.58698781838317,1.00697059185431,7.66793097083795,-0.177441850420891,-0.376170340067827,"Engineering",-0.0951587665531156,-0.426149010468596,0
1.24131950300781,0.88149210097262,0.359827402035194,5.74834148535447,-0.623997036740503,0.348787109618015,"Medical Sciences",-0.999854647060915,-0.888734824758903,0
2.05963718820862,1.42528344671202,0.634353741496599,4.64954648526077,0.824190885670071,0.0526423058001214,"Physical Sciences",0.107831062398004,-0.831400964175026,0
1.25321428571429,0.738928571428571,0.514285714285714,2.99535714285714,0.213845306546413,-0.919448418432292,"Psychological Sciences",1.08628976727656,-1.03450921496685,0
1.20505584950029,0.307142857142857,0.897912992357437,1.96856261022928,0.955228147961055,0.408856236260914,"Anthropology",1.44588835559129,-1.0378299704853,1
2.25314888300999,1.46573706643151,0.787411816578483,10.7104570840682,0.283462730505423,1.16601057689843,"Biological Sciences",-0.999854647060915,-0.987860506493362,1
2.30623728123728,1.13503256003256,1.17120472120472,5.86419413919414,-0.448812166223861,1.27172130135748,"Health",-0.975405836401567,-1.068775032899,1
1.92366946778711,0.65124883286648,1.27242063492063,5.0906045751634,0.485365116996753,0.904343715173314,"Mathematical Sciences",1.26659850375999,-1.08147418587066,1
1.3297268907563,0.852871148459384,0.476855742296919,5.24661531279178,1.46122995612672,1.04670798485764,"Physical Sciences",0.217778062573462,-0.898637293795919,1
1.10994708994709,0.227079124579125,0.882867965367965,1.74680375180375,-0.00913897580983926,1.17989979152874,"Political Science",0.224812658305885,-0.891906485131629,1
2.75827561327561,1.60186147186147,1.15641414141414,6.22035353535354,-0.0965347356822961,1.04941722586347,"Psychological Sciences",-0.253687488725733,-0.857594886553966,1
1.20996081977095,0.874467550733374,0.335493269037573,4.62541691782198,-0.553869512067946,0.317505828573788,"Biological Sciences",-0.121372429130316,-0.159685297797631,0
2.34101878846777,1.88407029478458,0.456948493683188,7.23898607061872,0.565163603061231,0.29676515337323,"Chemical Sciences",0.549287267246446,-0.467705623632312,0
3.06984126984127,1.9620453042328,1.10779596560847,6.23277116402116,-0.057132641104898,0.121828293708382,"Computational Sciences",0.780092987635891,-0.679781366549399,0
0.364902998236332,0.0246913580246914,0.34021164021164,0.701587301587302,-0.536541683690581,-0.375023782191175,"Economics",1.55617031394921,-1.04162511964924,0
1.67830086580087,1.02550505050505,0.652795815295815,4.41203102453103,-0.571831715942587,-0.161764017133853,"Engineering",0.573357360513855,-0.365743554906742,0
1.21867283950617,0.558564814814815,0.660108024691358,2.57556216931217,-0.752473897289924,1.19701905607308,"Health",0.030575570885951,-0.886024003927514,0
1.10237624694146,0.697047728841207,0.405328518100257,4.28940727147249,-0.960412553631942,0.0897390009705155,"Medical Sciences",-0.489450536430555,-0.528289943604386,0
1.30845648604269,0.935139573070608,0.373316912972085,6.33357963875205,1.9607641494085,-0.454136275680181,"Physical Sciences",1.88291123609592,-1.11857504062854,0
0.503550543024227,0.134189640768588,0.369360902255639,1.63878446115288,-0.502442242885528,-0.779922506631804,"Political Science",1.46657026737466,-0.995184478564132,0
1.33217977113326,0.59938169066076,0.732798080472499,3.33140457733481,-0.0653987463590371,0.134747359615834,"Psychological Sciences",0.786917360563184,-0.698605416726668,0
1.13187830687831,0.288392857142857,0.84348544973545,1.3598544973545,-0.762264041199427,-0.733023859828147,"Sociology",0.578562827922909,-0.875112950081174,0
0.992926155969634,0.654934437543133,0.337991718426501,5.81142167011732,-0.281196028093745,0.726606332230312,"Biological Sciences",0.107005690141341,-0.994598271313408,1
1.17704081632653,0.806292517006803,0.370748299319728,3.33239795918367,-0.102718003144766,0.411956627915254,"Chemical Sciences",0.12576573708166,-0.968026334077032,1
0.942006802721088,0.183597883597884,0.758408919123205,1.36162131519274,-0.83009184086646,0.0776754861070292,"Mathematical Sciences",0.0736250824137614,-0.982258143441824,1
1.11083959899749,0.635213032581454,0.47562656641604,1.99304511278195,1.00243056264733,-0.962190000967228,"Agriculture",1.02387839503402,-0.827998170657729,0
0.800514800514801,0.52998712998713,0.270527670527671,3.31165808665809,-0.707352066904853,0.2568983465506,"Biological Sciences",-0.22582480276498,-0.46065958276864,0
1.61720634920635,1.28650793650794,0.330698412698413,6.60930158730159,0.170619002122865,-0.888061441916153,"Chemical Sciences",1.0222753812068,-0.904544331847564,0
1.15066137566138,0.496665564373898,0.653995811287478,2.67643849206349,-0.680201577402903,-2.02165027093197,"Earth Sciences",-0.269480441227526,-0.475436303753255,0
2.05589569160998,1.30386337868481,0.75203231292517,5.14989512471655,-0.450459420948599,-0.590576663001801,"Engineering",-0.20492551002867,-0.433113613523194,0
1.17315248503773,0.766191777257351,0.40696070778038,3.38808873276086,-0.968137796467487,-0.222323604330426,"Health",-0.39190470233931,0.273300742317472,0
1.17994378306878,0.506084656084656,0.673859126984127,2.06521164021164,-0.802595153992636,-1.43788293384783,"Mathematical Sciences",1.26400967645881,-0.979005158444158,0
1.30699767711963,0.7948606271777,0.512137049941928,4.53050716221448,-0.87147490430649,0.115643811835265,"Medical Sciences",-0.845648151049122,-0.623695888546561,0
1.75753968253968,1.20707070707071,0.550468975468975,6.02849927849928,0.577169698322453,-1.60413382596241,"Physical Sciences",0.214270972361537,-0.812881129131491,0
0.941391941391941,0.0924908424908425,0.848901098901099,1.02912087912088,-0.711222068025081,-1.83153447149844,"Political Science",1.45075097000121,-0.875222425537826,0
1.79733044733045,1.00470177970178,0.792628667628668,4.12765752765753,0.331918153878282,0.32078190868315,"Psychological Sciences",0.848135499270921,-0.898271985320245,0
0.882936507936508,0,0.882936507936508,0.888888888888889,-0.928636932428586,-1.48238267288659,"Anthropology",0.55190063411935,-0.927770644730905,0
0.633743842364532,0.319813902572523,0.313929939792009,2.3675697865353,-0.765344672312632,-1.51587050262767,"Biological Sciences",0.77912876150993,-0.894203204711878,0
1.76923076923077,1.08058608058608,0.688644688644689,5.4532967032967,-0.423771686887946,-1.72731361357947,"Chemical Sciences",-0.311252183300888,-0.62955950081018,0
1.86237373737374,1.32927489177489,0.533098845598846,4.14448051948052,-0.927731965419658,-1.3793671647376,"Computational Sciences",0.47539412121755,-0.601732830192026,0
0.779861111111111,0.413194444444444,0.366666666666667,2.8031746031746,-0.431316209856222,-1.17753612144708,"Earth Sciences",0.771061101016276,-0.934886549413301,0
0.416383219954648,0.112244897959184,0.304138321995465,0.932823129251701,-1.03448715742439,-1.34340656481168,"Economics",1.88714990096002,-1.02536019466091,0
1.02504221546775,0.543659236744343,0.481382978723404,2.76577169875042,-0.955387854517185,-1.87701460060565,"Engineering",0.203836829926718,0.383251521775583,0
0.615873015873016,0.253968253968254,0.361904761904762,1.47301587301587,-0.787464396502782,-2.21393882235903,"Geography",0.010231373260276,-0.866289228275002,0
0.535612968591692,0.169452887537994,0.366160081053698,1.54891084093212,-1.01837722243568,-1.43623509020185,"Health",0.00512405967770254,-0.0734987174978805,0
0.899644225506294,0.344458128078818,0.555186097427477,1.44391078270389,-0.590164732260169,-0.729310166076726,"Mathematical Sciences",1.70223622372046,-1.08500760060951,0
0.892424242424242,0.409199134199134,0.483225108225108,1.99080086580087,-0.327504149847397,-1.89650608450873,"Physical Sciences",0.278934265581305,-0.929323205752519,0
0.38723544973545,0.0625,0.32473544973545,0.592261904761905,-0.574017278607962,-1.54473120835299,"Political Science",2.71578778150026,-1.02454694841149,0
1.17009803921569,0.724789915966387,0.4453081232493,4.3156162464986,-0.492794830741957,-0.361344771230342,"Psychological Sciences",0.483076102895397,-1.01316150091966,0
0.823582766439909,0.319727891156463,0.503854875283447,1.18384353741497,-0.839278506478527,-0.960301917415104,"Sociology",0.959444331975529,-1.05341719026579,0
1.84653540903541,1.4156746031746,0.430860805860806,5.76526251526252,-0.457907604298983,-2.25390321148586,"Chemical Sciences",0.0101733857340413,-0.912006178972981,0
1.74319131161236,1.4499686716792,0.293222639933166,5.50989974937343,-0.211702358137947,-1.954980536218,"Engineering",0.254811778148145,-0.125995447674393,0
0,0,0,0,-0.906422510506402,-1.19768122200593,"Biological Sciences",-0.443124183047819,-0.80822344606665,1
0,0,0,1.66666666666667,-0.304290551350677,-0.384599089863758,"Computational Sciences",2.0592356021037,-0.80822344606665,1
1.63920957918051,1.06340669988926,0.575802879291251,6.45175341454411,0.949472594042742,1.36298489347379,"Biological Sciences",-0.96840425609421,-0.460206061250855,1
2.65084727584728,1.59555984555985,1.05528743028743,5.64183826683827,-0.12871568384918,1.35172336809786,"Computational Sciences",-0.665363146784148,-0.278338565500759,1
2.73103632478632,1.40071733821734,1.33031898656899,4.23710317460317,0.863138569639866,1.10385347175533,"Earth Sciences",-0.89344984546435,-0.694587922061615,1
4.17306349206349,3.04422222222222,1.12884126984127,9.03579365079365,1.19137076155792,1.2806057916947,"Engineering",-0.780947738154906,-0.939383801172576,1
2.80473964692715,1.35595587861213,1.44878376831502,6.61499637515263,-0.716159322853726,1.12231681078869,"Health",-0.946938429851759,0.044261934884412,1
1.37549302549303,0.319191919191919,1.05630110630111,2.42698412698413,1.06783732886606,1.35704298347152,"Mathematical Sciences",-0.401413558069086,-0.949506499033497,1
1.39325396825397,0.889360119047619,0.503893849206349,6.8140908446712,-0.903422552626853,1.33316992247851,"Medical Sciences",-0.999854647060915,-0.65634970898808,1
2.79690806878307,1.35238921957672,1.44451884920635,5.59192294973545,1.41213508011223,1.37497768673128,"Psychological Sciences",-0.678883199368303,-0.848072512288068,1
1.05513392857143,0.528794642857143,0.526339285714286,5.21183035714286,-0.836275753558173,-0.788580718349403,"Biological Sciences",-0.629674459401212,0.987119305301905,0
4.1968537414966,3.75674603174603,0.440107709750567,11.3574546485261,-0.136296099651904,-1.33237141514967,"Chemical Sciences",0.198999245172879,-0.902153387874279,0
2.76026785714286,1.39598214285714,1.36428571428571,4.00595238095238,-0.704512131027889,-1.15472222551506,"Earth Sciences",-0.612768038337471,-0.609689705427796,0
0.496825396825397,0.129761904761905,0.367063492063492,1.04603174603175,-1.03448715742439,-1.36702565707072,"Economics",-0.0205873523551132,-1.01316150091966,0
0.588888888888889,0.322222222222222,0.266666666666667,1.7,-0.648496842141365,-0.103289565424588,"Physical Sciences",-0.5918714970269,-1.08147418587066,0
0.294784580498866,0,0.294784580498866,0.990929705215419,-1.03448715742439,-0.875523594346953,"Political Science",0.173015830836793,-0.705754418640145,0
1.62731481481481,1.32539682539683,0.301917989417989,5.03141534391534,-0.787689771298592,-2.39222193188188,"Computational Sciences",-0.0910125188048928,-0.855188416970464,0
0.270833333333333,0,0.270833333333333,0.619047619047619,-0.813563721777433,-2.39222193188188,"Psychological Sciences",0.0961722010076899,-1.09855235710841,0
1,0,1,0.5,-1.03448715742439,-1.26333932753105,"Sociology",-0.180334672457123,-0.893614302255404,0
0.669404761904762,0.162142857142857,0.507261904761905,1.83404761904762,-1.03448715742439,-0.438859166675058,"Psychological Sciences",1.58666782480103,-0.933748004664118,1
0.873993764172336,0.523115079365079,0.350878684807256,2.90374149659864,0.485450219410831,-1.25276031884457,"Computational Sciences",1.77778664134876,-0.0970396009517406,0
0.939480977576216,0.614758125472411,0.324722852103804,2.54128243890149,0.101004952453076,-1.0973552444821,"Engineering",-0.282350308639862,1.12079665754978,0
1.66534391534392,0.436342592592593,1.22900132275132,1.85383597883598,-0.974553556244444,-0.748992742959256,"Mathematical Sciences",-0.52472097047671,-0.832417521986797,0
0.905864197530864,0.65679012345679,0.249074074074074,2.28423721340388,-0.969897743615956,-1.25328711570681,"Physical Sciences",-0.571113383357619,-0.165894450069022,0
0.361111111111111,0.222222222222222,0.138888888888889,4.77777777777778,-0.497018118342923,-2.1272308590825,"Health",-0.785259629040755,-1.05870329088699,1
0.858963585434174,0.526458916900093,0.33250466853408,3.64718720821662,-0.609580480590503,-0.955251293913171,"Biological Sciences",0.349947785844882,-0.577165835202962,0
0.683482142857143,0.455357142857143,0.228125,3.01428571428571,-0.468305067153008,-0.575398868159233,"Chemical Sciences",0.219070429847456,-1.04304830058572,0
0.037037037037037,0.037037037037037,0,1.03703703703704,-0.456915343966004,-2.37413523961145,"Computational Sciences",-0.507391479337824,-0.415425507598381,0
1.03674812030075,0.678571428571429,0.358176691729323,2.99072681704261,-0.547621931185648,-1.97782636851371,"Health",0.0975075167368941,0.0528759247631021,0
1.45269423558897,0.924498746867168,0.528195488721805,5.51190476190476,-0.647373995956529,-1.87902662475048,"Medical Sciences",-0.56048389013857,-0.967320093913065,0
0.693115942028986,0.421014492753623,0.272101449275362,3.33115942028985,0.647340987484208,-0.390403656220315,"Health",0.771219005937582,-1.02615576164403,0
0.74468085106383,0.48936170212766,0.25531914893617,6,2.62170455232323,-1.77345230122622,"Biological Sciences",-0.999854647060915,-1.01316150091966,1
