"funded_per_faculty_x","Area","Productivity_x","ProductivityWithDeptCollabs_x","ProductivityWithoutDeptCollabs_x","YearGroupSize_x","Title_x","uniform_percentile_x","UpwardMove","WindowedGroupSize_x","WindowedGroupSize4_x","Gender","Productivity_y","ProductivityWithDeptCollabs_y","ProductivityWithoutDeptCollabs_y","YearGroupSize_y","WindowedGroupSize_y","WindowedGroupSize4_y","PersonId"
0.5,"Biological Sciences",1.33333333333333,1,0.333333333333333,2,"Assistant Professor",0.833962264150943,0,3.66666666666667,4.33333333333333,"Male",0,0,0,0,0,0,"b9a01f47e137218fb0bfa7423601fdf2"
0.994318181818182,"Engineering",0,0,0,0,"Professor",0.87378640776699,0,0,0,"Male",3,1.5,1.5,4.5,9,10.5,"48b5a310107633e96f3b209f4c833ed7"
0.994318181818182,"Engineering",0,0,0,0,"Associate Professor",0.87378640776699,1,0,0,"Male",2,1,1,2,4,4,"b46ee8dfc2ef47a1c25a68a3e2100179"
2.26190476190476,"Chemical Sciences",2.33333333333333,1.33333333333333,1,2.66666666666667,"Assistant Professor",0.69672131147541,1,8.66666666666667,10,"Male",2.5,1,1.5,3.5,6.5,7,"95360db1670dcda8fb6b5c6c680d74ac"
3,"Chemical Sciences",2,2,0,3,"Assistant Professor",0.282786885245902,0,14,17.5,"Unknown",4,3,1,6,10,10,"6b153c88258136e3c74b36576c28a681"
0.76,"Biological Sciences",0.333333333333333,0.333333333333333,0,1,"Professor",0.879245283018868,0,3,3,"Male",3,0,3,1,1,1,"8ce9326482f71235509e4d2d5aa0dfc3"
2.08695652173913,"Chemical Sciences",2,2,0,4,"Professor",0.89344262295082,1,8,8.5,"Male",1,0.5,0.5,1,1,1,"1a6b68e636164f230760044c0ac19b7f"
1.6,"Computational Sciences",2.33333333333333,2,0.333333333333333,4,"Associate Professor",0.162162162162162,1,6,7,"Female",3,1.5,1.5,3.5,11,11,"d5fc13e65dbe4cbd6cf6cf68315e1768"
0.12987012987013,"Health",1.5,0.5,1,1,"Professor",0.293023255813953,1,1.5,3,"Female",1.5,0,1.5,0.5,1,1,"11e21b80becb487b956af765a3eebb84"
0.146496815286624,"Health",8,2.66666666666667,5.33333333333333,5,"Professor",0.67906976744186,0,8.66666666666667,9,"Female",0,0,0,0,0,0,"2788c320bf425d4702192e4f1405a37f"
1.44444444444444,"Computational Sciences",1.75,0.75,1,2.25,"Professor",0.536036036036036,1,5.5,7,"Female",0,0,0,0,0,0,"10f62ec41f236a1133661e2753ae544e"
0.476190476190476,"Health",0,0,0,0,"Associate Professor",0.827906976744186,0,0,0,"Female",2.5,1,1.5,4.5,6.5,6.5,"0bf72fecbca9985cb07e13fa3a9dd5ef"
0.14018691588785,"Health",2.5,0.5,2,1.5,"Assistant Professor",0.734883720930233,0,2,2,"Female",0,0,0,0,1,1,"4dde06933e0cfc6aea7e8fbb7b131b44"
18.4,"Physical Sciences",3.5,1.5,2,2.5,"Professor",0.728155339805825,0,4.5,4.5,"Female",1.5,1.5,0,4,4.5,4.5,"176fd9067c197bbb7ffa48f336b1070f"
0.019047619047619,"Biological Sciences",0,0,0,0,"Associate Professor",0.694339622641509,1,1,2,"Male",1,0,1,1,1,1,"45d8285ff6ea06dcfe7009ef644ed479"
0.956521739130435,"Psychological Sciences",7.5,3,4.5,6.25,"Professor",0.884169884169884,0,11,11.75,"Male",3.5,0.5,3,1.5,2,2,"9149a231393e3a19f7281efc3e65b260"
0.0434782608695652,"Health",1,0.5,0.5,1,"Assistant Professor",0.488372093023256,1,7,7,"Female",0,0,0,0,1,1,"4857fb027e0990d53ea258a99a3f8f31"
16.2,"Computational Sciences",2,2,0,5.25,"Professor",0.941441441441442,0,10.75,12.25,"Male",0.5,0.5,0,1,2,2,"ec5aa71dd8beb72cd691611ba0a6d170"
0.923611111111111,"Biological Sciences",2,2,0,2,"Assistant Professor",0.830188679245283,0,2,2,"Unknown",1,0.5,0.5,1.5,2,2,"deed70ddd626ca488be6854017ed10ea"
0.708333333333333,"Psychological Sciences",2,1,1,3,"Assistant Professor",0.50965250965251,1,3,3,"Male",1,1,0,1,3.5,4,"f1be563ebc5a0d4ddafc5f0040463a0d"
0.548148148148148,"Biological Sciences",2,2,0,6.66666666666667,"Associate Professor",0.935849056603774,1,19,23,"Male",2,1,1,2,2,2,"ddb54d4a4dc6048effc8d6419aa62ae8"
0.105960264900662,"Health",2,0,2,1,"Professor",0.67906976744186,0,3,3,"Female",1,0.5,0.5,1,1.5,1.5,"995cbfb4afd0873919dbe8b65ae098ee"
4.4,"Physical Sciences",1.66666666666667,1.33333333333333,0.333333333333333,1.33333333333333,"Professor",0.543689320388349,1,1.33333333333333,1.33333333333333,"Unknown",3.5,2,1.5,4.5,10.5,10.5,"ff46af43a38ee7722bd84f0d52e45bac"
0.391304347826087,"Health",0,0,0,0,"Professor",0.511627906976744,0,0,0,"Female",7,5,2,6.5,12,12,"c240d6f889099dbfd91ad25f280751f6"
0.545454545454545,"Health",0.5,0.5,0,3,"Associate Professor",0.130232558139535,0,6,6,"Male",0,0,0,0,0,0,"81902f757dd2a571705104e75f86c102"
0.857142857142857,"Physical Sciences",1,1,0,4,"Professor",0.674757281553398,1,4,4,"Male",0,0,0,0,0,0,"95b1f8ad28e5ec88a43f6767f6b68c83"
0.181818181818182,"Health",0,0,0,0,"Professor",0.827906976744186,1,0,0,"Male",1,0,1,0.5,1,1,"329f63f5805268455b9f731e87e9331b"
1.93333333333333,"Agriculture",10,5,5,7,"Associate Professor",0.336448598130841,1,7,7,"Unknown",4.5,1.5,3,4,10,10,"22e2e29b5aa0f4665a90a1a040dc3f48"
0.0649350649350649,"Health",0,0,0,0,"Associate Professor",0.311627906976744,1,5,5,"Female",5,3,2,6,6,6,"e1ecb352e548cf199a1fd9452bef6f06"
0.987841945288754,"Agriculture",3,2.33333333333333,0.666666666666667,6,"Associate Professor",0.429906542056075,1,10.6666666666667,11,"Male",1.5,0.5,1,1.5,2,2,"e6f6418e8a05ff2ea46edc6cf35deb24"
0.683673469387755,"Engineering",1.33333333333333,1,0.333333333333333,3,"Professor",0.91747572815534,0,6,7.33333333333333,"Female",0,0,0,0,0,0,"33884b27beb004d54bfd1bca8953deb8"
0.62,"Engineering",1.75,1,0.75,2.25,"Professor",0.242718446601942,0,5.25,6.5,"Male",1.5,1,0.5,2.5,3.5,3.5,"56a7b77b868bbb8d4af95c320eefcada"
0.192307692307692,"Architecture, Design, Planning",1.5,0,1.5,1,"Professor",0.881188118811881,1,1,1,"Female",0.5,0,0.5,0.5,1,1,"cce8964d82acf193a489034480add1db"
2.38674033149171,"Engineering",3,3,0,5,"Associate Professor",0.985436893203884,0,11,11,"Male",1.5,1.5,0,2.5,3,3,"f199a43a3920d7a9e6ba0c878d781d19"
1.49122807017544,"Medical Sciences",1.5,0,1.5,1,"Assistant Professor",0.412903225806452,0,6,6,"Male",4.5,3.5,1,6.5,8.5,8.5,"5c5ab4fc5acfee3fdbe1f72de345a614"
0.0887096774193548,"Medical Sciences",4,4,0,10,"Associate Professor",0.587096774193548,0,10,10,"Female",0,0,0,0,0,0,"4c79c8b718d99a4db222cb56be72731a"
2.08730158730159,"Agriculture",0.5,0.5,0,1,"Professor",0.663551401869159,1,1,1,"Male",0,0,0,0,0,0,"337be793a52244cefb2e8daf3af2a504"
6.5,"Engineering",5.66666666666667,3,2.66666666666667,4.33333333333333,"Associate Professor",0.631067961165049,0,7.66666666666667,7.66666666666667,"Male",1,1,0,2,2,2,"65d40dc2126b8644f0905c710925bdb8"
0.0266666666666667,"Computational Sciences",1.75,1.25,0.5,2.25,"Professor",0.716216216216216,1,3.75,4,"Male",1.5,0,1.5,1,1,1,"e91d969ba10c1773c687e32e48c56dc5"
0.0849056603773585,"Medical Sciences",4,1,3,2,"Assistant Professor",0.67741935483871,1,7,7,"Unknown",2,1,1,7,17,21,"0f6ff4e9847d67564592ba3f16d73653"
0.518181818181818,"Health",0.5,0,0.5,0.5,"Assistant Professor",0.548837209302326,0,1,1,"Female",0,0,0,0,0,0,"f8937aef930565123d328104c6ed0b44"
1.39655172413793,"Engineering",0,0,0,0,"Assistant Professor",0.427184466019418,1,0,0,"Male",4,4,0,7.5,8,8,"681faaaa0aa498305c469216d3ea9c82"
0.0275862068965517,"Engineering",8.5,5.5,3,8,"Associate Professor",0.689320388349515,1,17,18.5,"Male",9.5,1,8.5,2,4,4,"fba2f02d60832a4c38440af05ec30e0d"
0.182926829268293,"Biological Sciences",3,2.5,0.5,6,"Professor",0.645283018867924,1,8.5,9.5,"Unknown",0,0,0,0,0,0,"edbac2208e6237be365e9ea6f6d28131"
1.54166666666667,"Biological Sciences",2,1.33333333333333,0.666666666666667,3,"Professor",0.845283018867925,0,3.66666666666667,3.66666666666667,"Male",1.5,0,1.5,1,1,1,"ae2aba46c6592cd6b97f556838207e38"
0.474358974358974,"Health",0,0,0,0,"Associate Professor",0.130232558139535,0,0,0,"Male",0,0,0,0,1,1,"593b508cee0c783619522ee87a148b6c"
1.12109375,"Engineering",2.5,1.75,0.75,2.5,"Associate Professor",0.737864077669903,1,7.75,10,"Male",1,1,0,2,10,10,"feef3291db9689fc82e902d5390a2a4c"
0.576470588235294,"Biological Sciences",2.75,1.5,1.25,2.25,"Professor",0.652830188679245,0,4.75,6,"Unknown",0.5,0,0.5,0.5,2,2,"b9f1b7e70e396994f595a6fa61aa6a0c"
0.00675675675675676,"Engineering",4,2,2,5,"Assistant Professor",0.689320388349515,1,9,9,"Female",5,1.5,3.5,2.5,3.5,3.5,"6d8bc6decfdead38a5cd78e4c8cf4908"
0.664835164835165,"Engineering",1,0,1,1,"Professor",0.645631067961165,1,9,9,"Male",1.5,0,1.5,1,5,5,"f486392ca1beb5a886e5ded655accbf6"
0.576642335766423,"Biological Sciences",3.5,2.5,1,5.25,"Professor",0.935849056603774,0,10,11,"Male",0,0,0,0,0,0,"ff2e6bf92099da1b6df9fa32a2667328"
0.697674418604651,"Biological Sciences",4.5,3.5,1,7,"Professor",0.475471698113208,0,14.5,14.5,"Unknown",0,0,0,0,0,0,"90cf1b7a5f004a73eb4ae4cca3f7e85b"
0.392561983471074,"Engineering",11.3333333333333,8.66666666666667,2.66666666666667,10.3333333333333,"Associate Professor",0.713592233009709,1,17,19.3333333333333,"Male",17,13.5,3.5,10.5,19.5,20,"9899bee3222453aba401365048dc03fc"
2.21212121212121,"Computational Sciences",0.5,0.5,0,1,"Associate Professor",0.711711711711712,1,4,4.5,"Male",2,1,1,1.5,2,2,"733f707b6ddd3e55eb9c6f3d8b63e944"
0.458333333333333,"Health",0,0,0,0,"Professor",0.665116279069767,0,7.5,8,"Female",0,0,0,0,0,0,"fad9986699e41f86e79409a5577d84f0"
2.56521739130435,"Physical Sciences",5,5,0,10,"Professor",0.747572815533981,1,20.6666666666667,23.3333333333333,"Male",0,0,0,0,0,0,"aa0c9833f810c7f0a1da71a46b95af30"
0.222222222222222,"Biological Sciences",0.5,0,0.5,0.5,"Professor",0.645283018867924,0,5,9,"Male",1,0.5,0.5,1,2.5,3,"0168a5621250e7983f006c4a06fb2062"
1.20945945945946,"Engineering",3.5,3.25,0.25,4.25,"Associate Professor",0.723300970873786,1,6.25,6.5,"Unknown",6.5,5.5,1,7,14,15.5,"a35587dc5de43f644a13f59525ed3c63"
0.866666666666667,"Computational Sciences",0,0,0,0,"Associate Professor",0.315315315315315,0,0,1.5,"Male",0,0,0,0,0,0,"6fd6c2d328d65c0f199956e88b6cbc22"
0.895348837209302,"Engineering",1,1,0,3.5,"Associate Professor",0.592233009708738,0,5.5,5.5,"Unknown",0.5,0,0.5,0.5,2,3,"1474ed5ca14364827bb8c09f1aa0bbe3"
12.18,"Engineering",0,0,0,0,"Associate Professor",0.883495145631068,0,0,0,"Male",9.5,4.5,5,9.5,10,10.5,"fd6e9b4c6784b0b5795f1ce36d83ae9a"
0.62,"Engineering",1.5,1,0.5,1.75,"Associate Professor",0.242718446601942,0,5.25,6.25,"Unknown",0,0,0,0,0,0,"ba0e3c3247ce03f8ac5a2d0df60cb6fa"
2.10714285714286,"Medical Sciences",2.5,2.5,0,5,"Professor",0.541935483870968,0,7,8,"Unknown",5,4,1,5.5,10.5,11,"a337d84c6896db0787be3df110ca89ee"
0.0192307692307692,"Medical Sciences",0.5,0.5,0,1.5,"Associate Professor",0.174193548387097,1,1.5,1.5,"Unknown",0,0,0,0,0,0,"df4d3bed9b8ec690cf7a325db44eb9dc"
3.9047619047619,"Earth Sciences",3.33333333333333,1.33333333333333,2,3.66666666666667,"Associate Professor",0.829545454545455,0,7.33333333333333,7.66666666666667,"Male",3,0,3,1,1,1,"7e57118c5c03296fb680c61582532e69"
9.29032258064516,"Agriculture",3,2.5,0.5,3,"Professor",0.775700934579439,0,3.5,3.5,"Male",0,0,0,0,0,0,"7f97623c25a6ae073852f00287323f91"
0.958333333333333,"Engineering",0,0,0,0,"Professor",0.456310679611651,1,0,0,"Unknown",0,0,0,0,4,4,"6b11483ef9b400c65c8ffed9584894ba"
6.29411764705882,"Physical Sciences",4.5,2,2.5,3,"Professor",0.844660194174757,0,5,5.5,"Female",4,1.5,2.5,3,3.5,3.5,"3c94870517991ff3be6da03c8b2b0ed5"
0.100456621004566,"Biological Sciences",0,0,0,0,"Professor",0.766037735849057,1,2,2,"Male",1,0,1,0.5,1,1,"cf55f1d66753194288219d587437bcef"
0.967741935483871,"Biological Sciences",6,2.25,3.75,3.5,"Associate Professor",0.664150943396226,0,7.5,8,"Male",8.5,4,4.5,8.5,15.5,15.5,"bf6ce5c16100562f44a116d9e3d078d0"
1.72043010752688,"Physical Sciences",0.5,0,0.5,0.5,"Professor",0.888349514563107,1,1,1,"Male",0,0,0,0,0,0,"186e80d919ca6f325897e6489e133027"
0.113924050632911,"Health",1,0.5,0.5,2,"Associate Professor",0.67906976744186,1,3,3,"Male",0,0,0,0,0,0,"21487425fe9b07924e48067fa0490c14"
0.203947368421053,"Medical Sciences",1,0,1,1,"Professor",0.529032258064516,1,3,3,"Male",0,0,0,0,0,0,"d0c42ae0f44e7fd15b60c2abcd63688d"
0.0147058823529412,"Psychological Sciences",2,0.5,1.5,1.5,"Associate Professor",0.409266409266409,1,4,4,"Male",2,1,1,2.5,4.5,5.5,"0b2a38a818567e298e9f3cdef9473b6a"
3,"Computational Sciences",4.25,4,0.25,4.5,"Associate Professor",0.747747747747748,1,7,7.5,"Unknown",6,4,2,4,7,7,"94c498dbcc7eb1b0e1c847c40a45149e"
0,"Biological Sciences",6.66666666666667,3.33333333333333,3.33333333333333,4.66666666666667,"Associate Professor",0.550943396226415,1,7,7,"Male",0,0,0,0,0.5,1,"da0a67822cbd5f6f00458ea881484cc3"
1.04411764705882,"Engineering",0.666666666666667,0.666666666666667,0,1.33333333333333,"Associate Professor",0.572815533980582,1,4,4,"Unknown",4,3,1,5,8,8,"c711abc5b24781acc295e45e7f874895"
2.65693430656934,"Agriculture",2,1.33333333333333,0.666666666666667,2.66666666666667,"Associate Professor",0.738317757009346,0,4.66666666666667,5,"Female",1.5,0,1.5,1,2,2,"85224c70e226c9ab313f5422445dd044"
4.1,"Physical Sciences",2.5,1.5,1,2.5,"Professor",0.995145631067961,0,3,3.5,"Male",0,0,0,0,0,0,"e9bb5ae185b4ef30875dee65491dde87"
3.16071428571429,"Engineering",1,1,0,2,"Associate Professor",0.980582524271845,1,5.5,5.5,"Male",0,0,0,0,0,0,"99fa064f9b00587d3d59e60d573bdb1c"
0.269230769230769,"Engineering",5,5,0,4,"Associate Professor",0.422330097087379,1,7,7,"Unknown",4.5,4,0.5,7.5,9.5,10.5,"b1331ae58dd396ada70eef00ab35236f"
0.143939393939394,"Medical Sciences",2,1,1,1.66666666666667,"Professor",0.935483870967742,0,5.66666666666667,7,"Male",1,0.5,0.5,2.5,8,12.5,"2cc6e44ec51477bddca090ed9a4e6734"
0.00591715976331361,"Biological Sciences",2,1,1,4,"Assistant Professor",0.671698113207547,1,12,12,"Unknown",0,0,0,0,0,0,"148e83ba65161f887163f33fa574947a"
4.02325581395349,"Agriculture",0,0,0,0,"Professor",0.504672897196262,0,0,0,"Male",2.5,0.5,2,1.5,1.5,1.5,"421f5468dc33e70e2b446ea184841ac6"
1.72413793103448,"Psychological Sciences",1,0,1,1,"Assistant Professor",0.768339768339768,1,3,3,"Male",3,1,2,2,5.5,5.5,"db4bc4a3734a1eee723f122809311bca"
13.7777777777778,"Engineering",5.66666666666667,3.66666666666667,2,6,"Associate Professor",0.932038834951456,0,10.3333333333333,12,"Unknown",0,0,0,0,0,0,"01d2a01d9d76fef574b95ea066b6048e"
0.258333333333333,"Health",0.5,0,0.5,0.5,"Associate Professor",0.706976744186047,0,1,1,"Female",0,0,0,0,0,0,"caae5cc4f9d55a34dd77d39acb99767f"
1.16949152542373,"Engineering",0,0,0,0,"Professor",0.771844660194175,1,0,0,"Unknown",1.5,1,0.5,1.5,2,2,"a5c722a908e95d8c77906dd8ddcbc265"
0.692307692307692,"Engineering",10,9,1,9,"Professor",0.62621359223301,1,18.5,19.5,"Male",0,0,0,0,0,0,"2a56132a6a203212c53a3718b9445875"
0.0416666666666667,"Health",5.5,3.5,2,7.5,"Professor",0.488372093023256,1,10.5,10.5,"Female",0,0,0,0,0,0,"e88eda3d6944674598018221c523d6a8"
3.3728813559322,"Agriculture",0,0,0,0,"Professor",0.728971962616822,0,0,0,"Male",1,0.5,0.5,1.5,2,2,"fb79c815e05d1c883d85a9ef71b812fd"
2.07407407407407,"Engineering",2,2,0,5.66666666666667,"Associate Professor",0.781553398058252,1,12.6666666666667,12.6666666666667,"Male",0,0,0,0,0,0,"9ff3166664b8badb523dc0c7d7e169ca"
0.04,"Engineering",0,0,0,0,"Associate Professor",0.0194174757281553,1,1,1.66666666666667,"Male",0.5,0.5,0,1,4,4,"438d434eaad35573e9c1a348e8d9ca44"
0.102941176470588,"Health",0,0,0,0,"Associate Professor",0.762790697674419,1,4,4,"Female",2,0,2,1,1,1,"32f2323c7d1587955d2a55a31e49dbf3"
0.62962962962963,"Agriculture",2.5,2,0.5,7,"Associate Professor",0.598130841121495,1,9,10.5,"Female",2.5,1.5,1,4,4,4,"09915313b409c4832d4eb2d9e8b5247d"
1.40540540540541,"Engineering",0.5,0.25,0.25,0.75,"Associate Professor",0.577669902912621,0,2,2.5,"Male",3.5,2.5,1,2.5,3.5,3.5,"7273b3cee1d22efa4f41953be40e8f07"
1.875,"Engineering",5.5,3.5,2,3.75,"Associate Professor",0.412621359223301,0,6.5,7.5,"Male",0,0,0,0,0,0,"e2ff7435a91b9c083479f21002bcc985"
9.51851851851852,"Engineering",14.5,12,2.5,9.5,"Professor",0.932038834951456,0,13,13.5,"Male",9,8.5,0.5,11,16.5,16.5,"5b4344cc6f83df6ea263460f04938403"
1.18032786885246,"Engineering",4.66666666666667,2.33333333333333,2.33333333333333,4,"Assistant Professor",0.66504854368932,1,5.66666666666667,5.66666666666667,"Unknown",10,4,6,4,4.5,4.5,"15d9544cd30ec5442ae8d389f24b35e1"
0.444444444444444,"Earth Sciences",0,0,0,0,"Professor",0.613636363636364,0,0,0,"Female",1,1,0,5,5.5,6,"83834c47ac363ac0c2f17be0ccb23eb8"
0.188571428571429,"Medical Sciences",0,0,0,0,"Associate Professor",0.845161290322581,1,1,1,"Male",0,0,0,0,0,0,"1db77e14673d256c6a21355bb284774d"
0.845070422535211,"Chemical Sciences",4,2.66666666666667,1.33333333333333,4.66666666666667,"Professor",0.848360655737705,0,8.33333333333333,9.33333333333333,"Unknown",5,5,0,4,15,15,"63e7756acf32a68b44d5308932b3e22c"
0.0333333333333333,"Earth Sciences",0,0,0,0,"Professor",0.522727272727273,1,0,0,"Unknown",0,0,0,0,1,1,"70d082f51625634363e72430dcad073e"
0.113924050632911,"Health",0.333333333333333,0.333333333333333,0,0.666666666666667,"Assistant Professor",0.67906976744186,0,2.66666666666667,3,"Unknown",0,0,0,0,0,0,"8d17c44fe2e218a1587821cdb76ed804"
0.849206349206349,"Engineering",4.5,3.5,1,5.5,"Professor",0.83495145631068,0,10,10,"Male",0,0,0,0,0,0,"3ae3a422d38e52ebc29556948310a53f"
3.66666666666667,"Computational Sciences",2,1,1,2,"Assistant Professor",0.801801801801802,1,3,3,"Female",2.5,2,0.5,5.5,6,6,"3e69c403c1b4a6445f8e8020d9a41e86"
0.0441176470588235,"Medical Sciences",1.33333333333333,0.333333333333333,1,2,"Professor",0.316129032258064,1,5,5.66666666666667,"Male",3,2.5,0.5,11,21,21.5,"b4c455a469d5d1f0e3d0e214336b7728"
0.614583333333333,"Chemical Sciences",4.33333333333333,2.66666666666667,1.66666666666667,3.66666666666667,"Professor",0.651639344262295,1,4.33333333333333,4.33333333333333,"Male",1,0.5,0.5,2,2.5,3,"bedb68412aaddfd751dbd26d0e8b77d2"
0.00854700854700855,"Engineering",3.66666666666667,3.66666666666667,0,7.66666666666667,"Assistant Professor",0.271844660194175,1,12,12.3333333333333,"Female",3,3,0,6.5,16,16,"6bd90b5ec92bc30acc17a44f27e6abef"
3.09302325581395,"Chemical Sciences",4,4,0,6.5,"Assistant Professor",0.852459016393443,0,9,10,"Male",3,2,1,4,7,7,"d6a8ae5a5bee04e8252d15a529b88016"
0.576470588235294,"Biological Sciences",0.5,0,0.5,0.5,"Assistant Professor",0.652830188679245,0,3.5,4,"Unknown",0,0,0,0,8,9,"7e292377a3ee582caea124c711d55d15"
3.72222222222222,"Physical Sciences",1,0,1,0.666666666666667,"Professor",0.883495145631068,0,0.666666666666667,1,"Male",0.5,0,0.5,0.5,1,1,"9cb1d38227550108ed5dcdbbc389c7b5"
1.07142857142857,"Biological Sciences",3,0,3,1,"Associate Professor",0.40377358490566,0,6,6,"Unknown",1,1,0,1,2,2,"99e7940494a9be2c9dca3710d7cb0663"
0.393939393939394,"Biological Sciences",2,0.5,1.5,1.5,"Assistant Professor",0.950943396226415,0,1.5,1.5,"Unknown",1,0,1,0.5,1,2.5,"a37c2898e7a8847394d2777cf10256ac"
0.25,"Health",4,1,3,2,"Professor",0.302325581395349,1,2,3,"Female",1,0,1,0.5,4.5,6,"929d6011cd43896fcf8b1aea2f568d6a"
0.653846153846154,"Physical Sciences",0.5,0.5,0,2.5,"Professor",0.490291262135922,1,5,5,"Male",1,0,1,1,1,1,"db919b1c304382e291d94c9f195049ab"
0.345679012345679,"Earth Sciences",1,0,1,1,"Assistant Professor",0.693181818181818,1,2,2,"Male",1,1,0,3,3.5,4,"dd154b2bad3af9d1d28dbd3f177e389b"
1,"Psychological Sciences",2,0.5,1.5,1.5,"Assistant Professor",0.938223938223938,1,2.5,3.5,"Male",3,1,2,3,6,6,"ccc7bdce636c5f16210b80e8bb03a77e"
1.31034482758621,"Architecture, Design, Planning",0,0,0,0,"Professor",0.94059405940594,0,0,0,"Female",1,0,1,1,1,1,"74ee38fcbe90c7cdaea5494d31eb6914"
2.09090909090909,"Chemical Sciences",8,7,1,11,"Associate Professor",0.737704918032787,1,21,21,"Unknown",3.5,3,0.5,8.5,17,17.5,"abb777614a9c68850823edf91d6172ee"
0.338709677419355,"Health",1,0,1,1,"Associate Professor",0.981395348837209,0,1,1,"Male",0,0,0,0,0,0,"72d66980b119c7cca73833b903b145b4"
11.9166666666667,"Computational Sciences",2.5,1.75,0.75,3,"Associate Professor",0.972972972972973,1,7.5,9.25,"Male",0,0,0,0,2,4,"08a14d0fdfe6ef0afc1bf67ad3daaff6"
0.358974358974359,"Earth Sciences",0,0,0,0,"Associate Professor",0.8125,1,0,0,"Female",0,0,0,0,0,0,"28e4426daf0f2162b438b2f45e612441"
0.218045112781955,"Biological Sciences",2.25,1,1.25,2.25,"Associate Professor",0.826415094339623,0,3.75,4,"Male",0.5,0,0.5,0.5,1,1,"5dc171157e4795e621aaa4091a592536"
1.16949152542373,"Engineering",0,0,0,0,"Professor",0.771844660194175,1,0,0,"Female",0,0,0,0,0,0,"e4ec03e1d22596b2b798ea623a6b40e8"
6.11904761904762,"Biological Sciences",2.5,2,0.5,4,"Professor",0.947169811320755,0,10,10.5,"Unknown",2,1,1,2,2,2,"b9029d301683568925b9bcb31e37cac6"
0.388059701492537,"Health",1,0,1,0.333333333333333,"Associate Professor",0.651162790697674,0,1,1,"Male",1.5,1.5,0,4,4.5,4.5,"80485e46a20bfbdf07a099567ea10ec8"
0.700534759358289,"Engineering",7,6,1,10,"Associate Professor",0.645631067961165,1,15,15,"Unknown",0,0,0,0,0,0,"734878edf2fc035717751b81de8a8c6b"
1.63934426229508,"Engineering",1,0,1,0.666666666666667,"Associate Professor",0.781553398058252,0,1,1,"Male",2,1,1,2,2,2,"edddf59e6baa848f31b336fcc8a2abe7"
0.302752293577982,"Biological Sciences",0.333333333333333,0,0.333333333333333,0.333333333333333,"Professor",0.735849056603774,0,1,1,"Unknown",0,0,0,0,0,0,"0854b512ce6cc80832af660a7e7fbf6e"
0.655555555555556,"Biological Sciences",1,1,0,4,"Professor",0.977358490566038,1,5,5,"Male",0,0,0,0,0,0,"e2a068ae889ef5e7cda2606cca114834"
0.459459459459459,"Engineering",0.666666666666667,0.333333333333333,0.333333333333333,1.33333333333333,"Professor",0.553398058252427,1,2,2,"Male",0,0,0,0,0,0,"532ba850548f4b7521db02507f808da4"
0.0072992700729927,"Health",0,0,0,0,"Professor",0.823255813953488,1,0,0,"Female",1.5,1,0.5,2.5,3,3,"59d0987e8d5752bc82bc4eb3a89e010c"
1.10434782608696,"Biological Sciences",1.75,1.75,0,3,"Assistant Professor",0.852830188679245,0,4,4.25,"Female",3,1,2,2,2,2,"fa8a762ec990337e4870e972d4103228"
0.314606741573034,"Engineering",0.5,0,0.5,0.5,"Associate Professor",0.703883495145631,1,1.5,2,"Male",0,0,0,0,0,0,"19335f67de43f836f7b45095964fea73"
0,"Earth Sciences",2,1,1,3,"Associate Professor",0.653409090909091,1,4,4,"Male",0.5,0,0.5,0.5,3,3,"fe0159741feed170baddb1d20db754bd"
0,"Biological Sciences",2.5,1.5,1,3,"Assistant Professor",0.709433962264151,1,5.5,6,"Male",1,1,0,2.5,3,3,"23d15ab95d006dc0924e67df58628755"
1.85714285714286,"Engineering",3,0,3,1,"Assistant Professor",0.878640776699029,0,1,1,"Male",0.5,0.5,0,1,2,2,"ca512954384f959ddee80428388365dc"
3.74358974358974,"Chemical Sciences",5.25,4.25,1,7,"Professor",0.979508196721312,1,10.25,11.5,"Male",3,1.5,1.5,4,7.5,11,"0122bd6bfc18484be7a013dcc6526c99"
0.230769230769231,"Biological Sciences",0.5,0.5,0,1,"Assistant Professor",0.4,0,2,2,"Unknown",6.5,6.5,0,9,15,16.5,"40ba8e14ef6f360332006779278b939d"
4.48780487804878,"Agriculture",1.66666666666667,0.666666666666667,1,1.33333333333333,"Assistant Professor",0.476635514018692,0,3,3.33333333333333,"Unknown",8.5,4.5,4,6,11,12,"6fba6cfabdb88162d14ed76dcd64723a"
3.66666666666667,"Computational Sciences",1.5,1,0.5,2.5,"Assistant Professor",0.801801801801802,1,4,4,"Male",0,0,0,0,2,4,"14179fe7cbe3313712d2c18cce44e27a"
0.0256410256410256,"Biological Sciences",0,0,0,0,"Assistant Professor",0.966037735849057,1,0,0,"Male",1.5,1.5,0,2.5,4,4,"b4ba15ebca1f1122aa4d3ae34d5eec4a"
0.0256410256410256,"Biological Sciences",0,0,0,0,"Professor",0.966037735849057,1,0.666666666666667,1.33333333333333,"Female",4,3,1,3,10,12.5,"315afa257971714c4df901988e2e607b"
3.58695652173913,"Agriculture",1,1,0,2.33333333333333,"Assistant Professor",0.289719626168224,0,6.33333333333333,6.66666666666667,"Female",0,0,0,0,0,0,"aac60999f39e338998ed8b414497cee6"
0.56,"Biological Sciences",0.5,0.5,0,1.5,"Assistant Professor",0.418867924528302,0,3.5,4,"Unknown",0,0,0,0,0,0,"0ad27970e478a0361f65ecdd64fa7a4f"
0.736842105263158,"Biological Sciences",0,0,0,0,"Professor",0.249056603773585,0,0,0,"Female",10,1,9,2,4,4,"6d5407641b8d7058e71a879375a9ed34"
0.0900900900900901,"Biological Sciences",3,1.66666666666667,1.33333333333333,3,"Professor",0.467924528301887,1,5.66666666666667,6.66666666666667,"Male",1,0,1,0.5,4,5,"945e66c8ef51600512c3558fe12467c8"
0.0900900900900901,"Biological Sciences",1,0.5,0.5,1,"Associate Professor",0.467924528301887,1,2,2,"Male",0,0,0,0,0,0,"8df78e15960c3b0dfd0f8df342703f5a"
0.0166666666666667,"Health",1.5,0.5,1,1.5,"Associate Professor",0.553488372093023,1,5,6,"Female",1,0.5,0.5,1,2,2,"41f31d68c2ab3b3ab2de7156f62684cd"
0.0659340659340659,"Biological Sciences",1,0.5,0.5,1.5,"Assistant Professor",0.479245283018868,0,2,2,"Unknown",1.5,0.5,1,2.5,4,5.5,"9916ad747b866ae57c47ce692995ee30"
0.440677966101695,"Biological Sciences",1,1,0,2,"Associate Professor",0.60377358490566,0,7,7,"Unknown",2,2,0,2,4,4,"1af086ed14a48b68f70804c8068c3f64"
3.80952380952381,"Earth Sciences",7,6.33333333333333,0.666666666666667,6.33333333333333,"Professor",0.829545454545455,1,10.3333333333333,11.6666666666667,"Male",2,1,1,3,5,6,"512fd770e1caea3e0e0ed4cb58d777fe"
0.242990654205608,"Agriculture",1,0.5,0.5,1.5,"Professor",0.0560747663551402,1,3.5,5,"Male",0,0,0,0,0,0,"7778856d8fef4fea19aa687ec98aee09"
0.00675675675675676,"Engineering",1,0,1,1,"Professor",0.689320388349515,1,1,1,"Male",0,0,0,0,0,0,"17059c82832ec7e6edf4e39aa1cab8d2"
0.5,"Biological Sciences",0,0,0,0,"Professor",0.932075471698113,0,0,0,"Male",0.5,0.5,0,1,2,2,"b84b8528b374116d24c5972ef07a1ff4"
0.789473684210526,"Computational Sciences",0,0,0,0,"Associate Professor",0.238738738738739,0,0,0,"Male",0.5,0,0.5,0.5,1,1,"2a3023f1767f4916730ba992b6a3f457"
1.82758620689655,"Computational Sciences",1.33333333333333,1,0.333333333333333,3,"Assistant Professor",0.752252252252252,1,8.33333333333333,10,"Male",2.5,2,0.5,6.5,11.5,11.5,"2ac300cdf39d93d0b780b55595204ef1"
2.09677419354839,"Computational Sciences",3,2,1,3,"Associate Professor",0.752252252252252,0,8.66666666666667,11.6666666666667,"Male",2.5,1,1.5,3,5,5,"09d9bbfb52ca14837155712a07e36935"
6.27272727272727,"Engineering",2,0.75,1.25,1.5,"Associate Professor",0.631067961165049,0,2.25,2.5,"Male",0,0,0,0,0,0,"f4c006c2c5ba734cd6867235819574d3"
0.987841945288754,"Agriculture",1,0.5,0.5,3,"Associate Professor",0.429906542056075,1,6,7,"Female",0.5,0.5,0,1.5,2,2,"1cac281ebbdaab8b313d298deeb0ca1e"
0.757309941520468,"Agriculture",2,0,2,1,"Assistant Professor",0.429906542056075,1,3,3,"Male",0,0,0,0,0,0,"a0da71268e6ab8cc29ed1a4787acf963"
0.0721649484536082,"Engineering",0,0,0,0,"Assistant Professor",0.257281553398058,0,0,0,"Unknown",5,5,0,5,5,5,"ffb70ec88d6c57e0af0decb95ca119a4"
0.415094339622641,"Biological Sciences",3.25,1,2.25,2,"Professor",0.856603773584906,0,3.5,4.25,"Unknown",0,0,0,0,0,0,"a143c5d0d2a37e5d5efadd73748e154e"
0.222222222222222,"Engineering",1.5,0.5,1,1.5,"Assistant Professor",0.640776699029126,1,3,3,"Unknown",5,3.5,1.5,4,7.5,7.5,"61f60be8cfb05b36ddfcd0a213b537ad"
0.816666666666667,"Engineering",2,1.66666666666667,0.333333333333333,2.33333333333333,"Associate Professor",0.66504854368932,0,3.66666666666667,4,"Male",0,0,0,0,0,0,"d7ae5061ed5d81a07f3a24dd4989f7ca"
0.645833333333333,"Psychological Sciences",3,2,1,5,"Assistant Professor",0.934362934362934,1,5,5,"Male",0,0,0,0,0,0,"27438a0865c2e93aa846fe8a441cc4a5"
0.424242424242424,"Biological Sciences",4,3,1,4,"Professor",0.637735849056604,0,12,12,"Male",3.5,2.5,1,4,6.5,7,"c0522340ef416301159cc71c64997528"
1.40909090909091,"Physical Sciences",2,0.5,1.5,1,"Assistant Professor",0.223300970873786,0,3.5,5,"Unknown",0.5,0.5,0,2,2.5,2.5,"3fd4869543ed2ac12c33c5c1cad89e4d"
0.0561797752808989,"Health",1,1,0,2,"Assistant Professor",0.567441860465116,0,4,4,"Unknown",0.5,0.5,0,1,2,2,"357e03e054a31d648fe3b409622ae3dd"
3.66666666666667,"Computational Sciences",4.5,2.5,2,3.5,"Professor",0.747747747747748,0,5,5,"Male",0,0,0,0,0,0,"872c15e58bca6dc044115b10c41cabd3"
0.676470588235294,"Chemical Sciences",2,1.66666666666667,0.333333333333333,5,"Professor",0.770491803278688,1,9,11.6666666666667,"Male",3.5,2.5,1,9,13,13,"46de18b4af8f93cfbc46273520f8eaf4"
0.609053497942387,"Engineering",0,0,0,0,"Professor",0.966019417475728,0,2,2,"Male",0,0,0,0,0,0,"4b3276cf8763a84e7f80e8ef465b20ec"
0.0416666666666667,"Chemical Sciences",2,2,0,4,"Assistant Professor",0.622950819672131,1,6.33333333333333,6.66666666666667,"Female",2.5,2.5,0,7,8,8,"0698204e419338e8a4125c71c7dc7f05"
0,"Health",2,1,1,2,"Professor",0.911627906976744,1,2,2,"Male",1,0.5,0.5,1,1,1,"d700dfe1836567330f1a480cf7eff224"
0.6,"Physical Sciences",0.5,0.5,0,1,"Associate Professor",0.160194174757282,0,7,12,"Male",0,0,0,0,0,0,"05661411b0ec4a0f76afa03add51407a"
1.1,"Biological Sciences",2,1.33333333333333,0.666666666666667,3.33333333333333,"Professor",0.539622641509434,0,8,9.66666666666667,"Male",0,0,0,0,0,0,"a741000e6c7b1bf4f106682fa5bec2fa"
2.82926829268293,"Physical Sciences",3,3,0,5,"Professor",0.936893203883495,0,8,8.5,"Male",0,0,0,0,0,0,"8228bccea7e0d26fadee2d3fd7e91493"
0.388059701492537,"Health",0,0,0,0,"Associate Professor",0.651162790697674,0,0.333333333333333,0.666666666666667,"Female",0,0,0,0,0,0,"e8ea5002f688545e4ac018714e9af8a7"
8.19230769230769,"Engineering",1,0,1,1,"Professor",0.932038834951456,0,1,1,"Male",4,0.5,3.5,1.5,2,2,"5064d76ca17284bd8f4b9ffd40bed452"
7.34782608695652,"Physical Sciences",0.666666666666667,0.333333333333333,0.333333333333333,1.66666666666667,"Assistant Professor",0.893203883495146,0,3,3,"Male",0,0,0,0,0,0,"76e0a4ea0586fe9b5750b2dcdc886443"
0.486486486486487,"Computational Sciences",5.66666666666667,5.66666666666667,0,6.33333333333333,"Assistant Professor",0.923423423423423,1,10.3333333333333,10.6666666666667,"Female",13,13,0,8,8,8,"878aad79b8d93267e113daeb08c22422"
0,"Medical Sciences",0,0,0,0,"Assistant Professor",0.761290322580645,1,0,0,"Unknown",1,0,1,1,2,2,"d5d04594725198d9047f1a0953bf6121"
0.00432900432900433,"Health",1,0,1,0.5,"Professor",0.758139534883721,1,1,1,"Male",0,0,0,0,0,0,"36898ae395f85ad70933bed53660fa93"
0.5,"Biological Sciences",2.5,0.5,2,1.5,"Assistant Professor",0.773584905660377,1,2,2,"Male",0,0,0,0,0,0,"7c4b48ff75edb2e72a0ee3d50a6610e2"
0.0555555555555556,"Medical Sciences",2,2,0,2,"Assistant Professor",0.587096774193548,0,2,2,"Male",0.5,0,0.5,0.5,1,1,"b0f9c0ac46cc1d776af0e6d2f7bd2de9"
0.230366492146597,"Health",3,2,1,3.5,"Associate Professor",0.851162790697674,1,4,4,"Female",3,3,0,4.5,5.5,5.5,"a82b5b4908de67b8ffed032b28d68415"
0.829787234042553,"Engineering",5,0,5,1,"Assistant Professor",0.529126213592233,0,5,5,"Male",4.5,3.5,1,5,9.5,10,"ee0858c9fb920cde8444583fb323d14e"
4.97777777777778,"Computational Sciences",1,0,1,0.666666666666667,"Assistant Professor",0.63963963963964,0,1,1,"Unknown",0,0,0,0,0,0,"249dc914f2ae808be96fa2fff7a42567"
0.838235294117647,"Computational Sciences",1.5,1,0.5,1.5,"Assistant Professor",0.779279279279279,1,4,4,"Unknown",0,0,0,0,0,0,"88f5648a433f8e94ffaffda47cfeb0f6"
0,"Health",3.33333333333333,0.333333333333333,3,1.33333333333333,"Assistant Professor",0.302325581395349,1,2,2,"Female",0,0,0,0,0,0,"5adce6ceeea2f170d84b00d11c53f289"
0.209302325581395,"Health",4.33333333333333,1.33333333333333,3,2.66666666666667,"Associate Professor",0.869767441860465,0,6.66666666666667,8.66666666666667,"Female",3,2,1,5.5,6,6,"a1cbd791bf877591a123d195734da653"
4,"Biological Sciences",0,0,0,0,"Assistant Professor",0.818867924528302,0,0,0,"Female",2.5,1.5,1,4.5,5.5,5.5,"a93997ef513b0adb9ca4fe0499d5297d"
0.0169491525423729,"Biological Sciences",3.5,1,2.5,3.5,"Assistant Professor",0.837735849056604,1,4,4,"Female",5.5,3,2.5,12,15,15,"265626f10e690f969673e2e89bdabb42"
0.0441176470588235,"Medical Sciences",5.5,2.5,3,4.5,"Assistant Professor",0.316129032258064,1,7.5,7.5,"Female",2,0.5,1.5,2.5,2.5,2.5,"253219ce2fe034b19224aa95bdb8ee9b"
0.55,"Chemical Sciences",0,0,0,0,"Assistant Professor",0.159836065573771,0,0,0,"Male",1,0.5,0.5,2,8,9.5,"a261eedc7dd5fec3ddff5fdb261a7ca2"
3.64516129032258,"Chemical Sciences",16.6666666666667,14.3333333333333,2.33333333333333,15.6666666666667,"Professor",0.950819672131148,1,27,28.6666666666667,"Male",0,0,0,0,0,0,"4ee10d6e13d6d66095ac31e28577e449"
0.0256410256410256,"Biological Sciences",1.5,1,0.5,3,"Associate Professor",0.966037735849057,1,3.5,3.5,"Female",0.5,0,0.5,0.5,1,1,"6f217a18a0a9f8847ea34982ea532f62"
9.5,"Computational Sciences",0,0,0,0,"Assistant Professor",0.873873873873874,0,0,0,"Male",1,1,0,5,8,8,"2f8b3e5bf44b5b1b01a662a78553e2b8"
0.0123456790123457,"Health",0.666666666666667,0,0.666666666666667,0.666666666666667,"Professor",0.116279069767442,1,1.33333333333333,1.66666666666667,"Female",1,1,0,2,2,2,"a4cc39d1436503584d479c8853aee068"
0.159090909090909,"Medical Sciences",2,0.333333333333333,1.66666666666667,1.33333333333333,"Assistant Professor",0.793548387096774,0,1.33333333333333,1.33333333333333,"Unknown",3,1.5,1.5,2,2,2,"81d7e46cd4c2f5d7543169f11193c3b5"
2.87234042553191,"Biological Sciences",0,0,0,0,"Professor",0.981132075471698,0,0,0,"Female",0.5,0,0.5,0.5,1,1,"c4a7d145266c4b64654c49cfc039cb56"
0.115942028985507,"Health",1.5,0.5,1,1.5,"Professor",0.762790697674419,0,1.5,1.5,"Male",0,0,0,0,0,0,"7b1b93baa13620ccb4037306cc80abdd"
0.538461538461538,"Biological Sciences",0,0,0,0,"Associate Professor",0.558490566037736,1,2,2,"Male",0,0,0,0,0,0,"dbe3401804d43779724d4756533e7556"
1.09473684210526,"Engineering",2,0.5,1.5,1.5,"Professor",0.91747572815534,1,1.5,1.5,"Male",0,0,0,0,0,0,"c80142e0a3d6ed9da47d0dffc5fbeebe"
7.42857142857143,"Engineering",1,0,1,1,"Assistant Professor",0.5,0,1,1,"Female",0.5,0,0.5,0.5,0.5,0.5,"015d141c062ad96c6b84e9c985915d5f"
1.59677419354839,"Medical Sciences",0,0,0,0,"Associate Professor",0.774193548387097,0,0,0,"Female",0.5,0.5,0,1,2,2,"f5b61c9967c826b1468212c485bfad59"
0.782608695652174,"Engineering",1.5,0.5,1,1,"Assistant Professor",0.747572815533981,1,1.5,1.5,"Female",1,0,1,1,2,2,"5b8205d3c3392c6458c4539c1d84d863"
1.7734375,"Agriculture",2.33333333333333,2.33333333333333,0,4.66666666666667,"Assistant Professor",0.607476635514019,0,9.33333333333333,10.3333333333333,"Male",0,0,0,0,0,0,"5b9dda3baa711236fc06b1d758c5a1dc"
0.069364161849711,"Health",1.25,0.25,1,1,"Assistant Professor",0.558139534883721,0,1.5,1.5,"Female",2,1,1,3,3,3,"446431e93a77106a77e7b0cb04501fb2"
2.44,"Biological Sciences",0.666666666666667,0.333333333333333,0.333333333333333,1.66666666666667,"Professor",0.750943396226415,0,5,5.66666666666667,"Male",0,0,0,0,0.5,1,"a6315d498f1805a435125ee3a670f3c7"
0.6875,"Health",0.5,0,0.5,0.5,"Associate Professor",0.604651162790698,0,1.5,2,"Male",1.5,0,1.5,1,1,1,"ccfcdfae706becef15492e13fc39e719"
0.493827160493827,"Engineering",8,7,1,13,"Associate Professor",0.490291262135922,1,22.5,25.75,"Male",3,2.5,0.5,5.5,15.5,15.5,"8fde3bf61f65ff41058dafd09497facb"
0.0166666666666667,"Health",1,0,1,0.666666666666667,"Professor",0.795348837209302,1,3,4,"Female",0,0,0,0,0,0,"d1da34765c4706936227afc8057da876"
3.43478260869565,"Biological Sciences",1.5,0,1.5,1,"Professor",0.39622641509434,0,1,2.5,"Male",4.5,0,4.5,1,2,2,"62dfc6ddad2f5c278dd21e946abded9d"
0.0882352941176471,"Health",0.5,0,0.5,0.5,"Associate Professor",0.46046511627907,0,1,1,"Male",2,0,2,1,1,1,"c39f74faae88e5d53f298452f9729091"
3.42857142857143,"Psychological Sciences",1.5,0.5,1,2,"Associate Professor",0.795366795366795,1,2,2,"Female",4.5,1,3.5,3,3,3,"4575d2a4b0d8ef79f98ab40c0088b975"
0.0476190476190476,"Earth Sciences",2,1.66666666666667,0.333333333333333,2.33333333333333,"Professor",0.698863636363636,0,3.33333333333333,3.33333333333333,"Male",0,0,0,0,1,1.5,"c8174db2f91a97c9fefe6aed6e66bc84"
1,"Computational Sciences",1.66666666666667,0.666666666666667,1,1.66666666666667,"Professor",0.612612612612613,1,4.66666666666667,6,"Male",0,0,0,0,0,0,"5d0a421f9c23e0850733d54fe143d3ee"
0.0072992700729927,"Health",0,0,0,0,"Professor",0.823255813953488,1,0,0,"Female",1,0.5,0.5,2,3,3,"e0fed85f4a4a9f83ea7a65ac7f1a631f"
0.0769230769230769,"Psychological Sciences",2.5,0.5,2,1.5,"Assistant Professor",0.552123552123552,1,2,2,"Male",3.5,2.5,1,6.5,8.5,8.5,"e9ad6051f6df5b19679eb53b56f2bee8"
0.0275862068965517,"Engineering",0,0,0,0,"Assistant Professor",0.689320388349515,1,1,1,"Male",1,0,1,1,2,3,"c6dff312621c51f0cd25cfe66eb45fb7"
0.141379310344828,"Health",2,0.666666666666667,1.33333333333333,1.33333333333333,"Assistant Professor",0.632558139534884,1,2.33333333333333,2.66666666666667,"Female",0,0,0,0,0,0,"3eca6e43b263ff53a5be9920d5c0b1e2"
2.87234042553191,"Biological Sciences",0,0,0,0,"Assistant Professor",0.981132075471698,0,0,0,"Unknown",1.5,0.5,1,1.5,3.5,4.5,"512057663b90adfee6f1935aa29a69bf"
0.354838709677419,"Computational Sciences",2,1,1,4,"Assistant Professor",0.0225225225225225,0,4,4,"Unknown",2.5,0,2.5,1,2,2,"c1a9ebdd54a015ecfc1eddb0e16e7713"
0.493827160493827,"Engineering",1,0,1,0.5,"Assistant Professor",0.368932038834951,0,1,1,"Male",1,0,1,1,1,1,"e339b5dc10642fce5d0b30a899bc9028"
0.075,"Earth Sciences",0.5,0,0.5,0.5,"Assistant Professor",0.153409090909091,0,1,1,"Male",0,0,0,0,0,0,"c1dc2e01a03ef9e4d2479320c9687eb2"
0.0272108843537415,"Health",0,0,0,0,"Assistant Professor",0.223255813953488,1,4,4,"Unknown",7.5,5.5,2,8,9,9,"d068f5af43edc296f64f2d482ee9cc10"
0.136363636363636,"Psychological Sciences",1.5,1.5,0,2.5,"Associate Professor",0.71042471042471,0,5.5,5.5,"Male",0,0,0,0,2,3,"1fa38dd3dc67f8c9d04596f452f46536"
0.388059701492537,"Health",0,0,0,0,"Associate Professor",0.651162790697674,0,4,4,"Female",2,0,2,1,1,1,"fbd90c4080fd23ee4faba110bbf7284c"
6,"Chemical Sciences",5.5,3.5,2,5,"Assistant Professor",0.692622950819672,0,7,7.5,"Unknown",4,3.5,0.5,5,8.5,9,"05fb33a5dba600ec0dbeae27a00a21cf"
2.90265486725664,"Engineering",6,2,4,3,"Associate Professor",0.980582524271845,0,3,3,"Male",3,0.5,2.5,1.5,2,2,"394a89799bb55e3b9f00be35dceadd96"
0.238095238095238,"Engineering",0,0,0,0,"Assistant Professor",0.300970873786408,1,1,1,"Unknown",2.5,1,1.5,3,5,5.5,"e7f97ef83dae2d7f856748ea96ad6da1"
0.571428571428571,"Health",3,0,3,1,"Assistant Professor",0.93953488372093,0,6,6,"Unknown",2,0.5,1.5,2,2,2,"bc11f9f6ba29f48e3074d660312061db"
0.220858895705521,"Health",1,0.5,0.5,2.5,"Assistant Professor",0.576744186046512,1,2.5,2.5,"Female",0,0,0,0,0,0,"9003c4be257c8e69ad790cb659e3e66e"
0.00854700854700855,"Engineering",0,0,0,0,"Associate Professor",0.271844660194175,1,0,0,"Female",1.5,0,1.5,1,1,1,"97bbd6c99a862f20657d9b2b1c77b2c8"
0.1,"Biological Sciences",2,0,2,1,"Assistant Professor",0.0377358490566038,0,3,3,"Unknown",3,1,2,2,3,3,"d39916f6270343f54a8bbf71636cdf3e"
0.062992125984252,"Biological Sciences",1,0.5,0.5,1.5,"Assistant Professor",0.716981132075472,1,1.5,1.5,"Female",3,2,1,4,5,5,"a4e9c5dcee620b77b3bd87fc42989efc"
0.903846153846154,"Biological Sciences",2,1,1,2,"Professor",0.664150943396226,0,2,2,"Male",1.5,1.5,0,1.5,3,3,"94992a122b3f1a12aa524cd2881a8669"
20.3636363636364,"Computational Sciences",3,3,0,6,"Professor",0.972972972972973,0,14,17,"Male",1.5,0.5,1,1.5,2,2,"3c06bb1c139d6987e38ce5a5f0298c08"
0,"Biological Sciences",1,1,0,3,"Associate Professor",0.79622641509434,1,3,3,"Female",1.5,0.5,1,1.5,2,2,"2a30dc5b0aa785985e1b5b0a0463f25b"
7.68,"Chemical Sciences",2,2,0,3,"Assistant Professor",0.991803278688525,0,4,4,"Unknown",6,2,4,5,7.5,8,"a3204fc3f4d60399e0adf436a2db2875"
0.0230769230769231,"Biological Sciences",0,0,0,0,"Assistant Professor",0.777358490566038,1,0,0,"Male",3.5,3,0.5,4.5,4.5,4.5,"944f8a5303b6298a260800fba01b9f9f"
0.439393939393939,"Health",0,0,0,0,"Associate Professor",0.981395348837209,0,2,2,"Female",1.5,0,1.5,1,1,1,"fd951f795e3cdab3fe3ad086f2671f75"
0.847457627118644,"Engineering",0,0,0,0,"Professor",0.713592233009709,1,4,4,"Male",1,1,0,3.5,4.5,4.5,"2d89923e42e4749087710c7426a23e78"
0.97029702970297,"Biological Sciences",1,0.5,0.5,1.5,"Assistant Professor",0.732075471698113,0,3.5,4,"Male",1.5,1.5,0,3,8,8,"caff222c933a5f0f293ad0c8571dc9e4"
0.0220588235294118,"Engineering",1,1,0,2,"Assistant Professor",0.689320388349515,1,2,2,"Female",5,4.5,0.5,11,14.5,14.5,"ad4c1d386bf0e391957b3e30ea1a851e"
0.0166666666666667,"Health",0,0,0,0,"Assistant Professor",0.795348837209302,1,2,2,"Male",3.5,3,0.5,7.5,13.5,14,"c903a3aa6e7de0b4ee43b32fe5e8e0a7"
0.12621359223301,"Medical Sciences",10,4,6,7,"Associate Professor",0.587096774193548,0,7,9,"Male",8.5,3.5,5,8,9.5,9.5,"4b757b3dc08000b76a344cbcb0c59bde"
4.25,"Psychological Sciences",0,0,0,0,"Assistant Professor",0.965250965250965,0,8,8,"Female",2,1,1,2,3,3,"8bf6e0496945645e73fb5ba642e83db5"
4.57894736842105,"Psychological Sciences",8,4.5,3.5,5,"Assistant Professor",0.965250965250965,1,6.5,6.5,"Female",5,0,5,1,4,4,"28dd8bb6e2871710dbc8fe14e5bbeec5"
1.96296296296296,"Engineering",4,3,1,9,"Professor",0.922330097087379,1,21,21,"Female",4.5,2.5,2,4,5.5,5.5,"b24828cf3d9d5c3fcc1b8752546baaa0"
2.5,"Earth Sciences",1,0,1,1,"Assistant Professor",0.346590909090909,0,1,1,"Male",3,0.5,2.5,1.5,2,2,"246a32ecbc718a73e9d98b6762c4f3c8"
6.11904761904762,"Biological Sciences",1.25,1,0.25,2,"Associate Professor",0.947169811320755,0,5,6,"Unknown",0,0,0,0,1,1,"6f874e882d445ec83a02f99928d93a70"
0.974358974358974,"Engineering",2,0,2,1,"Professor",0.91747572815534,1,3,3,"Male",2.5,0,2.5,1,1,1,"2d0be675a7a9118eac01d36f7df7baea"
0.0823045267489712,"Biological Sciences",1,1,0,2,"Associate Professor",0.709433962264151,1,2,2,"Male",0,0,0,0,0,0,"2026303fd987093a517922ec14e5aba2"
0.021505376344086,"Biological Sciences",5,4,1,3,"Assistant Professor",0.479245283018868,1,4,4,"Unknown",9,2,7,4,7,7,"82a239bc05f5c5eb81e2a6b1835d2a29"
0.830188679245283,"Biological Sciences",5,2,3,6.5,"Assistant Professor",0.924528301886792,1,10.5,12,"Female",0,0,0,0,0,0,"af3e3fa6ebdb00412dbec5f55fcd4325"
1.82608695652174,"Earth Sciences",7,2,5,3,"Associate Professor",0.744318181818182,1,7,7,"Male",9.5,2,7.5,3.5,8,9,"961ee3a12bc4a833336301992df91583"
0.396739130434783,"Medical Sciences",12,6,6,7,"Associate Professor",0.903225806451613,0,9,9,"Male",5.5,2,3.5,3,3.5,3.5,"8718c458813e7b1951708ee103318ede"
0.583333333333333,"Medical Sciences",1,0,1,1,"Professor",0.92258064516129,0,4,4,"Male",0.5,0.5,0,1,1.5,1.5,"6e5b23eb02820382e37fb461ffb68720"
0.0666666666666667,"Psychological Sciences",1,0,1,1,"Professor",0.806949806949807,1,3,3,"Female",0,0,0,0,0,0,"7c2b2bc4ece1dab8df3eadcaa5b5caf3"
5.84,"Physical Sciences",2,1,1,3,"Professor",0.893203883495146,0,3,3,"Male",0,0,0,0,0,0,"eb5437dc458a561d62582e63441f4478"
3.71875,"Engineering",4,4,0,9,"Associate Professor",0.781553398058252,0,10,11,"Male",4,3.5,0.5,4,4.5,4.5,"a666ae9089bc400762ac8b34d665191c"
0.247933884297521,"Biological Sciences",0,0,0,0,"Professor",0.826415094339623,1,2,2,"Male",0,0,0,0,0.5,1,"a07cdfa56598f923d3ab0cf83ba355a6"
1.21374045801527,"Engineering",1,0,1,1,"Assistant Professor",0.912621359223301,0,1,1,"Unknown",0,0,0,0,0,0,"3db4fbe33382f3fcb9a023c030272f3f"
0.931034482758621,"Psychological Sciences",7,3,4,6,"Assistant Professor",0.571428571428571,1,7,7,"Male",5,0,5,1,1,1.5,"ef600a6cbdcac77a5528c18795224f8b"
0.0251572327044025,"Health",2,0,2,1,"Assistant Professor",0.223255813953488,1,2,2,"Male",3,1,2,2,3.5,4,"4659a7eaf469d493fe847756e3fe25e6"
0.396739130434783,"Medical Sciences",4,2,2,5,"Associate Professor",0.903225806451613,1,5,5,"Unknown",3.5,0.5,3,1.5,1.5,1.5,"6ef5e6a94745468686f82e043d3a10af"
20.3636363636364,"Computational Sciences",7,1,6,2,"Professor",0.972972972972973,0,7,11,"Unknown",1,0.5,0.5,2.5,3.5,3.5,"f96a8437e6dabe2d237a79c255000c68"
3.73333333333333,"Engineering",12,8,4,8,"Associate Professor",0.941747572815534,0,12,15,"Male",0,0,0,0,0,0,"f1a95bfefd8918eb6157ca27a38711c2"
0.466666666666667,"Agriculture",6.5,2,4.5,4,"Professor",0.700934579439252,1,12,12.5,"Male",0,0,0,0,0,0,"2aba1eda700b320733eb830f5ed43573"
0.376623376623377,"Health",2,1,1,2,"Professor",0.944186046511628,1,5.5,5.5,"Male",0,0,0,0,2,2,"6f902d183776157b0dc1282ab55f6097"
0,"Computational Sciences",13,4,9,4.5,"Associate Professor",0.175675675675676,1,10,11.5,"Unknown",11.5,4,7.5,5.5,9,10,"41ad3efdbfe74603b318f9a3527ecdb9"
1.32075471698113,"Medical Sciences",0,0,0,0,"Professor",0.432258064516129,0,8,8,"Female",0,0,0,0,0,0,"a15635160ba19e8fe43761036bc3987c"
0.442748091603054,"Engineering",3,1,2,3,"Assistant Professor",0.281553398058252,1,6,7,"Unknown",5.5,4.5,1,5,8,8.5,"6a2c0bac126190ff98d344e07e943b94"
4.01960784313725,"Engineering",3,3,0,7,"Associate Professor",0.781553398058252,0,22,22,"Female",4.5,3.5,1,9,10.5,10.5,"c7605027a49cde5c6e68f258dcae5e92"
0.0620689655172414,"Health",0.5,0.5,0,1,"Professor",0.558139534883721,1,2,2,"Male",2,0.5,1.5,1,1,1,"e4fa6a8a8ff42154b0174be0b4b2e838"
0,"Engineering",0,0,0,0,"Associate Professor",0.412621359223301,1,3,3,"Female",1.5,1,0.5,2,3.5,3.5,"5f03878d850a698d82a9a8187cf856ee"
3.58333333333333,"Earth Sciences",0,0,0,0,"Assistant Professor",0.539772727272727,0,2,2,"Female",3,1,2,2,2.5,2.5,"1e13abd010c4509c099c9193761a0407"
1,"Medical Sciences",0,0,0,0,"Assistant Professor",0.445161290322581,0,5,5,"Female",4.5,0,4.5,1,1,1,"7576cb69ceecec1db458784fef056392"
0.0638297872340425,"Biological Sciences",1,1,0,5,"Assistant Professor",0.479245283018868,1,8,8,"Male",2,1.5,0.5,6.5,12,12,"e2e42b7f4885a4712767bcef35e2859e"
3.28571428571429,"Computational Sciences",2,2,0,2,"Professor",0.662162162162162,0,4,5,"Male",1.5,0.5,1,1,2,2,"2e4b0eb743e78c2bd2aee558d2f84efd"
2.47058823529412,"Agriculture",0,0,0,0,"Professor",0.420560747663551,0,3,3,"Male",2.5,0,2.5,1,1,1,"e3d535f9944b2d165900301058800cf8"
0.340909090909091,"Biological Sciences",2,1,1,2,"Professor",0.169811320754717,0,7,7,"Male",1.5,0.5,1,1.5,2.5,2.5,"1b50aef1ddd7a128c7c265389370cb7c"
0.333333333333333,"Computational Sciences",0,0,0,0,"Assistant Professor",0.756756756756757,0,1,1,"Male",3,3,0,9,12,12,"17acbf484279a67a84a8e9ff219de6bb"
1.34,"Computational Sciences",9.5,9.5,0,6.5,"Associate Professor",0.581081081081081,0,7,7.5,"Male",3.5,2,1.5,4,5,6,"66e463dd3cf779d841e5bde2c3e9e8b7"
5.27272727272727,"Physical Sciences",2,0,2,1,"Assistant Professor",0.844660194174757,0,1,1,"Male",1,0,1,1,1,1.5,"20a0f27bc0ebc07ad2a4fcc6d045c3cc"
1.57894736842105,"Engineering",1,0,1,1,"Professor",0.844660194174757,0,1,1,"Male",0.5,0,0.5,0.5,1,1,"4252ea80faa3731b52d9b2e894eac68c"
0.903846153846154,"Biological Sciences",1,1,0,3,"Assistant Professor",0.664150943396226,0,4,4,"Male",0.5,0,0.5,0.5,2,2,"525a96124241b86cf3bb5b2a0906942b"
3.04225352112676,"Engineering",5,4,1,3,"Associate Professor",0.859223300970874,0,4,4,"Male",1,0,1,0.5,1,1,"393f66e5e2eb0403d8e809cedc66faa0"
3.35,"Computational Sciences",4,2,2,6,"Assistant Professor",0.837837837837838,0,7,7,"Unknown",3,2.5,0.5,7.5,7.5,7.5,"1d4259b6cf473ba3cc5f2483b4078215"
0.153846153846154,"Biological Sciences",3,2,1,3,"Associate Professor",0.686792452830189,1,3,3,"Male",1,0,1,1,2,2,"caecf98a10f145c07c88385d38bf5978"
0.518987341772152,"Engineering",0,0,0,0,"Professor",0.470873786407767,0,1,1,"Unknown",3,2,1,3,3.5,3.5,"7e588108df4f14abea4efe10ca41186c"
0.243243243243243,"Earth Sciences",1,1,0,2,"Associate Professor",0.8125,1,2,2,"Female",2.5,0.5,2,3,6,6,"f5e56239423ab894857a184900a18589"
0.269230769230769,"Engineering",7,5,2,4,"Assistant Professor",0.422330097087379,1,5,5,"Male",8.5,7,1.5,6,13,13.5,"ba5eb9590ba9c99e2d58a917afd52208"
7.35,"Computational Sciences",2,2,0,3,"Professor",0.81981981981982,0,4,4,"Male",4,3.5,0.5,4,8.5,9,"754f215f32429b1efd7d4dfecf339ef6"
16.6153846153846,"Computational Sciences",3,3,0,6,"Assistant Professor",0.941441441441442,0,9,9,"Unknown",6,4.5,1.5,7.5,9.5,9.5,"b378285a208ef1814bef96538adda20d"
1.87640449438202,"Physical Sciences",8,4,4,4,"Professor",0.888349514563107,1,7.5,7.5,"Unknown",0,0,0,0,0,0,"dd7afc019a705b5858c5e16ef1114fbb"
2.09090909090909,"Psychological Sciences",4,2,2,4,"Professor",0.277992277992278,0,6,6,"Male",4.5,3,1.5,4,6,6,"896de0eda7f0a0f11f87d35c3610d90c"
0.442748091603054,"Engineering",1.5,1,0.5,2,"Professor",0.281553398058252,1,5.5,6,"Male",2,2,0,6,9,9,"16c586198238da3af17f651a0a6528de"
7.375,"Agriculture",1,1,0,5,"Professor",0.775700934579439,0,11,11,"Unknown",0,0,0,0,0,0,"d6ef23cb936c934772f704805d9b1d56"
0.555555555555556,"Earth Sciences",0,0,0,0,"Professor",0.295454545454546,0,4,4,"Unknown",1.5,0.5,1,1.5,2,2,"9e580d7d7d8686c0374bc36cb588b926"
1.04878048780488,"Biological Sciences",1,0,1,1,"Professor",0.815094339622642,0,1,1,"Male",1,0,1,0.5,1,1,"f882239f92d71c8113d5be76dbb72b69"
2.47058823529412,"Agriculture",0,0,0,0,"Professor",0.420560747663551,1,2,2,"Unknown",0,0,0,0,0.5,1,"692dfc26be0e63ed41d82dda0a6010c4"
0.485714285714286,"Psychological Sciences",6,3,3,5,"Associate Professor",0.521235521235521,1,5.5,5.5,"Female",7.5,3.5,4,4.5,7.5,8,"aba260070d6f91a56ef79c9473ab6919"
1.58333333333333,"Physical Sciences",4,2,2,2,"Assistant Professor",0.223300970873786,1,6,6,"Male",1,1,0,2.5,3,3,"090b9457203cb7f2c69606850fd55205"
0.7,"Psychological Sciences",8,7,1,10,"Professor",0.884169884169884,1,15,15,"Female",9.5,6,3.5,7.5,12,12,"330eca4f6d9f9f11127ae14c87a3723e"
0,"Earth Sciences",6,3,3,2.5,"Assistant Professor",0.636363636363636,1,3,3,"Female",4,1,3,2,2.5,2.5,"47c315aeff11d20bf2f9f7e608b21edd"
2.30357142857143,"Medical Sciences",0,0,0,0,"Assistant Professor",0.541935483870968,0,1,1,"Female",0,0,0,0,0,0,"de2922979fdba7d1fe884da74f753bb4"
1.08333333333333,"Biological Sciences",0,0,0,0,"Assistant Professor",0.39622641509434,0,2,2,"Male",0.5,0,0.5,0.5,1,1,"72593f2b06316f0f94474404c37e44d3"
1.82096069868996,"Engineering",1,0.5,0.5,1,"Professor",0.922330097087379,1,2,2,"Male",0,0,0,0,0,0,"f46223b2a3d407a9963ba611ed262bd5"
0.246153846153846,"Psychological Sciences",0,0,0,0,"Associate Professor",0.864864864864865,1,3,3,"Female",0,0,0,0,0.5,1,"31fc989e1d58bd10f9862bb9f3d3f6d9"
2.10714285714286,"Medical Sciences",6,2,4,3,"Professor",0.541935483870968,0,10,10,"Male",1,1,0,2.5,5,5,"2e1e38e67b5b8059375fc635e00b2ed4"
0.69620253164557,"Chemical Sciences",1,1,0,4,"Associate Professor",0.704918032786885,1,7,7,"Female",2,2,0,3.5,10.5,12.5,"d3f6a25e07831ffe917ea2318f07d294"
0.567567567567568,"Health",0,0,0,0,"Assistant Professor",0.930232558139535,0,0,0,"Male",0.5,0.5,0,3,6,6,"0a99bc7f4ad128f25accdcda685f34b9"
2.72277227722772,"Engineering",2,2,0,3,"Associate Professor",0.95631067961165,1,6,7,"Male",0,0,0,0,0,0,"fca5fbe505e4a51efb6d1feb15465007"
0.0620689655172414,"Health",3,0,3,1,"Professor",0.558139534883721,1,1,1,"Male",2.5,0,2.5,1,1,1,"58d816df22892ba88d7fe81cc1cfecd5"
0.531007751937985,"Engineering",2,0,2,1,"Associate Professor",0.966019417475728,1,2,2,"Unknown",4,1.5,2.5,3,4,4,"f615305a8562d73d86dcc376fad6441e"
0.615384615384615,"Health",0,0,0,0,"Professor",0.595348837209302,0,1,1,"Male",0.5,0.5,0,1.5,4,4,"2f48516fcd5930844a5668de5147f6e4"
0.474358974358974,"Health",2,1,1,1.5,"Professor",0.130232558139535,1,2,2,"Female",3.5,3,0.5,3.5,5,5,"c3a39e9f25497dff26b913f9fdd329ef"
0.474358974358974,"Health",3,2,1,3,"Professor",0.130232558139535,1,3,3,"Male",2.5,2.5,0,2.5,5,5,"48f51fb1bab7e63b103e9206a70a6caf"
0.234042553191489,"Biological Sciences",0,0,0,0,"Associate Professor",0.743396226415094,1,2,2,"Female",0,0,0,0,1,2,"6ceeba63c17b4f2f705fa8ed1c220513"
0.234042553191489,"Biological Sciences",3,0,3,1,"Professor",0.743396226415094,1,5,5,"Unknown",3,2.5,0.5,3.5,7,7,"c41b134a3c2f086b2318dec39c0c8ab0"
4.36363636363636,"Psychological Sciences",0,0,0,0,"Professor",0.397683397683398,0,6.5,8,"Male",2.5,1,1.5,4,4,4,"8feb236f6a0cf3639025a0c0fe7e1391"
1.17241379310345,"Biological Sciences",0,0,0,0,"Professor",0.867924528301887,0,1,1,"Unknown",0,0,0,0,0,0,"f7a8a02ee87f4d97546140ec769a6a43"
2.65693430656934,"Agriculture",0.5,0,0.5,0.5,"Associate Professor",0.738317757009346,1,2,3,"Male",0,0,0,0,0,0,"d1dce8c9c31a5b7602e95e2251affb02"
0.25,"Biological Sciences",3,3,0,3.5,"Associate Professor",0.735849056603774,1,7,8,"Male",2.5,2,0.5,3,4.5,4.5,"084b63bdf6a72ab2bc55584f4ad32a16"
2.06666666666667,"Psychological Sciences",5,2,3,3,"Associate Professor",0.907335907335907,0,3,3,"Male",5.5,2.5,3,5,6.5,7,"1489f1dd6b5885a61cb54ea4308423b8"
2.04225352112676,"Biological Sciences",2,2,0,3,"Professor",0.864150943396226,0,5,5,"Unknown",0,0,0,0,0,0,"6c7529e008a02cc8e47cd5ce84cbf353"
0.0135135135135135,"Health",5,5,0,5,"Associate Professor",0.223255813953488,1,7,7,"Male",9,3,6,4,5,5,"af2c15be7f3481ac27fd3a865955a426"
0.0125,"Health",17,14.5,2.5,16.5,"Professor",0.516279069767442,1,20.5,20.5,"Male",8.5,7.5,1,9.5,13,13,"dcfa5cec41483732cdca5ed429b9ce51"
0.736842105263158,"Biological Sciences",0,0,0,0,"Assistant Professor",0.0981132075471698,0,1,1,"Male",0.5,0.5,0,1,3,3,"1c5b20fc23c8884476d3be7639a2fa80"
0.0441176470588235,"Medical Sciences",3.33333333333333,2.66666666666667,0.666666666666667,4,"Associate Professor",0.316129032258064,1,7.33333333333333,8,"Unknown",0,0,0,0,0,0,"cb151c64f1f5f1530d50fe0f7e6d770a"
11.7142857142857,"Computational Sciences",1,1,0,2,"Assistant Professor",0.972972972972973,0,8,8,"Male",4.5,4,0.5,4.5,7,7.5,"fe1aa782ccef3540abdd89bd26101443"
1.8695652173913,"Computational Sciences",4.33333333333333,4,0.333333333333333,4.66666666666667,"Assistant Professor",0.621621621621622,0,12.6666666666667,16,"Male",11,11,0,7.5,12.5,13,"1a30983bd19b0a79b97ae60bacf6039a"
0.0666666666666667,"Health",2,1,1,1.5,"Associate Professor",0.558139534883721,0,5,5,"Female",2.5,0.5,2,1.5,1.5,1.5,"408d794c2bfb9a7fcf45fb81ac7c2367"
2.41666666666667,"Engineering",2,2,0,9,"Associate Professor",0.946601941747573,0,12,12,"Female",0,0,0,0,0,0,"2655060ec8337b52e351fd724e884d82"
3.33333333333333,"Biological Sciences",0,0,0,0,"Assistant Professor",0.981132075471698,0,0,0,"Male",4.5,3.5,1,8.5,19.5,20,"aedc670d3b72c808c018cc89c380b65c"
0.136363636363636,"Psychological Sciences",0,0,0,0,"Assistant Professor",0.71042471042471,1,0,0,"Female",2,1,1,4.5,5,5,"050a7f6ca7c697e98295e840dbcaea61"
3.89090909090909,"Agriculture",0,0,0,0,"Assistant Professor",0.728971962616822,0,0,0,"Female",1,0,1,1,1,1,"183667bcd01c03dfc2c7f028c612ebe6"
0,"Health",0,0,0,0,"Associate Professor",0.544186046511628,1,0,0,"Unknown",6,2.5,3.5,4.5,7,7.5,"ede7a88879debd13bf70c4bbb4755c90"
1.8,"Computational Sciences",0,0,0,0,"Associate Professor",0.828828828828829,1,0,3,"Male",2.5,0.5,2,1.5,3,3,"3b180fd111a1ce811419962c15d8a499"
3.89090909090909,"Agriculture",0,0,0,0,"Professor",0.728971962616822,0,0,0,"Male",1.5,0.5,1,1.5,3,3,"63a8bd9389d58cd872e3cb63b802a486"
11.5714285714286,"Psychological Sciences",1,1,0,4,"Professor",0.787644787644788,0,8,8,"Unknown",4.5,2.5,2,4.5,10,10.5,"721f6b9090b5cc69b24d062dd56b481e"
0.469387755102041,"Engineering",0,0,0,0,"Associate Professor",0.58252427184466,0,1,1,"Unknown",0,0,0,0,0,0,"0e7ae40df6359097d1f6cfe2a744b70d"
5.875,"Engineering",11.5,7.5,4,9,"Professor",0.631067961165049,0,14.5,15.5,"Male",3.5,3,0.5,6,8,8,"032564402d3b4f47d6d1dd2f4d5e1def"
0.52112676056338,"Psychological Sciences",1,0,1,1,"Associate Professor",0.521235521235521,0,1,1,"Male",1,0.5,0.5,2,2,2,"8e10cb5a1cae3e7be042460c4ced0ca0"
0.165354330708661,"Medical Sciences",1,1,0,2,"Assistant Professor",0.587096774193548,1,2,2,"Male",1,1,0,6,11.5,11.5,"496b4d03db22f7afcf8129efe5eebc5b"
1.17241379310345,"Biological Sciences",2,0.666666666666667,1.33333333333333,3,"Professor",0.867924528301887,0,4.33333333333333,5.33333333333333,"Male",1.5,1,0.5,2.5,3,3,"5b63ee2c576cb08f151b654a2c45de9a"
0.300699300699301,"Health",1,0,1,1,"Associate Professor",0.576744186046512,0,3,3,"Female",4.5,1,3.5,2.5,2.5,2.5,"a37fab4d7eaf88172312e0dc7bbece94"
0.203389830508475,"Health",1.66666666666667,1,0.666666666666667,2,"Professor",0.711627906976744,0,5.33333333333333,5.66666666666667,"Male",1,0,1,1,3,3,"472ee1b8ff3ae251255c7c01811eabe8"
0.14018691588785,"Health",3,2,1,6,"Assistant Professor",0.734883720930233,1,12,12,"Unknown",1.5,0.5,1,1.5,2.5,3,"ea58af76fb3d988fd73a157bb9177df2"
1.85714285714286,"Biological Sciences",0,0,0,0,"Professor",0.162264150943396,0,0,0,"Female",0,0,0,0,0,0,"7241f64fba8cd86b0e5a11191d5fcaa2"
0.136363636363636,"Psychological Sciences",0,0,0,0,"Professor",0.71042471042471,1,0,0,"Male",0.5,0,0.5,0.5,1,1,"6a0f72cd3715d6787e54b73cd5df5338"
0.659663865546218,"Engineering",3,1.5,1.5,3,"Associate Professor",0.966019417475728,1,5,6,"Male",3.5,0.5,3,1.5,4,4,"291875d5aad8e05ba556f38b40aba09c"
0.234042553191489,"Biological Sciences",1.5,0.5,1,1.5,"Professor",0.743396226415094,1,1.5,1.5,"Male",1,0.5,0.5,2.5,5,5,"45384f5b825675159e6b68c5a0110eb4"
0.136363636363636,"Psychological Sciences",0,0,0,0,"Associate Professor",0.71042471042471,1,3,3,"Unknown",1.5,1,0.5,2.5,3,3,"af93a1d0c3ea207af55ff6e79a05f2f0"
0.147727272727273,"Biological Sciences",0,0,0,0,"Associate Professor",0.218867924528302,0,4,4,"Unknown",7,1,6,2,4,4,"a4f462963d08d151edbf1f5f69ed2380"
2.11111111111111,"Chemical Sciences",14,14,0,21.5,"Associate Professor",0.819672131147541,1,27,27,"Male",9.5,6.5,3,14.5,28.5,29,"ef7dd15269be767da68c9bb02aa7f244"
1.91266375545852,"Engineering",2,2,0,2,"Associate Professor",0.922330097087379,0,4,4,"Male",1,0,1,0.5,1,1,"9dd5fc6b517dc63baeb91fa9db5ea2ad"
0.700534759358289,"Engineering",4,3,1,4,"Professor",0.645631067961165,0,4,4,"Unknown",1.5,1,0.5,2.5,4,4,"d37f8dcedb440b378b3adcc1979c22f2"
1.21428571428571,"Chemical Sciences",3.33333333333333,0.666666666666667,2.66666666666667,2.66666666666667,"Professor",0.848360655737705,1,4.66666666666667,5.33333333333333,"Female",6,5,1,6.5,7.5,7.5,"507ab6c71187f7e159433a0cc1109567"
0.256637168141593,"Medical Sciences",2,2,0,6,"Assistant Professor",0.6,1,6,6,"Female",0.5,0.5,0,1,2,2.5,"c78b46c3b77299ab44953844c5f4e32f"
4.4,"Psychological Sciences",2.66666666666667,1.33333333333333,1.33333333333333,3.66666666666667,"Associate Professor",0.965250965250965,0,9,10.6666666666667,"Male",3,0,3,1,1,1,"e468ea8657da1224f35a4df2921bf5d8"
0.485436893203884,"Medical Sciences",0,0,0,0,"Professor",0.92258064516129,1,10,10,"Male",0.5,0.5,0,1,3,3,"234c1ad9197ad3427ad2c17ea7100bff"
4.08695652173913,"Computational Sciences",2.5,2.5,0,4.5,"Assistant Professor",0.887387387387387,1,6.5,7.5,"Female",1,0.5,0.5,1,2,2,"b89a9c690debef094aa28ee8283f9a6e"
5.34782608695652,"Physical Sciences",0,0,0,0,"Professor",0.781553398058252,1,1,2,"Male",0,0,0,0,0,0,"70911116b45887526c536da9319ed77d"
0.0364963503649635,"Biological Sciences",1.5,0.5,1,1.5,"Associate Professor",0.422641509433962,1,3.5,5.5,"Male",1,0,1,1,1,1,"753a688ea0f0fe281251d8ac3962e18c"
1.44,"Computational Sciences",4,3,1,2,"Professor",0.855855855855856,1,5,5,"Male",0.5,0,0.5,0.5,2,2,"071184282080bf9a6c62dd5638d1e346"
0.842696629213483,"Medical Sciences",8,7,1,11,"Assistant Professor",0.374193548387097,0,11,11,"Male",1.5,0,1.5,1,1,3.5,"59ba0b0d548371640b4684f0c137b6bb"
0,"Health",1,1,0,2,"Professor",0.269767441860465,1,5,5,"Female",2.5,1.5,1,4,4,4,"543c46d8fcd05984599897a4a51bb3b2"
0.372093023255814,"Health",1,1,0,2,"Assistant Professor",0.237209302325581,0,2,2,"Female",8,7,1,7.5,8,8,"85bfc73b1eb69012aaf0d72b32d8fdf6"
1.38888888888889,"Medical Sciences",4,4,0,9,"Assistant Professor",0.735483870967742,0,9,9,"Male",3,2,1,4.5,5,5,"a3c3e25905950f23ff03e9436ea00152"
0.314606741573034,"Engineering",0,0,0,0,"Professor",0.703883495145631,1,2,2,"Female",0.5,0,0.5,0.5,1,1,"fd53428e67e2a4f15a41cdbbb12f5294"
1.02255639097744,"Health",0,0,0,0,"Associate Professor",0.823255813953488,0,0,0,"Male",0,0,0,0,0,0,"3b3f41c17f41b2e07cbf84ac0e66a572"
0.59375,"Engineering",1,1,0,1.5,"Associate Professor",0.597087378640777,1,3.5,4,"Female",2.5,0,2.5,1,1,1,"aad1f334bcc9e814b94e64ddd87efc01"
5.11111111111111,"Engineering",0,0,0,0,"Professor",0.902912621359223,0,0,0,"Female",0,0,0,0,0.5,1,"6136c16eb5f3f29f06ed44dd9c949be3"
0.0275862068965517,"Engineering",3,3,0,4,"Assistant Professor",0.689320388349515,1,6,6,"Male",0,0,0,0,0,0,"6e71b3435231fcd86dd71f6d5d52ce6f"
0.125628140703518,"Biological Sciences",2,2,0,5,"Professor",0.958490566037736,0,7.5,7.5,"Female",1.5,1.5,0,2.5,3,3,"99dc36be7c517748d71d3f96b47c9d02"
2.625,"Psychological Sciences",0,0,0,0,"Professor",0.648648648648649,1,0,0,"Unknown",0,0,0,0,0,0.5,"52bf23b58b92a69af67816874c3bb1fc"
0,"Health",0.5,0.5,0,1.5,"Associate Professor",0.544186046511628,1,2.5,2.5,"Male",1,1,0,3,6,6,"ed723572783d9d61eb0d91004d45be20"
0.987841945288754,"Agriculture",0,0,0,0,"Professor",0.429906542056075,1,0.5,1,"Male",0,0,0,0,0,0,"1969a2760ed25471b7662f25d04d8ed3"
1.17241379310345,"Biological Sciences",3,2,1,2,"Associate Professor",0.867924528301887,1,6,6,"Unknown",2.5,2,0.5,3.5,6,6.5,"e00fe2f0087a56103ea123b3cc611c46"
0,"Health",0,0,0,0,"Assistant Professor",0.367441860465116,1,0.5,1,"Female",0.5,0,0.5,0.5,0.5,0.5,"15ad3513b7c432f93a7d894c0d6d5835"
0.233333333333333,"Health",1,0,1,0.5,"Assistant Professor",0.976744186046512,1,1,1,"Unknown",1.5,0,1.5,1,1,1,"6019b0dd1863413762e7bb49bfa64f43"
0.0163934426229508,"Health",0,0,0,0,"Assistant Professor",0.683720930232558,0,0,0,"Unknown",0.5,0,0.5,0.5,1,1,"fb4c7778b3b9df16e00fd6c347ba091d"
0.197916666666667,"Health",2,0,2,0.5,"Professor",0.734883720930233,0,1,1,"Female",1.5,0,1.5,1,1,1,"2e0d2834164d72d8ab4d25e7aa8398dd"
0.584699453551913,"Biological Sciences",4,0,4,1,"Associate Professor",0.977358490566038,1,1,1,"Female",2.5,1,1.5,2.5,2.5,2.5,"759998fb78c4e40c8d0a52676c039a17"
0.169014084507042,"Biological Sciences",2.33333333333333,2.33333333333333,0,4.66666666666667,"Assistant Professor",0.226415094339623,1,10,10,"Female",0,0,0,0,0,0,"081d59e9791cdaa16405f1e563793341"
0.398648648648649,"Biological Sciences",3,2.66666666666667,0.333333333333333,5.33333333333333,"Professor",0.841509433962264,1,9.33333333333333,10.6666666666667,"Male",0,0,0,0,0,0,"726a26e79bfbcde8000759ed514827d3"
0.430555555555556,"Health",1,0,1,0.5,"Associate Professor",0.720930232558139,1,3.5,6,"Female",0,0,0,0,0,0,"d1e4a8de12b0ed4480450a8c059405dc"
0.247191011235955,"Biological Sciences",1,0.5,0.5,1,"Assistant Professor",0.747169811320755,0,1.5,1.5,"Female",2,1,1,3.5,6.5,7.5,"09a720e24b20b5c5b7a6f2f81d0f7f19"
0.126262626262626,"Biological Sciences",1,0,1,1,"Professor",0.958490566037736,1,2,2,"Male",1,0,1,1,1,1,"8b82bd2e788d7f3150a1db0bad1181a7"
0.717241379310345,"Biological Sciences",2,0.666666666666667,1.33333333333333,1.66666666666667,"Assistant Professor",0.830188679245283,0,2.33333333333333,2.33333333333333,"Female",1.5,1.5,0,4,5.5,5.5,"f7211aec9abbf98e8bf1b2f04242f992"
3.6,"Engineering",1,0.5,0.5,1,"Assistant Professor",0.820388349514563,0,1.5,1.5,"Unknown",1.5,1,0.5,2,2,2,"9d418fa59f07a12665bcbcd6b10be422"
0.404761904761905,"Computational Sciences",14.5,10,4.5,6.5,"Assistant Professor",0.666666666666667,1,9,10.5,"Unknown",15,4.5,10.5,11,20,20,"0694951be62ef768fc8964d0245e7371"
9.29411764705882,"Engineering",5,4,1,9,"Assistant Professor",0.898058252427185,0,10,10,"Female",1,1,0,3,9.5,10,"56a1b05da524489dcb9e950b40371dee"
0.311320754716981,"Engineering",3.5,1.5,2,3.5,"Associate Professor",0.601941747572815,1,7,7,"Male",5,1.5,3.5,3,4,4,"84139b076713745a94da5397ac817f13"
0.300699300699301,"Health",6.66666666666667,2.66666666666667,4,6.66666666666667,"Associate Professor",0.576744186046512,1,9,9.33333333333333,"Male",0,0,0,0,0,0,"2e96c44108575ec34170dbee6a940577"
0.0769230769230769,"Psychological Sciences",1,0.5,0.5,1.5,"Assistant Professor",0.552123552123552,1,1.5,1.5,"Male",0,0,0,0,0,0,"d29f36f7f67a18812346183c73aeac46"
0.100456621004566,"Biological Sciences",7,6,1,12,"Professor",0.766037735849057,0,39,39,"Female",0,0,0,0,0,0,"0a1cabf15a6e42bc1a95bf7493ae809d"
0.233160621761658,"Agriculture",0.666666666666667,0.666666666666667,0,2,"Professor",0.299065420560748,1,6,6,"Male",2,0,2,1,1,1,"f76a5dd7088ee33731999ba0651da449"
0.439024390243902,"Architecture, Design, Planning",2,1,1,3,"Associate Professor",0.98019801980198,1,3,3,"Unknown",1.5,0,1.5,1,2.5,3,"8979ca57d2e7c49691775636a7f0bd60"
2.51851851851852,"Computational Sciences",1,0,1,0.666666666666667,"Associate Professor",0.864864864864865,1,1.33333333333333,1.66666666666667,"Male",1,0,1,0.5,1,1,"f7c9ce90c7d0b5bdd41654e0832351bc"
2.51851851851852,"Computational Sciences",0,0,0,0,"Assistant Professor",0.864864864864865,1,1,1,"Male",0.5,0.5,0,1,1,1,"b4612dc2e3fc16b9f6f061a54272cc5b"
0.00591715976331361,"Biological Sciences",3.5,2.5,1,7,"Professor",0.671698113207547,1,13.5,13.5,"Male",0,0,0,0,0,0,"ee863884579c7af96a908433693afe98"
1.02255639097744,"Health",0,0,0,0,"Assistant Professor",0.823255813953488,0,0,0,"Unknown",1,0.5,0.5,1,1.5,1.5,"fec37b2f2e62c939af1a996be6e56696"
19.6153846153846,"Computational Sciences",10,9,1,9,"Professor",0.941441441441442,0,18,18,"Unknown",6,2.5,3.5,3.5,4.5,4.5,"33a7b9b697524c3b24c9d6519e8b0992"
0,"Health",0,0,0,0,"Associate Professor",0.544186046511628,1,0,0,"Female",4,0.5,3.5,1.5,8.5,8.5,"956684866e89bc3d7e1f6dc08b01c633"
0.100456621004566,"Biological Sciences",5,3,2,5,"Professor",0.766037735849057,0,13,13,"Male",1.5,0.5,1,1.5,1.5,1.5,"099cb9f9a69ed488527daa5d3132cfde"
0.717241379310345,"Biological Sciences",3,1,2,3,"Associate Professor",0.830188679245283,0,4,4.5,"Unknown",3.5,2.5,1,5.5,7.5,7.5,"ca6f801fb1515f478bb3ba1eeae680af"
1.64444444444444,"Chemical Sciences",3,3,0,3,"Assistant Professor",0.889344262295082,1,3,3,"Unknown",0.5,0,0.5,0.5,0.5,0.5,"a0d51106a6ef9931f9dce0ed8d69c726"
0.536585365853659,"Computational Sciences",0,0,0,0,"Professor",0.382882882882883,1,0,0,"Unknown",3.5,2,1.5,3.5,8.5,8.5,"7040807f96ce83e02613113f809fa781"
0,"Health",0,0,0,0,"Associate Professor",0.325581395348837,1,4,4,"Unknown",3,2.5,0.5,5.5,6.5,6.5,"e0f36bf1929680c71cced1538846891c"
3.66666666666667,"Computational Sciences",0.5,0.5,0,1,"Professor",0.369369369369369,0,2,2,"Female",0,0,0,0,0,0,"02ee04167d8fec1bf2d3b1a23bd5667c"
7.29166666666667,"Physical Sciences",4,2,2,5,"Professor",0.893203883495146,0,10,10,"Unknown",1.5,1.5,0,3.5,3.5,3.5,"8aec4769eedf74d3d9502d17d27e44e6"
0.55,"Engineering",0,0,0,0,"Professor",0.470873786407767,1,0,0,"Unknown",4,1,3,3,5,5,"562e8473b9290e06f60e70b3860a8049"
0.15625,"Architecture, Design, Planning",0.5,0.5,0,1.5,"Associate Professor",0.841584158415842,0,2,2,"Female",0,0,0,0,2,2,"0437ec4ea0912f9d113fea75ad6785c5"
0.0561797752808989,"Health",0.5,0.5,0,1,"Professor",0.567441860465116,0,1,1,"Male",4.5,0.5,4,1.5,4.5,4.5,"d980646314faad770d9c891836a4b1fd"
0.0540540540540541,"Health",0.75,0.25,0.5,0.75,"Assistant Professor",0.586046511627907,0,1.75,2,"Female",1,0,1,0.5,1,1,"7e3f0768f292e3bb6ad65a638381b4f7"
0.375,"Health",0.666666666666667,0,0.666666666666667,0.666666666666667,"Assistant Professor",0.93953488372093,0,2.33333333333333,3,"Female",0,0,0,0,0,0,"afdd9a8730b77c2182360c2a18f433bc"
0.5,"Biological Sciences",0,0,0,0,"Assistant Professor",0.833962264150943,0,0,0,"Female",0,0,0,0,0,0,"65830321ffd63452fe7a8f29f88a39a5"
0.130630630630631,"Engineering",1,0.333333333333333,0.666666666666667,1.33333333333333,"Professor",0.29126213592233,1,2,2.33333333333333,"Male",0,0,0,0,1,1,"8c98ff7c03e17fa5452c317c65782009"
0.295454545454546,"Health",1,1,0,2,"Assistant Professor",0.883720930232558,1,2,2,"Female",0,0,0,0,0,0,"712acf65ce550ec161ad2a352f0c5c9a"
9.29032258064516,"Agriculture",4,3.33333333333333,0.666666666666667,6,"Assistant Professor",0.775700934579439,0,9,9.33333333333333,"Male",0,0,0,0,0,0,"d5bd6d228442697588d593fbba674cff"
9.125,"Psychological Sciences",0,0,0,0,"Assistant Professor",0.787644787644788,0,0.333333333333333,0.666666666666667,"Male",0,0,0,0,1,1,"794ab37732d8b93cb8bc5c4bc34cd812"
0.108843537414966,"Biological Sciences",0,0,0,0,"Assistant Professor",0.316981132075472,1,4,6,"Male",0,0,0,0,0,0,"35b46386072cd2d00dc46942887a4300"
0.986111111111111,"Psychological Sciences",2,1,1,2,"Assistant Professor",0.938223938223938,0,2,2,"Female",4,2.5,1.5,3,4.5,4.5,"f1b8c154a6df4820c1acb42fe454f10b"
3.73333333333333,"Computational Sciences",11.25,5.75,5.5,5.75,"Associate Professor",0.765765765765766,1,11.25,13.75,"Unknown",2.5,0,2.5,1,2,2,"33f0774ea4e8c94597cbe494f34d9883"
0.115942028985507,"Health",0,0,0,0,"Associate Professor",0.762790697674419,1,0,0,"Female",2.5,0.5,2,1.5,2,2,"4d919adae512dee6b7c7e1fa51bce8aa"
1.75280898876405,"Engineering",0,0,0,0,"Assistant Professor",0.868932038834951,1,2,2,"Female",1,0,1,0.5,0.5,0.5,"8f7c97c44f5fedf7df24df9f7a0c8830"
1.51428571428571,"Psychological Sciences",1.33333333333333,0.333333333333333,1,1.33333333333333,"Professor",0.849420849420849,0,3,3.66666666666667,"Male",1,0,1,0.5,0.5,0.5,"aaade5aee2975a190180364e4b35e96c"
0.333333333333333,"Psychological Sciences",4.5,1,3.5,2.5,"Associate Professor",0.235521235521235,0,5.25,6,"Male",2,0.5,1.5,2,7,8,"9fc28e30e3ec29820205a1a2ee4a59e8"
2.08730158730159,"Agriculture",1.5,1.5,0,2.5,"Professor",0.663551401869159,1,8,8,"Male",0,0,0,0,0,0,"91227a3fce99b304b6e06acf862c9c45"
9.16666666666667,"Agriculture",4.5,4.5,0,9,"Assistant Professor",0.925233644859813,0,15,18,"Female",2.5,2,0.5,3.5,4.5,7.5,"e04224daeb6354542eec2ef65ffedc95"
0.757309941520468,"Agriculture",0.5,0,0.5,0.5,"Associate Professor",0.429906542056075,1,2,3,"Male",0,0,0,0,0,0,"b90600dec56df9178e0e3db20adb7aee"
0.55,"Engineering",1,1,0,3,"Professor",0.470873786407767,1,3,3,"Male",0.5,0,0.5,0.5,2,2,"be8b91be695e61ef357bd66ee08b7f19"
0.413793103448276,"Engineering",0,0,0,0,"Professor",0.213592233009709,0,0,0,"Male",9,6,3,6,11,11.5,"0b1316671e327189ccf55e82f8301cd6"
0.485714285714286,"Psychological Sciences",0,0,0,0,"Assistant Professor",0.521235521235521,1,0,0,"Male",0.5,0,0.5,0.5,1,1,"b93e5b19ad6f65b8745946df69167e88"
3.3728813559322,"Agriculture",0,0,0,0,"Professor",0.728971962616822,0,0,0,"Male",1.5,0,1.5,1,1,1,"022da7c84d2c4150b1d4f7d6b39440ce"
0.113924050632911,"Agriculture",2.33333333333333,1,1.33333333333333,3,"Professor",0.644859813084112,1,5,6.33333333333333,"Male",1,0.5,0.5,3,6,6,"a1ebc0f46cc72ba63e5dd167c16dc8b0"
0.20253164556962,"Health",0,0,0,0,"Assistant Professor",0.8,1,0,0,"Male",3,0,3,1,1,1,"f0974bc2ed8f7793ef12d7a769ec9c1e"
1.81818181818182,"Health",1,0.5,0.5,1,"Associate Professor",0.418604651162791,0,3,3,"Female",0,0,0,0,0,0,"817fe27c58d6928cf6b499832c933196"
0.113924050632911,"Health",0,0,0,0,"Assistant Professor",0.67906976744186,1,1,1,"Female",0,0,0,0,0,0,"b2aceadafa2930d2ad5ceaa932b45fc9"
0.196428571428571,"Health",1.5,0.5,1,2.5,"Assistant Professor",0.711627906976744,1,2.5,2.5,"Male",0,0,0,0,0,0,"16101bb37a1ce646b2c57a6261d9a139"
0.00432900432900433,"Health",0,0,0,0,"Associate Professor",0.758139534883721,1,1,1,"Male",0,0,0,0,0,0,"8b8d213c160381f0da2da501ca1c5120"
3.47727272727273,"Engineering",5.5,2.5,3,5.75,"Associate Professor",0.79126213592233,0,11.25,13.25,"Female",0,0,0,0,0,0,"f984ce12f718e34bf595eb27bd66b315"
0.71264367816092,"Psychological Sciences",3,3,0,4,"Assistant Professor",0.683397683397683,0,4,4,"Unknown",2,2,0,5,6.5,7.5,"8e47f8346f1eea30c41a59ae9ca1848a"
0.230769230769231,"Health",2.5,2,0.5,4,"Assistant Professor",0.925581395348837,0,5.5,5.5,"Unknown",0,0,0,0,0,0,"1a5ef44c059c5d2ccf54cf6e5c775b22"
1.18032786885246,"Engineering",3,1,2,2,"Professor",0.66504854368932,0,4,4,"Unknown",0,0,0,0,1,1,"470456d62d6df09169bc0646fef90687"
1.13725490196078,"Psychological Sciences",0.5,0,0.5,0.5,"Associate Professor",0.826254826254826,1,0.5,0.5,"Female",0,0,0,0,0,0,"4ccfaa0caaf2f510bed85df62f7aadac"
2.08730158730159,"Agriculture",0,0,0,0,"Assistant Professor",0.663551401869159,1,0,0,"Male",2,2,0,5,6,6,"de240e1a564a0c28fca4bea2bc5902fe"
1.18032786885246,"Engineering",1.33333333333333,0.333333333333333,1,0.666666666666667,"Professor",0.66504854368932,1,1.33333333333333,1.33333333333333,"Male",0.5,0,0.5,0.5,0.5,1,"5f83c91181e008ffa286d98d98c46814"
0.230769230769231,"Earth Sciences",0,0,0,0,"Associate Professor",0.329545454545454,1,0,0,"Male",0.5,0.5,0,1,1,1.5,"cfe7d348824661537f9adb20a960d3d2"
0.518181818181818,"Health",0,0,0,0,"Assistant Professor",0.548837209302326,0,1,1,"Female",0,0,0,0,0,0,"3ef296006665537e2236877b4036e76e"
0.0659340659340659,"Biological Sciences",1,1,0,1.5,"Assistant Professor",0.479245283018868,1,1.5,1.5,"Female",1,1,0,5,5,5,"89df184e3061cb56b13a7d83dc3bdbba"
0.135922330097087,"Biological Sciences",3,2,1,5.5,"Professor",0.516981132075472,1,11,13,"Unknown",0.5,0.5,0,1.5,5.5,8,"4f25927e2acb0bf7afaa1cda21eac253"
1.25333333333333,"Psychological Sciences",2,0,2,1,"Assistant Professor",0.741312741312741,0,1,1,"Male",1.5,0,1.5,1,1,1,"e6c2044a0034e447572865459d0d854a"
1.34313725490196,"Chemical Sciences",14.3333333333333,13,1.33333333333333,20.6666666666667,"Professor",0.790983606557377,1,35,36.3333333333333,"Male",0,0,0,0,0,0,"55a3c5844974d0505e98bf9f921bee07"
3.63636363636364,"Chemical Sciences",0,0,0,0,"Professor",0.713114754098361,1,3,3,"Male",2,0,2,1,3,3,"73a7165743bd6f7f50b0e0e03438a55c"
2.11111111111111,"Agriculture",2,2,0,4,"Assistant Professor",0.355140186915888,1,4,4,"Male",4,2,2,2.5,2.5,3,"72fb868ac8308bb67efee3f2e0a66c27"
0.024390243902439,"Biological Sciences",0,0,0,0,"Assistant Professor",0.788679245283019,1,0,0,"Male",0.5,0.5,0,1,1.5,1.5,"d94ade01fa6f1415136eac75edebd5b4"
0.0263157894736842,"Biological Sciences",2,0,2,1,"Assistant Professor",0.928301886792453,1,3,3,"Male",0,0,0,0,0,0,"105afbdf92b82b274f78dde1946ba7a0"
2.3728813559322,"Physical Sciences",0,0,0,0,"Associate Professor",0.961165048543689,1,0.5,1,"Male",0,0,0,0,0,0,"c14a61edebf090d4bc88b449682ca152"
0.0212765957446809,"Health",0.5,0.25,0.25,0.5,"Assistant Professor",0.683720930232558,0,1.25,1.75,"Female",0,0,0,0,0,0,"002f29b50734e5f3188aa75246d4af05"
12.18,"Engineering",0,0,0,0,"Professor",0.883495145631068,0,0,0,"Male",5.5,0,5.5,1,1,1,"406cb85914c1b6ac28df4fcdf02a515b"
2.64705882352941,"Engineering",6,4.5,1.5,7.5,"Associate Professor",0.941747572815534,1,14,15,"Male",0,0,0,0,0,0,"53686a0a92dc7a3d6f3ecc3240b8a0df"
0.0072992700729927,"Health",0,0,0,0,"Associate Professor",0.823255813953488,1,0,0,"Female",2.5,0.5,2,3,3,3,"81c5c604472e899cd0f69daa3df51fb5"
0.485875706214689,"Agriculture",2,1,1,2.5,"Associate Professor",0.598130841121495,0,4,4,"Male",2.5,1.5,1,4.5,4.5,4.5,"0b9a37cd8cdfc8af1f42ecb1b5142613"
1.14906832298137,"Agriculture",0.5,0.5,0,1,"Associate Professor",0.906542056074766,1,1,1,"Male",0,0,0,0,0,0,"de9f052ab1df3cc068af4987f0b2dc55"
1.84745762711864,"Agriculture",2,0,2,1,"Assistant Professor",0.485981308411215,1,1,1,"Female",4.5,2.5,2,3.5,6,6,"d598e4340a20f42fee5aa7ad1c673e6e"
0.25,"Biological Sciences",7,2.5,4.5,4.5,"Professor",0.260377358490566,0,9,9,"Male",1,0,1,0.5,0.5,0.5,"14b65dd681e8e69ea464be8af689d6e2"
0.828571428571429,"Engineering",0,0,0,0,"Professor",0.461165048543689,1,0,0,"Male",4,0,4,1,3,3,"6b0490ad7aad19a1edf2dbf86a1a24c9"
0.0220588235294118,"Engineering",0.75,0.75,0,1.5,"Associate Professor",0.689320388349515,1,3.25,3.5,"Male",5.5,2.5,3,4.5,11,11,"db3989779632eddeda8f270a0bba82f5"
0.71264367816092,"Psychological Sciences",1,1,0,2,"Professor",0.683397683397683,1,5,6,"Unknown",6,1,5,2,2,2,"dcae2425278f78bd8532684ae7681eaf"
3.14285714285714,"Psychological Sciences",0,0,0,0,"Professor",0.420849420849421,0,0.666666666666667,1,"Female",1,0,1,0.5,3,3,"5f56f774919be9dd9d98d80d82a53312"
0.14,"Psychological Sciences",0,0,0,0,"Assistant Professor",0.725868725868726,1,0,0,"Female",0.5,0,0.5,0.5,1,1,"5a5b00738dd1fb21d2b233ddce3d4176"
1.03846153846154,"Agriculture",4.33333333333333,3.33333333333333,1,7,"Assistant Professor",0.588785046728972,1,10,10.3333333333333,"Unknown",3,1,2,2,2,2,"3ba8b596fd5f7cee0a27d444e9db960c"
3,"Earth Sciences",7.25,5,2.25,7.25,"Professor",0.875,1,12.75,14.5,"Male",0,0,0,0,0,0,"79d13a2bb6c71fe8c54eae7c7c19c93e"
1.22916666666667,"Engineering",2.5,2,0.5,3,"Assistant Professor",0.563106796116505,0,8,8.5,"Male",3,3,0,8,12.5,14,"0c96043d26129f138f2db15ae33e88ac"
0.346153846153846,"Chemical Sciences",1.5,1.5,0,3,"Assistant Professor",0.512295081967213,0,7.5,8,"Unknown",0,0,0,0,2.5,3,"6037c19690c6d93a1966f5362ac8d96f"
2.27777777777778,"Engineering",5,0,5,1,"Professor",0.0339805825242718,0,2,2,"Unknown",0,0,0,0,0,0,"f7c6826ab28c80853d0d4be3cef5e6ca"
1,"Psychological Sciences",0.5,0,0.5,0.5,"Assistant Professor",0.656370656370656,1,1,1,"Male",0,0,0,0,1,1,"ad01ba71d737ad6ddcf9fba567c08554"
0.0465116279069767,"Health",0,0,0,0,"Professor",0.837209302325581,1,6,6,"Female",2,1.5,0.5,5,6.5,6.5,"1ebdd6194233050fed5c25fe3009dc31"
0.413793103448276,"Engineering",0,0,0,0,"Professor",0.213592233009709,1,0,0,"Male",5.5,5,0.5,6.5,8.5,9,"7c482d3e1630fd29109d1c76726d2e60"
0.765957446808511,"Medical Sciences",2,1.5,0.5,5,"Associate Professor",0.309677419354839,0,8,8.5,"Male",1,1,0,2,4,4,"404be05cafd2cc8e3486a8d0eb93905a"
1.68367346938775,"Agriculture",0,0,0,0,"Assistant Professor",0.11214953271028,0,0,0,"Male",1,1,0,1.5,4.5,4.5,"601adf03d2f4bee6e0abcb0fc01e789a"
0.108843537414966,"Biological Sciences",1,1,0,4.5,"Assistant Professor",0.316981132075472,0,5.5,5.5,"Male",1.5,1.5,0,2.5,5,5,"230d764da0fe8992d6ee8c9b9998817b"
0.353741496598639,"Engineering",2.75,2,0.75,2.25,"Associate Professor",0.281553398058252,0,7.75,10.25,"Male",2.5,2,0.5,4.5,5.5,6,"0b60649763414869ff902ca4df3ba7d6"
0.247191011235955,"Biological Sciences",0,0,0,0,"Assistant Professor",0.747169811320755,1,1,1,"Female",4,2.5,1.5,3,4.5,4.5,"edf40900f69f3692f3ff5c22d36b3c78"
0.166666666666667,"Engineering",19,13,6,9,"Professor",0.228155339805825,0,16,16,"Unknown",0,0,0,0,0,0,"1ec9e91e07ca06100c257d9e64b1ca9a"
0.00806451612903226,"Health",1.5,0.5,1,1.5,"Associate Professor",0.697674418604651,1,4.5,6,"Female",0,0,0,0,0,0,"7af30d22fe263c16dc6c002378290815"
12.2068965517241,"Engineering",0,0,0,0,"Associate Professor",0.883495145631068,0,0,0,"Unknown",1,1,0,2,2,2,"6bfabaaa676c93a9999dd256122524c1"
7.55172413793103,"Health",0.666666666666667,0,0.666666666666667,0.666666666666667,"Professor",0.948837209302326,0,2,2.66666666666667,"Female",2.5,1.5,1,3,5,6,"a193a77506f03f82574217c153508897"
0.143939393939394,"Medical Sciences",1.66666666666667,1,0.666666666666667,2.66666666666667,"Professor",0.935483870967742,0,6.66666666666667,8.33333333333333,"Male",2,1.5,0.5,3,4,6,"851779926f32f7c4e65a0ea5dcf60a4d"
1,"Engineering",0.666666666666667,0.666666666666667,0,1.33333333333333,"Associate Professor",0.378640776699029,1,2.66666666666667,2.66666666666667,"Unknown",2,0,2,1,2,2,"99361bd6ef8594a95fd3b529f83b2a8f"
0.143939393939394,"Medical Sciences",3.66666666666667,0.666666666666667,3,1.66666666666667,"Associate Professor",0.935483870967742,1,3,3,"Male",6,1.5,4.5,5,7,7,"dc42fa9e9bc2b19b5373ecb259a205d1"
0.0534351145038168,"Biological Sciences",1.33333333333333,1,0.333333333333333,5.33333333333333,"Associate Professor",0.660377358490566,1,12.3333333333333,15,"Unknown",0,0,0,0,2,2,"2d6a47b4b10da07ca0a6a9a2978f5246"
1.39285714285714,"Psychological Sciences",0,0,0,0,"Assistant Professor",0.94980694980695,1,0,0,"Unknown",0,0,0,0,1,1,"b2e88255ea5ec6c1518c4b67bdc31d4d"
0.0117647058823529,"Health",1,0,1,1,"Professor",0.255813953488372,1,1,1,"Male",1,0,1,1,2,2,"3bcad817c9a09b6dc1c15dd9081f790c"
11,"Engineering",3.25,1.75,1.5,2.5,"Assistant Professor",0.932038834951456,0,3.25,3.25,"Male",3,1,2,3,6,7,"4768853c6fd00acd7054cb42c372b7e6"
2.46428571428571,"Medical Sciences",0,0,0,0,"Professor",0.251612903225806,0,0,0,"Male",0,0,0,0,2,2,"0c7e2d76531c3bde5c1a6e6add5a8cbf"
0.0344827586206896,"Biological Sciences",0,0,0,0,"Associate Professor",0.218867924528302,1,0,0,"Unknown",3,2,1,3,4,4,"b647c615d9574d97cef2bbf1445f0c5c"
0.12,"Psychological Sciences",4,0,4,1,"Professor",0.401544401544402,0,2,2,"Male",1,0,1,1,1,1,"082f93260d14582163b0ef8d04f40720"
0.647058823529412,"Physical Sciences",8,0,8,1,"Assistant Professor",0.907766990291262,1,1,1,"Male",7,1,6,2,3,3,"9a00d6f0a9989312d43ba06ebb3e1c0e"
0.238095238095238,"Health",0.666666666666667,0.666666666666667,0,2,"Assistant Professor",0.869767441860465,0,2.33333333333333,2.66666666666667,"Unknown",0,0,0,0,0,0,"4da82be20a5bff7b10525138e318ce18"
1.82692307692308,"Biological Sciences",6.5,3.5,3,5.5,"Associate Professor",0.962264150943396,0,6.5,6.5,"Unknown",0,0,0,0,0,0,"f69c7a181f4dae90e938af4abc258b5a"
5.21428571428571,"Computational Sciences",11.25,6.75,4.5,9,"Associate Professor",0.851351351351351,0,25.5,31.5,"Male",9,2,7,6,13,13,"cb538e1dbafe8cb8f92d789be5a38f4f"
0.5,"Physical Sciences",2,2,0,9,"Assistant Professor",0.553398058252427,1,21,21,"Male",7,2,5,4,9,9,"ce4b0c52dbce9fc58cab002698628405"
0.0633802816901408,"Medical Sciences",1.5,0.5,1,2,"Associate Professor",0.819354838709677,1,7,10,"Unknown",0,0,0,0,0,0,"e60f5e035c9a811efcc8721a92a01069"
0.186567164179104,"Medical Sciences",1,0.333333333333333,0.666666666666667,1,"Associate Professor",0.587096774193548,1,3.33333333333333,4.66666666666667,"Female",2,1,1,3,5,5,"65b4008e334d8c282e17c6dcf16b5d01"
0.0441176470588235,"Biological Sciences",1.5,0.25,1.25,1,"Assistant Professor",0.226415094339623,1,1.5,1.5,"Male",1,0,1,1,1,1,"2e275196d73c707a076f071a1af475c1"
0.298701298701299,"Chemical Sciences",2.75,2.5,0.25,7.25,"Professor",0.512295081967213,1,10.5,11.5,"Male",4,4,0,8,14,14,"226a686f03bc8ead15aa9e4e237adb79"
0.222222222222222,"Agriculture",2.66666666666667,1.33333333333333,1.33333333333333,3,"Associate Professor",0.644859813084112,1,5.33333333333333,5.66666666666667,"Unknown",1,0,1,1,1,1,"b65381037d3d9b3c60cc4e3878ab1b6e"
0.954545454545455,"Psychological Sciences",0.666666666666667,0,0.666666666666667,0.666666666666667,"Professor",0.926640926640927,1,1,1,"Female",0,0,0,0,1,1,"633e16da79c9825d0e88dd75ca41b0db"
0.338461538461538,"Chemical Sciences",4.33333333333333,4,0.333333333333333,6.66666666666667,"Professor",0.618852459016393,1,13.3333333333333,15,"Male",0,0,0,0,1,1,"b4b603170ec0ba6f0f514d2cdf6aca0c"
0.984615384615385,"Agriculture",0.25,0.25,0,0.5,"Professor",0.710280373831776,1,2,2,"Male",3,0,3,1,4,4,"bd98c5cbd8eb036a28b514caecd11553"
2.87755102040816,"Agriculture",0,0,0,0,"Associate Professor",0.542056074766355,1,0,0,"Male",1,0,1,1,1,1,"9ed456fecff6b61f633b4382f6bb6e47"
1.7734375,"Agriculture",0,0,0,0,"Professor",0.607476635514019,1,0,0,"Male",2,2,0,5,5,5,"9cd72f57a3076f7a488736eb7e09a89f"
1.00569800569801,"Agriculture",2,0.5,1.5,2,"Assistant Professor",0.429906542056075,1,4,4,"Unknown",2,2,0,6,13,14,"6dbe688de08633c4a427e309dbf20741"
0.0857142857142857,"Health",0,0,0,0,"Professor",0.762790697674419,1,0.666666666666667,1,"Male",1,0,1,1,1,1,"3b8cf4ec64c1e4a3125ba520d15a5d8a"
2.03448275862069,"Medical Sciences",0,0,0,0,"Assistant Professor",0.774193548387097,0,0,0,"Unknown",1,1,0,2,7,7,"85ecd687f69034dcc144387de04b9a95"
1.21052631578947,"Chemical Sciences",2,1.5,0.5,3.5,"Professor",0.721311475409836,1,7,8,"Male",0,0,0,0,0,0,"118e2199347f1791c7f08d2bed0f6df7"
5.68421052631579,"Chemical Sciences",0.333333333333333,0,0.333333333333333,0.333333333333333,"Assistant Professor",0.860655737704918,1,0.666666666666667,0.666666666666667,"Female",0,0,0,0,0,0,"efcd289a4383aa0893343736dd0f82f8"
2.17054263565891,"Agriculture",0.333333333333333,0.333333333333333,0,0.666666666666667,"Assistant Professor",0.663551401869159,1,1.33333333333333,1.33333333333333,"Female",0,0,0,0,0,0,"3ad78cd0b030c343379b0a2c57ab49e4"
1.59139784946237,"Physical Sciences",3,1.33333333333333,1.66666666666667,2.33333333333333,"Associate Professor",0.888349514563107,0,3.33333333333333,3.33333333333333,"Unknown",0,0,0,0,0,0,"8a9148481053868576f734a0c4f182e9"
0.0232558139534884,"Health",2,1.5,0.5,3.5,"Assistant Professor",0.930232558139535,1,7.5,8.5,"Female",0,0,0,0,1,1,"e27e17aeda9653323b45f95dae4a5b77"
1.59139784946237,"Physical Sciences",5.33333333333333,2,3.33333333333333,2.66666666666667,"Professor",0.888349514563107,0,4.33333333333333,4.33333333333333,"Unknown",0,0,0,0,0,0,"b8eb1b3fd75830b08d70f5f1b5f2b250"
1.93333333333333,"Engineering",0,0,0,0,"Assistant Professor",0.878640776699029,1,1,1,"Female",2,2,0,2,3,3,"9e3a948ac0c6e783b55b8831d8168d52"
1.4375,"Biological Sciences",4,3,1,7.25,"Professor",0.460377358490566,0,18,21.25,"Male",5,4,1,6,13,13,"50a62bc6163c9b5eebb88a04b6c0647f"
2.21052631578947,"Psychological Sciences",1,0.5,0.5,1.25,"Professor",0.733590733590734,0,3.5,5,"Female",1,1,0,3,3,3,"28dc615384ceea69d95f113707c87334"
1.6685393258427,"Engineering",4.66666666666667,3.66666666666667,1,5,"Associate Professor",0.868932038834951,1,7,7,"Unknown",4,3,1,4,5,5,"20831fd094be2b142eec31b216adfd08"
8.26190476190476,"Chemical Sciences",3,1.5,1.5,5,"Professor",0.930327868852459,0,12.75,15.75,"Male",3,2,1,5,7,7,"fe7d8707a50116d2a0179b1c55d5059c"
1.28985507246377,"Engineering",5,3,2,3,"Assistant Professor",0.912621359223301,1,5,5,"Female",7,7,0,8,9,10,"be473c2ab8ef0c89043a7d7bbb84b24f"
1.76923076923077,"Computational Sciences",3,2.75,0.25,4.25,"Assistant Professor",0.725225225225225,0,9.5,12,"Male",6,2,4,3,5,5,"9939a262880663baf1c234d965ff14c9"
0,"Medical Sciences",0,0,0,0,"Assistant Professor",0.645161290322581,1,0,0,"Female",5,4,1,7,7,7,"64c3b756d976976bd4d9053a207a9232"
0.0265486725663717,"Medical Sciences",0,0,0,0,"Professor",0.67741935483871,1,0,0,"Female",0,0,0,0,2,2,"f8df9df402ffb82fa8153502b60507b1"
0.0841121495327103,"Medical Sciences",10,8.25,1.75,13.5,"Associate Professor",0.72258064516129,1,25.75,30,"Unknown",2,2,0,4,7,8,"95662a03e3015595a5c1b7c36c2d3277"
2.46428571428571,"Medical Sciences",3.25,1.5,1.75,2.5,"Associate Professor",0.251612903225806,0,4.5,5,"Male",5,3,2,4,10,11,"828e7cbe3d918a419aae40ff8735513f"
0.0223048327137546,"Biological Sciences",0,0,0,0,"Assistant Professor",0.777358490566038,1,0,0,"Female",0,0,0,0,1,1,"915203fd3b11d5fe6835ed9deb6595e7"
0.0961538461538462,"Engineering",7.5,5.5,2,6.5,"Associate Professor",0.0679611650485437,1,13.25,15.5,"Male",9,4,5,4,9,9,"71a81dfb1a41f34601a7e0069b85b52e"
0.8,"Health",1,1,0,2.33333333333333,"Professor",0.423255813953488,0,3.33333333333333,3.33333333333333,"Female",0,0,0,0,0,0,"4befb22f72305ee83e9d1974c18daf0c"
4.57894736842105,"Psychological Sciences",0,0,0,0,"Associate Professor",0.965250965250965,0,0.333333333333333,0.666666666666667,"Male",0,0,0,0,1,1,"d5579181cca7a88000bb48932f99e22f"
1,"Engineering",0,0,0,0,"Professor",0.456310679611651,1,0,0,"Male",3,1,2,3,3,3,"5ff971014542fc2a719fcf4841e901bd"
0.627118644067797,"Chemical Sciences",3,3,0,7,"Professor",0.528688524590164,1,9,9,"Male",2,2,0,3,3,3,"4f9293d7872bf9a7324c2a95204892d8"
0.327586206896552,"Health",0.333333333333333,0,0.333333333333333,0.333333333333333,"Associate Professor",0.976744186046512,0,0.333333333333333,0.333333333333333,"Male",1,1,0,2,2,2,"dcc4a6ae60cc0bf5194e7580f7a97077"
0.327586206896552,"Health",0.75,0,0.75,0.5,"Assistant Professor",0.976744186046512,0,1,1,"Female",1,0,1,1,1,1,"843b993a21a24ff890e114ab6a2bcacc"
5.86666666666667,"Psychological Sciences",2,0.333333333333333,1.66666666666667,1,"Assistant Professor",0.980694980694981,0,2,2,"Male",2,1,1,2,2,4,"5764928369893b5f75ffba9de5f5af9d"
0.253968253968254,"Biological Sciences",2.5,2.5,0,5,"Assistant Professor",0.532075471698113,0,9,9,"Unknown",0,0,0,0,0,0,"929aded7bbaf3f88de0292afb5394881"
0.575539568345324,"Engineering",2.25,2.25,0,2.5,"Assistant Professor",0.718446601941748,0,3.75,4,"Male",1,1,0,2,2,2,"c3c0ec91e30bc94ec5a20792e5363357"
0.796610169491525,"Medical Sciences",0,0,0,0,"Associate Professor",0.735483870967742,0,0,0,"Male",0,0,0,0,1,1,"fab8a9f6a02cdf3fb8592699ba9424a3"
0.142857142857143,"Earth Sciences",0.75,0.5,0.25,1.5,"Associate Professor",0.153409090909091,0,2.75,3,"Unknown",3,1,2,3,3,3,"d88533d67a8c5af559e91b2bbd87f4e6"
1.33333333333333,"Psychological Sciences",2.75,0.75,2,1.75,"Assistant Professor",0.158301158301158,0,4,4.25,"Male",2,0,2,1,6,6,"7da4f21db55d01c8390f9b41d2ca6385"
0.575,"Computational Sciences",6,5.25,0.75,8.25,"Associate Professor",0.738738738738739,1,12.25,13.25,"Male",5,0,5,1,4,4,"1e2cab365a132571151a270bf8739763"
1.82692307692308,"Biological Sciences",4.75,1.5,3.25,2.25,"Associate Professor",0.962264150943396,0,5.5,6.75,"Female",0,0,0,0,1,1,"7b321a14ceaad665ef31d8d8882ea7cb"
2.29310344827586,"Agriculture",1.25,1.25,0,2.75,"Associate Professor",0.233644859813084,0,3.75,4,"Male",0,0,0,0,0,0,"4ded595a3bb267fc24c052aab9101606"
0.220858895705521,"Health",8.25,5.5,2.75,13.75,"Professor",0.576744186046512,0,25.25,29,"Male",0,0,0,0,0,0,"0555e908fa47b6aabec66c7158943909"
0.220858895705521,"Health",8.25,6.5,1.75,15,"Professor",0.576744186046512,0,23.75,25.75,"Male",0,0,0,0,0,0,"5ebd5121ac2b0d9b1150ecfe545e231f"
0.376623376623377,"Health",2,1.66666666666667,0.333333333333333,4,"Professor",0.944186046511628,0,4.66666666666667,4.66666666666667,"Female",0,0,0,0,0,0,"07fe5b7813af2171b8652ca1eae3182a"
2.73684210526316,"Chemical Sciences",4,4,0,5,"Assistant Professor",0.692622950819672,0,8,8,"Male",1,1,0,2,15,15,"f0cfe0d9f81d59af08c9787eb843b55b"
1.85714285714286,"Psychological Sciences",0,0,0,0,"Assistant Professor",0.907335907335907,0,1,1,"Female",1,0,1,1,1,1,"1b9a9d1607ddc26c2bedc99a1b23e0ae"
5.09523809523809,"Medical Sciences",5.5,4,1.5,8.5,"Professor",0.864516129032258,0,16,18.5,"Male",1,0,1,1,1,1,"29d302fc109c1313da66d07b67320c0f"
0.105882352941176,"Medical Sciences",0.25,0.25,0,1,"Professor",0.206451612903226,1,4,6,"Male",0,0,0,0,0,7,"c1c206ed7325c0e819767039df83bf4f"
0.0078125,"Biological Sciences",3.25,2.5,0.75,4.75,"Associate Professor",0.837735849056604,1,8.5,9,"Male",4,3,1,4,8,8,"137b0a4130c54230987707de10b5d612"
2.86666666666667,"Computational Sciences",2.33333333333333,1.66666666666667,0.666666666666667,5.33333333333333,"Assistant Professor",0.932432432432432,1,9.66666666666667,10,"Unknown",1,0,1,1,1,1,"c850748cd6665ca9ed9f52b67c01f254"
0.759259259259259,"Psychological Sciences",0.333333333333333,0.333333333333333,0,0.666666666666667,"Professor",0.992277992277992,1,2,2,"Female",0,0,0,0,1,1,"0ce990a1daf690642fa03f9c1683dc1c"
0.203947368421053,"Medical Sciences",5.25,3.25,2,3.25,"Professor",0.529032258064516,1,4.25,4.5,"Male",11,0,11,1,1,1,"32231953be8fac82666d760119b78f2b"
0.738095238095238,"Engineering",1.75,1,0.75,1.75,"Associate Professor",0.495145631067961,1,3.25,3.25,"Male",0,0,0,0,0,0,"9f3c566b12067029ac173bc81fd6cb03"
0.179245283018868,"Health",1.5,1.5,0,4.5,"Professor",0.632558139534884,0,5.5,5.5,"Male",2,0,2,1,1,1,"f94774c4721ab5e53af8b8827b99f2b1"
1.12109375,"Engineering",4,4,0,10,"Assistant Professor",0.737864077669903,1,13,14,"Male",0,0,0,0,3,3,"a31b8650d583d542317af3fae993b5de"
10.9310344827586,"Medical Sciences",2.5,2.5,0,6.5,"Associate Professor",0.987096774193548,0,13.5,15.5,"Male",0,0,0,0,1,2,"49078de27680da4227a9fe877c635716"
0.493827160493827,"Engineering",3.66666666666667,2.33333333333333,1.33333333333333,4.66666666666667,"Associate Professor",0.368932038834951,0,6,6,"Male",2,0,2,1,1,1,"c215b4bf3b38ac29935fec31503ab1f5"
1.15384615384615,"Chemical Sciences",0,0,0,0,"Professor",0.577868852459016,1,1,2,"Male",0,0,0,0,0,0,"6d5b33acb0374254275e060ba80e71f3"
0.0497237569060774,"Health",1.33333333333333,0.333333333333333,1,1,"Professor",0.316279069767442,0,2.33333333333333,2.66666666666667,"Female",0,0,0,0,0,0,"c81fce9ea902119146b0b90c398fa510"
0.100671140939597,"Health",0,0,0,0,"Assistant Professor",0.823255813953488,1,0,0,"Male",3,1,2,2,2,2,"f7c734952a480a970180f3028ad84156"
0.179245283018868,"Health",0.5,0.5,0,1,"Assistant Professor",0.632558139534884,0,2.25,2.5,"Female",0,0,0,0,1,1,"1d194e45a6f6ce904064ebf82632aa6b"
2.65693430656934,"Agriculture",0.333333333333333,0.333333333333333,0,0.666666666666667,"Professor",0.738317757009346,0,1.66666666666667,1.66666666666667,"Male",0.5,0,0.5,0.5,1,1,"6f9a0e4ef09bc40c6e5694ac5f29723f"
3.58695652173913,"Agriculture",5.33333333333333,4.66666666666667,0.666666666666667,6.33333333333333,"Associate Professor",0.289719626168224,0,9,9.33333333333333,"Male",6,2.5,3.5,5,8.5,9,"c523f6f131e3e42f22d079766e080ca6"
1.55,"Psychological Sciences",0.666666666666667,0,0.666666666666667,0.666666666666667,"Associate Professor",0.563706563706564,0,1,1,"Female",0,0,0,0,2,2,"27248a0e0ae5bc2a12169df4e796624a"
0.335365853658537,"Biological Sciences",3.66666666666667,1.33333333333333,2.33333333333333,3.33333333333333,"Associate Professor",0.569811320754717,1,4.33333333333333,4.66666666666667,"Unknown",2,1,1,2,2,2,"230bec4599a02d0440eb0f1d512e8543"
0.325842696629214,"Engineering",8,4.75,3.25,7.5,"Associate Professor",0.703883495145631,1,9.75,10,"Male",8,6,2,5,9,9,"a28f1b1963de532aa2442b939582d4fa"
2.08029197080292,"Engineering",0,0,0,0,"Associate Professor",0.95631067961165,0,0,0.25,"Male",1,0,1,1,4,4,"08f64c4ea8494eae4154e5e68e0340f6"
0.210526315789474,"Health",1,0,1,1,"Professor",0.902325581395349,1,1,1,"Female",3,1,2,2,2,2,"12c58206f9387488e46dc2747bac7750"
11,"Engineering",5.33333333333333,0.666666666666667,4.66666666666667,1.33333333333333,"Professor",0.932038834951456,1,2.66666666666667,3,"Unknown",3,3,0,4,6,6,"0dacb4c5b09cb9ee529c0d7850650686"
0.486486486486487,"Computational Sciences",1,1,0,3.5,"Associate Professor",0.923423423423423,1,6.5,6.5,"Male",0,0,0,0,0,0,"9f14a67fe5a117f9b0d0e264734cb2aa"
0.5,"Physical Sciences",1,0.5,0.5,2.25,"Professor",0.553398058252427,1,4,4,"Female",0,0,0,0,0,0,"1f63dfbb2634e460e20cc986c2a9f2a1"
1.8,"Medical Sciences",1,1,0,2,"Assistant Professor",0.767741935483871,0,3,3,"Female",2,0,2,1,9,9,"d8622413ea9366a5093c5dd81df15e45"
20.5555555555556,"Earth Sciences",4,4,0,5,"Assistant Professor",0.676136363636364,0,7,7,"Female",0,0,0,0,0,0,"e1d30b7f42b6619895f80440cd47e177"
0.677966101694915,"Biological Sciences",2.5,2.5,0,7,"Associate Professor",0.60377358490566,0,11,11.5,"Unknown",1,1,0,3,3,3,"e6824bce70ba702f3792da70fe6bfc66"
1.97402597402597,"Chemical Sciences",9,5,4,4,"Assistant Professor",0.737704918032787,1,11,13,"Male",0,0,0,0,0,0,"e7c392fec7d7ef29b0e2dc0fe9b500fc"
0.747747747747748,"Health",0,0,0,0,"Associate Professor",0.753488372093023,0,0,0,"Female",0,0,0,0,1,1,"5a047494e6c56943ef72757ce7641573"
1.76470588235294,"Earth Sciences",0,0,0,0,"Professor",0.517045454545455,0,0.666666666666667,1,"Unknown",1,0,1,1,1,1,"5fc9f4c3a2f3535222ff241772b8a1db"
1.76470588235294,"Earth Sciences",0,0,0,0,"Professor",0.517045454545455,0,0,0,"Unknown",2,1,1,3,3,3,"088ca8a5af66fb1d4e58b86a0a887d73"
0.987951807228916,"Biological Sciences",0,0,0,0,"Professor",0.90188679245283,1,0,0,"Male",4,3,1,4,7,7,"437d406a9b6c82ab7470c344eed64734"
0.102739726027397,"Engineering",5.33333333333333,4.33333333333333,1,5.33333333333333,"Associate Professor",0.694174757281553,1,8,9.33333333333333,"Unknown",4,2,2,3,4,4,"793eb40eb70e24ad3946f9f5908e8e6a"
0.954545454545455,"Psychological Sciences",1.33333333333333,0.333333333333333,1,1,"Professor",0.926640926640927,1,2,2.33333333333333,"Male",1,0,1,1,2,2,"e4c06d72c3285f8dccb4cbbc46beb7ec"
1.29230769230769,"Biological Sciences",3.25,0.75,2.5,2.5,"Associate Professor",0.867924528301887,0,7.75,10,"Female",4,1,3,2,6,6,"e633ecdd7e971985a47b2edbc7e158ef"
0.0396039603960396,"Computational Sciences",0,0,0,0,"Assistant Professor",0.13963963963964,1,0,0,"Male",0,0,0,0,0,0,"7938671a6f53f8612d119452fdb83a38"
1.265625,"Engineering",1,0.75,0.25,2.5,"Assistant Professor",0.572815533980582,0,3.5,4,"Unknown",3,1,2,3,3,3,"e399d5762a820b7aad0a41459d331b50"
0.108695652173913,"Chemical Sciences",4.33333333333333,3.33333333333333,1,5.33333333333333,"Associate Professor",0.30327868852459,1,7.33333333333333,8.33333333333333,"Unknown",6,3,3,5,8,10,"884d71159661dc3a9dac29ed4e54e988"
13.6923076923077,"Chemical Sciences",0,0,0,0,"Assistant Professor",0.885245901639344,0,0,0,"Unknown",3,3,0,7,7,10,"47012d465daee5e3e7db578e49015e31"
0.0721649484536082,"Engineering",1,0,1,1,"Assistant Professor",0.257281553398058,1,1,1,"Unknown",8,3,5,5,5,5,"5ba2371165a5ebc064f92241cef90ed0"
0.6875,"Engineering",1.66666666666667,0.666666666666667,1,3.33333333333333,"Assistant Professor",0.470873786407767,1,4,4,"Male",8,8,0,5,18,19,"df7eb26c7408d009ff6a368113a4c303"
17,"Computational Sciences",1.33333333333333,0.666666666666667,0.666666666666667,1.33333333333333,"Professor",0.734234234234234,0,3,4.33333333333333,"Male",0,0,0,0,2,2,"d25c0df769344c4fd89b8b0151aa5edc"
1.51851851851852,"Biological Sciences",0,0,0,0,"Professor",0.811320754716981,0,0,0,"Male",4,1,3,2,2,2,"ca130d6c6c38ec1b141a075fd46983d5"
0.144144144144144,"Biological Sciences",0.666666666666667,0.666666666666667,0,1.66666666666667,"Professor",0.467924528301887,1,3,3.33333333333333,"Male",0,0,0,0,1,1,"9cf0472572c59025b21ed7249424a529"
0.315789473684211,"Biological Sciences",4.75,3.75,1,5.5,"Associate Professor",0.637735849056604,0,12,13.25,"Male",0,0,0,0,0,0,"ee40a7360579649a9b79f908fa09ccb3"
0.142857142857143,"Medical Sciences",0,0,0,0,"Assistant Professor",0.690322580645161,1,0,0,"Male",2,0,2,1,3,3,"a519db13035fc9032af2cd254fd7ae8d"
0.324137931034483,"Biological Sciences",0.666666666666667,0.666666666666667,0,2.33333333333333,"Assistant Professor",0.690566037735849,0,3,3,"Female",1,1,0,7,8,8,"d32a4206dbca27f19fdcd06146f55e27"
0,"Earth Sciences",4.5,0.75,3.75,1.75,"Professor",0.204545454545455,1,4.75,6,"Unknown",3,1,2,4,11,11,"ff2c2eab7ac2df660b9165925112b66f"
0.618181818181818,"Health",1,0,1,0.666666666666667,"Assistant Professor",0.790697674418605,0,1,1,"Female",2,2,0,4,4,4,"3ebdb344c9e968e5d2628961884d241d"
0.0408163265306122,"Biological Sciences",2,1,1,2.66666666666667,"Assistant Professor",0.437735849056604,1,3.66666666666667,3.66666666666667,"Unknown",4,3,1,6,7,7,"323c61b1791e217a9b01a4d6ba7574f8"
11,"Engineering",1.33333333333333,0,1.33333333333333,1,"Associate Professor",0.932038834951456,0,3,4.66666666666667,"Unknown",0,0,0,0,1,1,"451d2c39580f68e8e83fb746df38ab67"
1.04166666666667,"Biological Sciences",0,0,0,0,"Assistant Professor",0.611320754716981,0,0,0,"Male",6,0,6,1,3,3,"027d661ab015d573765290376fbe290d"
1.78571428571429,"Psychological Sciences",0,0,0,0,"Assistant Professor",0.88030888030888,0,0,0,"Male",2,2,0,3,6,6,"75d0d0717f21e4a81ace06eebceadede"
0.804878048780488,"Biological Sciences",1.75,1,0.75,1.75,"Professor",0.815094339622642,0,2.75,3,"Female",1,0,1,1,1,1,"bfc0758faf219d067992f14e27f8c40e"
1.47368421052632,"Physical Sciences",2.5,0.5,2,1.5,"Associate Professor",0.383495145631068,0,2.5,2.5,"Unknown",3,0,3,1,1,1,"6c2efba6ec99d9f8b3251682799c5687"
12.6363636363636,"Physical Sciences",2,2,0,3,"Associate Professor",0.83495145631068,0,3,3,"Unknown",0,0,0,0,0,0,"7b3ef425c75d207ab50e2109fb8b86b1"
2.03448275862069,"Medical Sciences",0,0,0,0,"Assistant Professor",0.774193548387097,1,0,0,"Male",3,3,0,4,6,6,"489e7a6edff575f0344542ba047bc648"
1.41176470588235,"Architecture, Design, Planning",0,0,0,0,"Assistant Professor",0.564356435643564,0,0,0,"Male",0,0,0,0,0,0,"4b9d27976b53604093e1304bb4d354da"
0.144144144144144,"Biological Sciences",4,4,0,6.5,"Assistant Professor",0.467924528301887,1,13,15.25,"Male",4,3,1,8,8,8,"d253dd1b418215b8d9d42b7bce6ba7f3"
0.0275862068965517,"Health",4.75,3.75,1,10.25,"Associate Professor",0.223255813953488,0,15.75,16.25,"Male",3,2,1,5,5,5,"a4ba436d235970586800c14d56269e1e"
0.0972222222222222,"Computational Sciences",1,0.25,0.75,1.25,"Professor",0.716216216216216,1,1.75,2,"Male",1,1,0,3,3,6,"bd1816e469c4216626023a5bd4da4491"
0.220858895705521,"Health",1,0,1,1,"Assistant Professor",0.576744186046512,0,1,1,"Female",1,1,0,3,3,3,"9018058f8c4b2cfa37bae3c6ae47d804"
0.958333333333333,"Engineering",5,3.33333333333333,1.66666666666667,5.33333333333333,"Professor",0.563106796116505,0,8.66666666666667,9,"Male",2,1,1,3,4,4,"cbaa267c51eaaa26ecb6a7070ddbb8c3"
1.27118644067797,"Biological Sciences",0,0,0,0,"Professor",0.905660377358491,0,0,0,"Male",2,1,1,3,4,4,"2c6b2753196bb3885da622fca43a84ed"
4.125,"Psychological Sciences",2.5,0.5,2,1.5,"Professor",0.667953667953668,1,6,7,"Male",0,0,0,0,0,0,"585f5e7cddd28663358b4bfb8721eccd"
1.26829268292683,"Earth Sciences",3.66666666666667,2.66666666666667,1,5.66666666666667,"Professor",0.710227272727273,1,11,11.3333333333333,"Male",3,0,3,1,2,2,"53243a9b91b1f8b7064ecc29cb953649"
0.180722891566265,"Engineering",5.75,3.25,2.5,4.5,"Associate Professor",0.315533980582524,1,7.25,8.25,"Male",12,8,4,6,9,9,"31dc2dfabc038c7735f46caedbe0122a"
2.45238095238095,"Biological Sciences",0,0,0,0,"Assistant Professor",0.822641509433962,0,0,0.25,"Male",1,0,1,1,1,1,"ce487b55b68109f65638b01b2fe93548"
0.6,"Health",0,0,0,0,"Professor",0.4,0,0,0,"Female",0,0,0,0,1,1,"70e92ab88af6c66c464046df159c93c9"
0.103825136612022,"Health",1.5,0.5,1,1.5,"Assistant Professor",0.674418604651163,1,1.5,1.5,"Unknown",3,3,0,4,4,4,"82e25a80a1711dd81a76ac67e613100a"
0.382978723404255,"Engineering",4.5,3.5,1,5.5,"Professor",0.660194174757282,1,8.75,9.5,"Male",4,3,1,6,7,7,"adc72513d9c9c8d0afbc30fb52d4147a"
0.421052631578947,"Engineering",8.75,7.25,1.5,6.5,"Associate Professor",0.393203883495146,1,8.75,9.5,"Male",12,10,2,4,7,7,"da2cec77ea870b86dd065fa2d19e72c7"
0.166666666666667,"Medical Sciences",0,0,0,0,"Associate Professor",0.12258064516129,0,0,0,"Unknown",0,0,0,0,1,1,"c24ea1e3cd19c85baf0cad1849724346"
0.798029556650246,"Engineering",0,0,0,0,"Professor",0.87378640776699,0,0,0,"Male",0,0,0,0,0,0,"24fc8eb670d9c978c9d7c278af632754"
0,"Health",0,0,0,0,"Professor",0.469767441860465,1,0,0.25,"Male",0,0,0,0,0,0,"37c22a58c4b1b59464987545198094af"
0,"Engineering",0.333333333333333,0.333333333333333,0,1,"Associate Professor",0.150485436893204,1,1,1,"Male",1,0,1,1,3,3,"9bf567abb58bd10da5bedeb7352bbacf"
0.984615384615385,"Agriculture",1,1,0,2.33333333333333,"Assistant Professor",0.710280373831776,1,2.33333333333333,2.33333333333333,"Male",1,0,1,1,1,2,"6111f9e94c7ef546ebd52feaf9d2abd4"
0.958333333333333,"Engineering",3,2,1,4,"Associate Professor",0.563106796116505,1,6,6,"Male",3,1,2,2,5,5,"12d0bfb6d42d326f53179903f33c26ee"
3.68888888888889,"Engineering",0.75,0,0.75,0.5,"Associate Professor",0.79126213592233,0,1.25,1.5,"Male",0,0,0,0,0,0,"5cc10d3997b314b26cdb7d4140a1d7a0"
1.12109375,"Engineering",2,0.25,1.75,1.25,"Associate Professor",0.737864077669903,0,1.5,1.75,"Male",0,0,0,0,0,0,"bd4f1502938e6b8e0f3ff17025ca0382"
0.179245283018868,"Health",0.666666666666667,0.666666666666667,0,1.33333333333333,"Professor",0.632558139534884,1,7.66666666666667,10.6666666666667,"Male",2,1,1,3,3,3,"b257aad1e39f5e04c38e302bc8b233c1"
1.025,"Engineering",0.25,0,0.25,0.25,"Associate Professor",0.723300970873786,0,1.5,2,"Male",2,1,1,2,2,2,"e1a13f155cdc15481ddcc488cbd03478"
0.42,"Engineering",2.25,1.75,0.5,4,"Professor",0.475728155339806,1,6.75,8.25,"Male",0,0,0,0,10,10,"8cd8b8550bcf6fb7f3b878770068ec51"
0.666666666666667,"Biological Sciences",1.33333333333333,1,0.333333333333333,3.33333333333333,"Assistant Professor",0.830188679245283,0,6.66666666666667,7.33333333333333,"Female",1,1,0,2,2,2,"9e4da73e878e3028f95690744ba0fa43"
0.385416666666667,"Health",0,0,0,0,"Associate Professor",0.511627906976744,1,1,1,"Male",0,0,0,0,0,0,"cea4928c43df29749e8ab28baf991e1d"
1.12109375,"Engineering",1.25,0.75,0.5,2,"Professor",0.737864077669903,0,7,9.75,"Female",0,0,0,0,0,0,"4df8d552183a0506908363ae21909232"
0.376623376623377,"Health",1.25,0.75,0.5,1,"Associate Professor",0.944186046511628,0,2.75,3.25,"Male",3,0,3,1,1,1,"2756b3d4ea3381811805a2690b0407ef"
2.24137931034483,"Computational Sciences",0,0,0,0,"Professor",0.752252252252252,0,4,4,"Female",0,0,0,0,1,1,"d62ffc93c540daec7f67ae14e96e71cd"
1.38297872340426,"Engineering",3,2,1,3,"Assistant Professor",0.844660194174757,0,3,3,"Unknown",2,0,2,1,4,4,"c20d467ca45c0e9bc3d4f3b057d596cc"
0.203947368421053,"Medical Sciences",4,1.25,2.75,4.5,"Associate Professor",0.529032258064516,1,9.5,11.25,"Female",2,1,1,5,6,6,"cc69bcab9481148746475b0fcab32589"
0.59748427672956,"Biological Sciences",0,0,0,0,"Assistant Professor",0.909433962264151,0,0,0,"Female",3,1,2,2,3,3,"95f67cd394f6177008ec428b66a5ce3a"
0.550847457627119,"Engineering",8.5,6,2.5,9.5,"Assistant Professor",0.966019417475728,1,11.5,11.5,"Male",6,4,2,6,12,12,"7bb2b92e1bc77368edee8c7c16587569"
0.36,"Health",1,0.5,0.5,0.75,"Associate Professor",0.665116279069767,0,1.25,1.25,"Female",0,0,0,0,0,0,"a6b9c0929952a82a6601ddceb29328f1"
0.17989417989418,"Medical Sciences",1.75,1,0.75,2,"Associate Professor",0.845161290322581,1,7.75,11,"Male",1,0,1,1,3,10,"2be600c8354c7ecd1756a6a25df97138"
2.87755102040816,"Agriculture",0,0,0,0,"Associate Professor",0.542056074766355,0,0.25,0.5,"Female",1,0,1,1,1,1,"6a9c401ac00a038e1529b4854775b9c0"
2.87755102040816,"Agriculture",0,0,0,0,"Professor",0.542056074766355,0,0,0,"Male",0,0,0,0,0,0,"231dbda83eba742849dcce4d8b5a005c"
1.27118644067797,"Biological Sciences",0,0,0,0,"Associate Professor",0.905660377358491,0,0,0,"Male",0,0,0,0,1,1,"f5c68b204a42ef59bfb88accb71267f1"
1.7734375,"Agriculture",0.333333333333333,0.333333333333333,0,2.33333333333333,"Assistant Professor",0.607476635514019,0,2.33333333333333,2.33333333333333,"Male",0,0,0,0,0,0,"55aed4b5157d1bea6531b3a1fb9358ae"
1.95744680851064,"Agriculture",0,0,0,0,"Assistant Professor",0.532710280373832,0,0.5,1,"Female",0,0,0,0,1,1,"8351fb5d0d2a1a73d4fd0ee2da52a8e0"
1.43548387096774,"Medical Sciences",3,2,1,3,"Professor",0.593548387096774,0,12,12,"Unknown",4,2,2,5,17,17,"0b8c1251254bc6bd133b1b4d4f7c5387"
4.16666666666667,"Engineering",0,0,0,0,"Professor",0.902912621359223,1,0,0,"Male",4,1,3,2,2,2,"48fe421ad81217f4f082a4ac5039c924"
0.157894736842105,"Earth Sciences",0.666666666666667,0,0.666666666666667,0.333333333333333,"Associate Professor",0.306818181818182,1,1,1,"Male",0,0,0,0,1,1,"f5b1a4223bc3cae0003f484e5a44237a"
2.24137931034483,"Computational Sciences",1,0,1,1,"Associate Professor",0.752252252252252,0,9,9,"Female",3,2,1,3,5,5,"529b4a2f5bf4e50b26b474ae8d8193c1"
0.459459459459459,"Engineering",2,2,0,2.5,"Assistant Professor",0.553398058252427,1,2.5,2.5,"Unknown",10,10,0,5,7,7,"e72ebeba558237d6510c903c057f87b5"
0.0989010989010989,"Chemical Sciences",0.333333333333333,0,0.333333333333333,0.333333333333333,"Assistant Professor",0.0942622950819672,1,2,3,"Male",0,0,0,0,0,0,"d37dcd64925a3c7628615e34182f2a5e"
0.942857142857143,"Biological Sciences",5.5,5,0.5,7.25,"Professor",0.988679245283019,0,14.5,17.75,"Male",0,0,0,0,0,0,"d71f540fed2e426f047b2e715ed7ccb9"
0.146496815286624,"Health",2.5,1,1.5,3.5,"Assistant Professor",0.67906976744186,1,3.5,3.5,"Female",0,0,0,0,0,0,"51a1c005245913e1c30ac7cd8e4e06c6"
0.558823529411765,"Chemical Sciences",2.66666666666667,2.66666666666667,0,4,"Assistant Professor",0.770491803278688,1,5.33333333333333,5.33333333333333,"Male",6,6,0,7,16,16,"4bebc5d36c795fadf5ca73d4bb8ee8aa"
0,"Biological Sciences",2,0.5,1.5,1.5,"Professor",0.550943396226415,1,2.5,3,"Male",2,0,2,1,1,1,"2773c4fbb39f67a3878b69e414407dff"
0.0434782608695652,"Health",0,0,0,0,"Assistant Professor",0.53953488372093,1,0,0,"Male",1,0,1,1,1,1,"400d533752bfa67659782b1243ef0dd6"
0.100671140939597,"Health",0,0,0,0,"Associate Professor",0.823255813953488,1,0,0,"Female",0,0,0,0,0,1,"33a39559884eec4c95e49c10d3f120e0"
0.101010101010101,"Health",11.75,5.5,6.25,6.25,"Professor",0.734883720930233,1,11.25,13,"Male",12,5,7,6,7,7,"354867597e632e15934b09dbb5b5d191"
0.388888888888889,"Medical Sciences",0.666666666666667,0.333333333333333,0.333333333333333,1.66666666666667,"Assistant Professor",0.709677419354839,1,4.66666666666667,5,"Male",2,2,0,3,4,4,"f162979b4f6a332b6a1f26a661b006c2"
3.15909090909091,"Agriculture",3,3,0,7,"Professor",0.205607476635514,0,7,7,"Male",5,0,5,1,1,1,"002eac3685231be0d970e077803e60ce"
9.5,"Psychological Sciences",1,1,0,2,"Assistant Professor",0.474903474903475,0,2.66666666666667,2.66666666666667,"Male",0,0,0,0,0,0,"113b3ae76695b96f3fdfe2230e7ca00e"
0.23728813559322,"Chemical Sciences",2.33333333333333,0.666666666666667,1.66666666666667,2,"Associate Professor",0.254098360655738,1,2,2,"Unknown",3,2,1,3,3,3,"d92f3350b0121e4f247fada175eaf9ff"
0.203947368421053,"Medical Sciences",0,0,0,0,"Assistant Professor",0.529032258064516,1,2,4,"Unknown",1,0,1,1,1,1,"815115411c4fb0b9628d3061e71356a6"
7.33333333333333,"Physical Sciences",0.25,0,0.25,0.25,"Assistant Professor",0.898058252427185,0,1,1.5,"Male",0,0,0,0,0,0,"c62bccb42e5e5f40fb0390644f3cfd0c"
0.555555555555556,"Medical Sciences",0.5,0.5,0,1,"Assistant Professor",0.309677419354839,0,4,4,"Unknown",0,0,0,0,3,3,"4fa8c4aca90cfcb1403e6053b6a4403c"
0.0630630630630631,"Engineering",0,0,0,0,"Assistant Professor",0.271844660194175,1,5,5,"Male",0,0,0,0,0,0,"b6e5ed1b6ad9036dc5b186620b7e414e"
0.25,"Biological Sciences",2.5,1.5,1,3,"Assistant Professor",0.826415094339623,0,6,7,"Female",0,0,0,0,0,0,"f3ab44778f11223a91e9dd7b0a8c4e39"
