org_key,display_name,institution_state,carnegie_code_2021,dr_ft_tot_all_races_v,dr_ft_ra_all_v,dr_ft_fel_all_v,dr_ft_trn_all_v,dr_ft_ta_all_v,dr_ft_ots_all_v,dr_ft_tot_fed_all_v,dr_ft_tot_nfed_inst_v,pd_tot_all_v,pd_tot_fed_all_v,total_dr_ft,ra_share,fellow_trainee_share,ta_other_share,federal_support_share,institutional_support_share,postdocs_per_100_doctoral,car_group,f_award_years,f31_award_years,f32_award_years,t32_award_years,f_unique_projects,t32_unique_projects,f_total_cost,t32_total_cost,f_awards_per_100_doctoral,t32_awards_per_100_doctoral,expected_f_award_years,f_training_residual,f_training_ratio,f_training_residual_rank_over,f_training_residual_percentile,ra_share_peer_z,ta_other_share_peer_z,ra_share_percentile,ta_other_share_percentile,obligation_risk_z,obligation_risk_rank_over,obligation_risk_percentile
A T STILL UNIVERSITY,A.T. Still University,MO,25,98,0,9,0,27,62,4,30,2,0,98,0,0.09183673469387756,0.9081632653061225,0.04081632653061224,0.30612244897959184,2.0408163265306123,other,0,0,0,0,0,0,0,0,0,0,0.8833223907484542,-0.5981951742227108,0.36144864230056467,224,26.158940397350992,NA,NA,NA,NA,NA,NA,NA
ABILENE CHRISTIAN UNIVERSITY,Abilene Christian University,TX,17,0,0,0,0,0,0,0,0,0,0,0,NA,NA,NA,NA,NA,NA,other_doctoral,0,0,0,0,0,0,0,0,NA,NA,NA,NA,NA,NA,NA,NA,NA,NA,NA,NA,NA,NA
ADELPHI UNIVERSITY,Adelphi University,NY,17,81,0,0,0,0,81,0,0,0,0,81,0,0,1,0,0,0,other_doctoral,0,0,0,0,0,0,0,0,0,0,0.31994253917515736,-0.4570053351984635,0.609798828711812,153,49.668874172185426,NA,NA,NA,NA,NA,NA,NA
AIR FORCE INSTITUTE OF TECHNOLOGY,Air Force Institute of Technology,OH,16,99,0,0,0,0,99,97,0,0,0,99,0,0,1,0.9797979797979798,0,0,other_doctoral,0,0,0,0,0,0,0,0,0,0,0.3352244068474497,-0.46396086743037246,0.5986415098754686,154,49.337748344370866,NA,NA,NA,NA,NA,NA,NA
ALABAMA A AND M UNIVERSITY,Alabama A&M University,AL,18,16,0,0,0,3,13,1,11,3,0,16,0,0,1,0.0625,0.6875,18.75,other_doctoral,0,0,0,0,0,0,0,0,0,0,NA,NA,NA,NA,NA,NA,NA,NA,NA,NA,NA,NA
ALABAMA STATE UNIVERSITY,Alabama State University,AL,17,5,0,4,0,0,1,1,4,0,0,5,0,0.8,0.2,0.2,0.8,0,other_doctoral,0,0,0,0,0,0,0,0,0,0,NA,NA,NA,NA,NA,NA,NA,NA,NA,NA,NA,NA
ALASKA PACIFIC UNIVERSITY,Alaska Pacific University,AK,22,0,0,0,0,0,0,0,0,0,0,0,NA,NA,NA,NA,NA,NA,other,0,0,0,0,0,0,0,0,NA,NA,NA,NA,NA,NA,NA,NA,NA,NA,NA,NA,NA,NA
ALBANY COLLEGE OF PHARMACY AND,Albany College of Pharmacy and Health Sciences,NY,26,0,0,0,0,0,0,0,0,0,0,0,NA,NA,NA,NA,NA,NA,other,0,0,0,0,0,0,0,0,NA,NA,NA,NA,NA,NA,NA,NA,NA,NA,NA,NA,NA,NA
ALBANY MEDICAL COLLEGE,Albany Medical College,NY,25,57,22,0,33,0,2,8,48,15,12,57,0.38596491228070173,0.5789473684210527,0.03508771929824561,0.14035087719298245,0.8421052631578947,26.31578947368421,other,4,4,0,0,2,0,161937,0,7.017543859649122,0,1.5207721045614795,1.070298568906349,2.2268715951898637,29,90.72847682119205,NA,NA,NA,NA,NA,NA,NA
ALBERT EINSTEIN COLLEGE OF MEDICINE,Albert Einstein College of Medicine,NY,27,351,101,49,61,0,140,182,150,240,158,351,0.28774928774928776,0.31339031339031337,0.39886039886039887,0.5185185185185185,0.42735042735042733,68.37606837606837,other,97,86,11,29,43,9,4550429,12529152,27.635327635327634,8.262108262108262,57.19194549029977,0.5370151915240509,1.6900106101707644,51,83.44370860927152,NA,NA,NA,NA,NA,NA,NA
ALBIZU UNIVERSITY SAN JUAN,Albizu University-San Juan,PR,26,297,0,0,11,0,286,11,0,0,0,297,0,0.037037037037037035,0.9629629629629629,0.037037037037037035,0,0,other,0,0,0,0,0,0,0,0,0,0,1.159342700548434,-0.629312655597351,0.30132413264284924,238,21.52317880794702,NA,NA,NA,NA,NA,NA,NA
ALCORN STATE UNIVERSITY,Alcorn State University,MS,20,0,0,0,0,0,0,0,0,0,0,0,NA,NA,NA,NA,NA,NA,other_doctoral,0,0,0,0,0,0,0,0,NA,NA,NA,NA,NA,NA,NA,NA,NA,NA,NA,NA,NA,NA
ALFRED UNIVERSITY,Alfred University,NY,18,13,2,0,0,0,11,0,13,5,4,13,0.15384615384615385,0,0.8461538461538461,0,1,38.46153846153846,other_doctoral,0,0,0,0,0,0,0,0,0,0,NA,NA,NA,NA,NA,NA,NA,NA,NA,NA,NA,NA
AMERICAN INTERNATIONAL COLLEGE,American International College,MA,17,0,0,0,0,0,0,0,0,0,0,0,NA,NA,NA,NA,NA,NA,other_doctoral,0,0,0,0,0,0,0,0,NA,NA,NA,NA,NA,NA,NA,NA,NA,NA,NA,NA,NA,NA
AMERICAN MUSEUM OF NATURAL HISTORY,American Museum of Natural History,NY,-2,20,0,3,17,0,0,3,17,32,11,20,0,1,0,0.15,0.85,160,other,0,0,0,0,0,0,0,0,0,0,NA,NA,NA,NA,NA,NA,NA,NA,NA,NA,NA,NA
AMERICAN UNIVERSITY,American University,DC,16,221,0,0,0,65,156,0,139,7,0,221,0,0,1,0,0.6289592760180995,3.167420814479638,other_doctoral,0,0,0,0,0,0,0,0,0,0,0.413229170931526,-0.4949257997643462,0.5475076967701134,171,43.70860927152318,NA,NA,NA,NA,NA,NA,NA
ANA G MENDEZ UNIVERSITY GURABO,"Ana G. Mendez University, Gurabo Campus",PR,17,46,0,0,0,0,46,0,0,0,0,46,0,0,1,0,0,0,other_doctoral,0,0,0,0,0,0,0,0,0,0,NA,NA,NA,NA,NA,NA,NA,NA,NA,NA,NA,NA
ANDREWS UNIVERSITY,Andrews University,MI,17,135,0,0,0,0,135,0,0,0,0,135,0,0,1,0,0,0,other_doctoral,0,0,0,0,0,0,0,0,0,0,0.3603567093131997,-0.47471247854822307,0.5811542986619317,159,47.682119205298015,NA,NA,NA,NA,NA,NA,NA
ANGELO STATE UNIVERSITY,Angelo State University,TX,18,0,0,0,0,0,0,0,0,0,0,0,NA,NA,NA,NA,NA,NA,other_doctoral,0,0,0,0,0,0,0,0,NA,NA,NA,NA,NA,NA,NA,NA,NA,NA,NA,NA,NA,NA
ANTIOCH UNIVERSITY,Antioch University,OH,-2,38,0,0,0,0,38,1,18,0,0,38,0,0,1,0.02631578947368421,0.47368421052631576,0,other,0,0,0,0,0,0,0,0,0,0,NA,NA,NA,NA,NA,NA,NA,NA,NA,NA,NA,NA
APPALACHIAN STATE UNIVERSITY,Appalachian State University,NC,18,0,0,0,0,0,0,0,0,0,0,0,NA,NA,NA,NA,NA,NA,other_doctoral,0,0,0,0,0,0,0,0,NA,NA,NA,NA,NA,NA,NA,NA,NA,NA,NA,NA,NA,NA
ARIZONA STATE UNIVERSITY,Arizona State University,AZ,15,2219,525,7,0,257,1430,185,1765,311,111,2219,0.23659305993690852,0.0031545741324921135,0.7602523659305994,0.08337088778729157,0.7954033348355115,14.015322217214962,temple_carnegie_code,39,28,11,7,18,3,1741325,2547439,1.757548445245606,0.31545741324921134,22.555248479245243,0.5580678372769309,1.7132758311218645,48,84.43708609271523,-1.207970210137296,1.743647156330321,11.347517730496454,93.61702127659575,2.951617366467617,11,92.90780141843972
ARKANSAS STATE UNIVERSITY,Arkansas State University,AR,16,42,12,0,0,15,15,5,34,3,2,42,0.2857142857142857,0,0.7142857142857143,0.11904761904761904,0.8095238095238095,7.142857142857143,other_doctoral,0,0,0,0,0,0,0,0,0,0,NA,NA,NA,NA,NA,NA,NA,NA,NA,NA,NA,NA
ARKANSAS TECH UNIVERSITY,Arkansas Tech University,AR,18,0,0,0,0,0,0,0,0,0,0,0,NA,NA,NA,NA,NA,NA,other_doctoral,0,0,0,0,0,0,0,0,NA,NA,NA,NA,NA,NA,NA,NA,NA,NA,NA,NA,NA,NA
AUBURN UNIVERSITY,Auburn University,AL,15,1114,176,0,0,113,825,127,924,130,53,1114,0.15798922800718132,0,0.8420107719928187,0.11400359066427289,0.829443447037702,11.669658886894075,temple_carnegie_code,0,0,0,0,0,0,0,0,0,0,2.5547578237972646,-0.697766563702866,0.1636790962952563,269,11.258278145695364,-1.7266857518961658,2.1748355626916656,5.673758865248227,98.581560283687935,3.901521314587831,5,97.16312056737588
AUGUSTA UNIVERSITY,Augusta University,GA,16,166,138,0,1,0,27,1,147,133,86,166,0.8313253012048193,0.006024096385542169,0.16265060240963855,0.006024096385542169,0.8855421686746988,80.12048192771084,other_doctoral,26,25,1,4,15,1,1091535,964478,15.662650602409638,2.4096385542168677,4.09954341754371,3.86910130747772,5.761441428930302,7,98.01324503311258,NA,NA,NA,NA,NA,NA,NA
AUSTIN PEAY STATE UNIVERSITY,Austin Peay State University,TN,18,0,0,0,0,0,0,0,0,0,0,0,NA,NA,NA,NA,NA,NA,other_doctoral,0,0,0,0,0,0,0,0,NA,NA,NA,NA,NA,NA,NA,NA,NA,NA,NA,NA,NA,NA
AZUSA PACIFIC UNIVERSITY,Azusa Pacific University,CA,16,31,0,0,0,0,31,0,0,0,0,31,0,0,1,0,0,0,other_doctoral,0,0,0,0,0,0,0,0,0,0,NA,NA,NA,NA,NA,NA,NA,NA,NA,NA,NA,NA
BALL STATE UNIVERSITY,Ball State University,IN,16,73,36,0,0,4,33,3,53,1,1,73,0.4931506849315068,0,0.5068493150684932,0.0410958904109589,0.726027397260274,1.36986301369863,other_doctoral,0,0,0,0,0,0,0,0,0,0,0.45719513385779426,-0.5096653799101698,0.522359529749012,178,41.390728476821195,NA,NA,NA,NA,NA,NA,NA
BARD COLLEGE,Bard College,NY,21,0,0,0,0,0,0,0,0,0,0,0,NA,NA,NA,NA,NA,NA,other_doctoral,0,0,0,0,0,0,0,0,NA,NA,NA,NA,NA,NA,NA,NA,NA,NA,NA,NA,NA,NA
BARRY UNIVERSITY,Barry University,FL,17,47,0,0,0,0,47,13,3,0,0,47,0,0,1,0.2765957446808511,0.06382978723404255,0,other_doctoral,0,0,0,0,0,0,0,0,0,0,NA,NA,NA,NA,NA,NA,NA,NA,NA,NA,NA,NA
BAYLOR COLLEGE OF MEDICINE,Baylor College of Medicine,TX,27,605,491,57,53,0,4,300,232,546,313,605,0.8115702479338843,0.18181818181818182,0.006611570247933884,0.49586776859504134,0.3834710743801653,90.24793388429752,other,197,155,42,69,99,17,9628079,29276122,32.56198347107438,11.40495867768595,169.12118691757044,0.12762263285845174,1.1643592618885377,72,76.49006622516556,NA,NA,NA,NA,NA,NA,NA
BAYLOR UNIVERSITY,Baylor University,TX,15,753,289,4,33,370,57,157,550,70,16,753,0.3837981407702523,0.049136786188579015,0.5670650730411687,0.20849933598937584,0.7304116865869854,9.296148738379815,temple_carnegie_code,3,3,0,0,1,0,102959,0,0.398406374501992,0,4.118081491709582,-0.19669623913382447,0.7578904803397751,104,65.89403973509934,-0.23654729881675443,0.7247901976114421,38.297872340425535,79.43262411347519,0.9613374964281965,33,77.30496453900709
BEMIDJI STATE UNIVERSITY,Bemidji State University,MN,20,0,0,0,0,0,0,0,0,0,0,0,NA,NA,NA,NA,NA,NA,other_doctoral,0,0,0,0,0,0,0,0,NA,NA,NA,NA,NA,NA,NA,NA,NA,NA,NA,NA,NA,NA
BENEDICTINE UNIVERSITY,Benedictine University,IL,18,0,0,0,0,0,0,0,0,0,0,0,NA,NA,NA,NA,NA,NA,other_doctoral,0,0,0,0,0,0,0,0,NA,NA,NA,NA,NA,NA,NA,NA,NA,NA,NA,NA,NA,NA
BETHUNE COOKMAN UNIVERSITY,Bethune-Cookman University,FL,21,0,0,0,0,0,0,0,0,0,0,0,NA,NA,NA,NA,NA,NA,other_doctoral,0,0,0,0,0,0,0,0,NA,NA,NA,NA,NA,NA,NA,NA,NA,NA,NA,NA,NA,NA
BINGHAMTON UNIVERSITY STATE UNIVERSITY OF NEW YORK,"Binghamton University, State University of New York",NY,15,787,130,0,0,312,345,48,501,17,8,787,0.16518424396442186,0,0.8348157560355781,0.060991105463786534,0.636594663278272,2.1601016518424396,temple_carnegie_code,0,0,0,0,0,0,0,0,0,0,2.138759840899317,-0.6851829171001801,0.18948295038081023,265,12.582781456953644,-1.6792050310636195,2.136889526146065,7.092198581560284,97.16312056737588,3.8160945572096843,6,96.45390070921985
BIOLA UNIVERSITY,Biola University,CA,17,37,0,0,0,0,37,0,13,0,0,37,0,0,1,0,0.35135135135135137,0,other_doctoral,0,0,0,0,0,0,0,0,0,0,NA,NA,NA,NA,NA,NA,NA,NA,NA,NA,NA,NA
BLACK HILLS STATE UNIVERSITY,Black Hills State University,SD,20,0,0,0,0,0,0,0,0,0,0,0,NA,NA,NA,NA,NA,NA,other_doctoral,0,0,0,0,0,0,0,0,NA,NA,NA,NA,NA,NA,NA,NA,NA,NA,NA,NA,NA,NA
BOISE STATE UNIVERSITY,Boise State University,ID,16,233,126,0,0,30,77,45,105,28,25,233,0.5407725321888412,0,0.4592274678111588,0.19313304721030042,0.45064377682403434,12.017167381974248,other_doctoral,0,0,0,0,0,0,0,0,0,0,0.731924493513628,-0.5746048074360264,0.40586903063671315,217,28.47682119205298,NA,NA,NA,NA,NA,NA,NA
BOSTON COLLEGE,Boston College,MA,15,567,157,0,1,262,147,104,370,76,38,567,0.2768959435626102,0.001763668430335097,0.7213403880070547,0.18342151675485008,0.6525573192239859,13.403880070546737,temple_carnegie_code,12,11,1,0,8,0,366696,0,2.1164021164021163,0,2.4144696891289765,2.754947079979475,4.288944931088225,11,96.68874172185431,-0.9420069409032906,1.538427967780431,17.73049645390071,92.19858156028369,2.4804349086837214,15,90.0709219858156
BOSTON UNIVERSITY,Boston University,MA,15,2225,957,28,43,483,714,247,1873,320,189,2225,0.4301123595505618,0.03191011235955056,0.5379775280898876,0.11101123595505619,0.8417977528089887,14.382022471910112,temple_carnegie_code,202,153,49,53,119,14,8883335,19693642,9.07865168539326,2.3820224719101124,142.13700598215922,0.3259542545705909,1.419687679264162,62,79.80132450331125,0.06908544828957913,0.5713844164008587,52.4822695035461,75.88652482269504,0.5022989681112795,54,62.4113475177305
BOWIE STATE UNIVERSITY,Bowie State University,MD,18,14,0,0,0,0,14,0,0,0,0,14,0,0,1,0,0,0,other_doctoral,0,0,0,0,0,0,0,0,0,0,NA,NA,NA,NA,NA,NA,NA,NA,NA,NA,NA,NA
BOWLING GREEN STATE UNIVERSITY,Bowling Green State University,OH,16,189,0,0,0,0,189,1,138,5,2,189,0,0,1,0.005291005291005291,0.7301587301587301,2.6455026455026456,other_doctoral,0,0,0,0,0,0,0,0,0,0,0.39695815200608664,-0.48902049965268024,0.5574396072790329,165,45.6953642384106,NA,NA,NA,NA,NA,NA,NA
BRADLEY UNIVERSITY,Bradley University,IL,17,0,0,0,0,0,0,0,0,0,0,0,NA,NA,NA,NA,NA,NA,other_doctoral,0,0,0,0,0,0,0,0,NA,NA,NA,NA,NA,NA,NA,NA,NA,NA,NA,NA,NA,NA
BRANDEIS UNIVERSITY,Brandeis University,MA,15,410,107,49,17,10,227,88,265,107,56,410,0.26097560975609757,0.16097560975609757,0.5780487804878048,0.2146341463414634,0.6463414634146342,26.097560975609756,temple_carnegie_code,43,25,18,13,25,3,1789394,4680588,10.487804878048781,3.1707317073170733,29.2962914799178,0.3591158192210904,1.4599132254199576,58,81.12582781456953,-1.047067017144995,0.7827175415747046,14.184397163120568,81.56028368794325,1.8297845587196995,17,88.65248226950354
BRIDGEWATER STATE UNIVERSITY,Bridgewater State University,MA,18,0,0,0,0,0,0,0,0,0,0,0,NA,NA,NA,NA,NA,NA,other_doctoral,0,0,0,0,0,0,0,0,NA,NA,NA,NA,NA,NA,NA,NA,NA,NA,NA,NA,NA,NA
BRIGHAM YOUNG UNIVERSITY,Brigham Young University,UT,16,160,96,2,0,51,11,31,120,0,0,160,0.6,0.0125,0.3875,0.19375,0.75,0,other_doctoral,2,0,2,0,1,0,162000,0,1.25,0,0.7057342879326863,1.0450724742063187,2.073425318513933,31,90.06622516556291,NA,NA,NA,NA,NA,NA,NA
BROOKLYN COLLEGE CITY UNIVERSITY OF NEW YORK,"Brooklyn College, The City University of New York",NY,18,0,0,0,0,0,0,0,0,1,1,0,NA,NA,NA,NA,NA,NA,other_doctoral,0,0,0,0,0,0,0,0,NA,NA,NA,NA,NA,NA,NA,NA,NA,NA,NA,NA,NA,NA
BROWN UNIVERSITY,Brown University,RI,15,1418,467,353,71,342,185,172,1200,322,193,1418,0.32933709449929477,0.29901269393511987,0.3716502115655853,0.12129760225669958,0.846262341325811,22.708039492242595,temple_carnegie_code,111,84,27,54,60,14,5334265,16542373,7.827926657263752,3.8081805359661494,165.5413466939084,-0.2550669382463783,0.6715194872849741,111,63.576158940397356,-0.595941878287769,-0.305814809962411,25.53191489361702,38.297872340425535,0.290127068325358,60,58.156028368794324
BRYN MAWR COLLEGE,Bryn Mawr College,PA,21,28,1,17,0,8,2,0,26,0,0,28,0.03571428571428571,0.6071428571428571,0.35714285714285715,0,0.9285714285714286,0,other_doctoral,0,0,0,0,0,0,0,0,0,0,NA,NA,NA,NA,NA,NA,NA,NA,NA,NA,NA,NA
BUCKNELL UNIVERSITY,Bucknell University,PA,21,0,0,0,0,0,0,0,0,6,0,0,NA,NA,NA,NA,NA,NA,other_doctoral,0,0,0,0,0,0,0,0,NA,NA,NA,NA,NA,NA,NA,NA,NA,NA,NA,NA,NA,NA
CALIFORNIA BAPTIST UNIVERSITY,California Baptist University,CA,18,20,0,0,0,0,20,0,0,0,0,20,0,0,1,0,0,0,other_doctoral,0,0,0,0,0,0,0,0,0,0,NA,NA,NA,NA,NA,NA,NA,NA,NA,NA,NA,NA
CALIFORNIA INSTITUTE OF INTEGRAL STUDIES,California Institute of Integral Studies,CA,17,64,0,0,0,0,64,0,0,0,0,64,0,0,1,0,0,0,other_doctoral,0,0,0,0,0,0,0,0,0,0,0.3029345316094512,-0.44885407500182944,0.6227157760892029,146,51.98675496688742,NA,NA,NA,NA,NA,NA,NA
CALIFORNIA INSTITUTE OF TECHNOLOGY,California Institute of Technology,CA,15,1419,861,372,0,182,4,497,785,574,226,1419,0.6067653276955602,0.26215644820295986,0.13107822410147993,0.350246652572234,0.5532064834390416,40.451021846370686,temple_carnegie_code,72,21,51,4,36,1,3925531,1529857,5.07399577167019,0.28188865398167723,31.505052073202187,0.9874979844371247,2.265267365732681,34,89.0728476821192,1.2348382853340367,-1.5745755024212087,90.0709219858156,7.801418439716312,-2.809413787755245,137,3.546099290780142
CALIFORNIA LUTHERAN UNIVERSITY,California Lutheran University,CA,18,0,0,0,0,0,0,0,0,0,0,0,NA,NA,NA,NA,NA,NA,other_doctoral,0,0,0,0,0,0,0,0,NA,NA,NA,NA,NA,NA,NA,NA,NA,NA,NA,NA,NA,NA
CALIFORNIA POLYTECHNIC STATE UNIVERSITY SAN LUIS OBISPO,"California Polytechnic State University, San Luis Obispo",CA,18,0,0,0,0,0,0,0,0,0,0,0,NA,NA,NA,NA,NA,NA,other_doctoral,0,0,0,0,0,0,0,0,NA,NA,NA,NA,NA,NA,NA,NA,NA,NA,NA,NA,NA,NA
CALIFORNIA STATE POLYTECHNIC UNIVERSITY HUMBOLDT,"California State Polytechnic University, Humboldt",CA,18,0,0,0,0,0,0,0,0,0,0,0,NA,NA,NA,NA,NA,NA,other_doctoral,0,0,0,0,0,0,0,0,NA,NA,NA,NA,NA,NA,NA,NA,NA,NA,NA,NA,NA,NA
CALIFORNIA STATE POLYTECHNIC UNIVERSITY POMONA,"California State Polytechnic University, Pomona",CA,18,0,0,0,0,0,0,0,0,0,0,0,NA,NA,NA,NA,NA,NA,other_doctoral,0,0,0,0,0,0,0,0,NA,NA,NA,NA,NA,NA,NA,NA,NA,NA,NA,NA,NA,NA
CALIFORNIA STATE UNIVERSITY BAKERSFIELD,"California State University, Bakersfield",CA,18,0,0,0,0,0,0,0,0,0,0,0,NA,NA,NA,NA,NA,NA,other_doctoral,0,0,0,0,0,0,0,0,NA,NA,NA,NA,NA,NA,NA,NA,NA,NA,NA,NA,NA,NA
CALIFORNIA STATE UNIVERSITY CHICO,"California State University, Chico",CA,18,0,0,0,0,0,0,0,0,0,0,0,NA,NA,NA,NA,NA,NA,other_doctoral,0,0,0,0,0,0,0,0,NA,NA,NA,NA,NA,NA,NA,NA,NA,NA,NA,NA,NA,NA
CALIFORNIA STATE UNIVERSITY DOMINGUEZ HILLS,"California State University, Dominguez Hills",CA,18,0,0,0,0,0,0,0,0,0,0,0,NA,NA,NA,NA,NA,NA,other_doctoral,0,0,0,0,0,0,0,0,NA,NA,NA,NA,NA,NA,NA,NA,NA,NA,NA,NA,NA,NA
CALIFORNIA STATE UNIVERSITY EAST BAY,"California State University, East Bay",CA,16,0,0,0,0,0,0,0,0,0,0,0,NA,NA,NA,NA,NA,NA,other_doctoral,0,0,0,0,0,0,0,0,NA,NA,NA,NA,NA,NA,NA,NA,NA,NA,NA,NA,NA,NA
CALIFORNIA STATE UNIVERSITY FRESNO,"California State University, Fresno",CA,16,0,0,0,0,0,0,0,0,0,0,0,NA,NA,NA,NA,NA,NA,other_doctoral,0,0,0,6,0,1,0,1053900,NA,NA,NA,NA,NA,NA,NA,NA,NA,NA,NA,NA,NA,NA
CALIFORNIA STATE UNIVERSITY FULLERTON,"California State University, Fullerton",CA,16,0,0,0,0,0,0,0,0,0,0,0,NA,NA,NA,NA,NA,NA,other_doctoral,0,0,0,0,0,0,0,0,NA,NA,NA,NA,NA,NA,NA,NA,NA,NA,NA,NA,NA,NA
CALIFORNIA STATE UNIVERSITY LONG BEACH,"California State University, Long Beach",CA,16,1,0,0,0,0,1,0,0,2,0,1,0,0,1,0,0,200,other_doctoral,0,0,0,4,0,1,0,1629465,0,400,NA,NA,NA,NA,NA,NA,NA,NA,NA,NA,NA,NA
CALIFORNIA STATE UNIVERSITY LOS ANGELES,"California State University, Los Angeles",CA,18,0,0,0,0,0,0,0,0,0,0,0,NA,NA,NA,NA,NA,NA,other_doctoral,0,0,0,3,0,1,0,2798918,NA,NA,NA,NA,NA,NA,NA,NA,NA,NA,NA,NA,NA,NA
CALIFORNIA STATE UNIVERSITY MONTEREY BAY,"California State University, Monterey Bay",CA,18,0,0,0,0,0,0,0,0,0,0,0,NA,NA,NA,NA,NA,NA,other_doctoral,0,0,0,0,0,0,0,0,NA,NA,NA,NA,NA,NA,NA,NA,NA,NA,NA,NA,NA,NA
CALIFORNIA STATE UNIVERSITY NORTHRIDGE,"California State University, Northridge",CA,18,0,0,0,0,0,0,0,0,0,0,0,NA,NA,NA,NA,NA,NA,other_doctoral,0,0,0,5,0,1,0,2474562,NA,NA,NA,NA,NA,NA,NA,NA,NA,NA,NA,NA,NA,NA
CALIFORNIA STATE UNIVERSITY SACRAMENTO,"California State University, Sacramento",CA,18,0,0,0,0,0,0,0,0,0,0,0,NA,NA,NA,NA,NA,NA,other_doctoral,0,0,0,0,0,0,0,0,NA,NA,NA,NA,NA,NA,NA,NA,NA,NA,NA,NA,NA,NA
CALIFORNIA STATE UNIVERSITY SAN BERNARDINO,"California State University, San Bernardino",CA,16,0,0,0,0,0,0,0,0,0,0,0,NA,NA,NA,NA,NA,NA,other_doctoral,0,0,0,0,0,0,0,0,NA,NA,NA,NA,NA,NA,NA,NA,NA,NA,NA,NA,NA,NA
CALIFORNIA STATE UNIVERSITY SAN MARCOS,"California State University, San Marcos",CA,18,0,0,0,0,0,0,0,0,0,0,0,NA,NA,NA,NA,NA,NA,other_doctoral,0,0,0,3,0,1,0,1215329,NA,NA,NA,NA,NA,NA,NA,NA,NA,NA,NA,NA,NA,NA
CALIFORNIA STATE UNIVERSITY STANISLAUS,"California State University, Stanislaus",CA,18,0,0,0,0,0,0,0,0,0,0,0,NA,NA,NA,NA,NA,NA,other_doctoral,0,0,0,0,0,0,0,0,NA,NA,NA,NA,NA,NA,NA,NA,NA,NA,NA,NA,NA,NA
CAMERON UNIVERSITY,Cameron University,OK,20,0,0,0,0,0,0,0,0,0,0,0,NA,NA,NA,NA,NA,NA,other_doctoral,0,0,0,0,0,0,0,0,NA,NA,NA,NA,NA,NA,NA,NA,NA,NA,NA,NA,NA,NA
CAMPBELL UNIVERSITY,Campbell University,NC,17,0,0,0,0,0,0,0,0,0,0,0,NA,NA,NA,NA,NA,NA,other_doctoral,0,0,0,0,0,0,0,0,NA,NA,NA,NA,NA,NA,NA,NA,NA,NA,NA,NA,NA,NA
CANISIUS UNIVERSITY,Canisius University,NY,18,0,0,0,0,0,0,0,0,0,0,0,NA,NA,NA,NA,NA,NA,other_doctoral,0,0,0,0,0,0,0,0,NA,NA,NA,NA,NA,NA,NA,NA,NA,NA,NA,NA,NA,NA
CARNEGIE MELLON UNIVERSITY,Carnegie Mellon University,PA,15,2079,1372,285,41,247,134,841,863,187,99,2079,0.6599326599326599,0.1568061568061568,0.18326118326118326,0.4045214045214045,0.4151034151034151,8.994708994708995,temple_carnegie_code,22,16,6,8,14,2,1016285,1427562,1.0582010582010581,0.3848003848003848,44.71075737490202,-0.3913272478265753,0.4976691678359383,135,55.62913907284768,1.5856955001565496,-1.2993660397738052,96.45390070921985,10.638297872340425,-2.885061539930355,138,2.8368794326241136
CASE WESTERN RESERVE UNIVERSITY,Case Western Reserve University,OH,15,1184,644,37,130,175,198,452,483,243,125,1184,0.543918918918919,0.14104729729729729,0.31503378378378377,0.38175675675675674,0.4079391891891892,20.52364864864865,temple_carnegie_code,65,57,8,40,32,11,2826968,10787092,5.489864864864865,3.3783783783783785,112.72319907871751,-0.32747864023036205,0.5785033503112879,128,57.94701986754966,0.8201077540627479,-0.604406091824352,78.72340425531915,24.822695035460992,-1.4245138458871,115,19.148936170212767
CATHOLIC UNIVERSITY OF AMERICA,"Catholic University of America, The",DC,16,147,29,0,0,20,98,97,50,15,13,147,0.19727891156462585,0,0.8027210884353742,0.6598639455782312,0.3401360544217687,10.204081632653061,other_doctoral,0,0,0,0,0,0,0,0,0,0,0.5594774270488948,-0.5383930174156645,0.47193077193982075,192,36.75496688741722,NA,NA,NA,NA,NA,NA,NA
CEDARS SINAI,Cedars-Sinai Medical Center,CA,-2,56,0,0,56,0,0,2,54,237,133,56,0,1,0,0.03571428571428571,0.9642857142857143,423.2142857142857,other,13,12,1,14,7,5,528038,3917913,23.214285714285715,25,140.81730895177375,-0.7024742941495447,0.09552969908737109,273,9.933774834437086,NA,NA,NA,NA,NA,NA,NA
CENTRAL CONNECTICUT STATE UNIVERSITY,Central Connecticut State University,CT,18,0,0,0,0,0,0,0,0,0,0,0,NA,NA,NA,NA,NA,NA,other_doctoral,0,0,0,0,0,0,0,0,NA,NA,NA,NA,NA,NA,NA,NA,NA,NA,NA,NA,NA,NA
CENTRAL MICHIGAN UNIVERSITY,Central Michigan University,MI,16,34,5,0,0,23,6,2,28,15,13,34,0.14705882352941177,0,0.8529411764705882,0.058823529411764705,0.8235294117647058,44.11764705882353,other_doctoral,0,0,0,0,0,0,0,0,0,0,NA,NA,NA,NA,NA,NA,NA,NA,NA,NA,NA,NA
CHAPMAN UNIVERSITY,Chapman University,CA,16,46,0,42,0,0,4,0,43,22,6,46,0,0.9130434782608695,0.08695652173913043,0,0.9347826086956522,47.82608695652174,other_doctoral,0,0,0,0,0,0,0,0,0,0,NA,NA,NA,NA,NA,NA,NA,NA,NA,NA,NA,NA
CHARLES R DREW UNIVERSITY OF MEDICINE AND SCIENCE,Charles R. Drew University of Medicine and Science,CA,26,0,0,0,0,0,0,0,0,6,5,0,NA,NA,NA,NA,NA,NA,other,0,0,0,0,0,0,0,0,NA,NA,NA,NA,NA,NA,NA,NA,NA,NA,NA,NA,NA,NA
CHATHAM UNIVERSITY,Chatham University,PA,17,0,0,0,0,0,0,0,0,0,0,0,NA,NA,NA,NA,NA,NA,other_doctoral,0,0,0,0,0,0,0,0,NA,NA,NA,NA,NA,NA,NA,NA,NA,NA,NA,NA,NA,NA
CHICAGO STATE UNIVERSITY,Chicago State University,IL,18,0,0,0,0,0,0,0,0,0,0,0,NA,NA,NA,NA,NA,NA,other_doctoral,0,0,0,0,0,0,0,0,NA,NA,NA,NA,NA,NA,NA,NA,NA,NA,NA,NA,NA,NA
CHRISTOPHER NEWPORT UNIVERSITY,Christopher Newport University,VA,20,0,0,0,0,0,0,0,0,0,0,0,NA,NA,NA,NA,NA,NA,other_doctoral,0,0,0,0,0,0,0,0,NA,NA,NA,NA,NA,NA,NA,NA,NA,NA,NA,NA,NA,NA
CITADEL MILITARY COLLEGE OF SOUTH CAROLINA,Citadel Military College of South Carolina,SC,18,0,0,0,0,0,0,0,0,0,0,0,NA,NA,NA,NA,NA,NA,other_doctoral,0,0,0,0,0,0,0,0,NA,NA,NA,NA,NA,NA,NA,NA,NA,NA,NA,NA,NA,NA
CITY OF HOPE IRELL AND MANELLA GRADUATE SCHOOL OF BIOLOGICAL SCIENCES,"City of Hope, Irell and Manella Graduate School of Biological Sciences",CA,26,100,8,17,39,1,35,26,69,197,73,100,0.08,0.56,0.36,0.26,0.69,197,other,0,0,0,0,0,0,0,0,0,0,5.46396091102857,-0.7361118819908196,0.08383690092190223,291,3.9735099337748347,NA,NA,NA,NA,NA,NA,NA
CITY UNIVERSITY OF NEW YORK BARUCH COLLEGE,"City University of New York, Baruch College",NY,18,0,0,0,0,0,0,0,0,0,0,0,NA,NA,NA,NA,NA,NA,other_doctoral,0,0,0,0,0,0,0,0,NA,NA,NA,NA,NA,NA,NA,NA,NA,NA,NA,NA,NA,NA
CITY UNIVERSITY OF NEW YORK CITY COLLEGE,"City University of New York, The City College",NY,16,211,114,0,0,11,86,42,78,50,29,211,0.5402843601895735,0,0.4597156398104265,0.1990521327014218,0.3696682464454976,23.696682464454977,other_doctoral,0,0,0,0,0,0,0,0,0,0,0.7668173288592461,-0.5805945133807238,0.3946898961748842,223,26.490066225165563,NA,NA,NA,NA,NA,NA,NA
CITY UNIVERSITY OF NEW YORK COLLEGE OF STATEN ISLAND,"City University of New York, College of Staten Island",NY,18,0,0,0,0,0,0,0,0,2,2,0,NA,NA,NA,NA,NA,NA,other_doctoral,0,0,0,0,0,0,0,0,NA,NA,NA,NA,NA,NA,NA,NA,NA,NA,NA,NA,NA,NA
CITY UNIVERSITY OF NEW YORK GRADUATE CENTER,"City University of New York, Graduate Center",NY,15,1514,245,481,126,417,245,177,1083,21,13,1514,0.1618229854689564,0.4009247027741083,0.4372523117569353,0.11690885072655217,0.7153236459709379,1.3870541611624836,temple_carnegie_code,0,0,0,0,0,0,0,0,0,0,6.793662039217032,-0.7433616358670787,0.06855266905863855,296,2.3178807947019866,-1.70138635452665,0.040166311708903696,6.382978723404255,50.35460992907801,1.7415526662355538,19,87.2340425531915
CITY UNIVERSITY OF NEW YORK JOHN JAY COLLEGE CRIMINAL JUSTICE,"City University of New York, John Jay College Criminal Justice",NY,18,0,0,0,0,0,0,0,0,0,0,0,NA,NA,NA,NA,NA,NA,other_doctoral,0,0,0,0,0,0,0,0,NA,NA,NA,NA,NA,NA,NA,NA,NA,NA,NA,NA,NA,NA
CLAFLIN UNIVERSITY,Claflin University,SC,21,0,0,0,0,0,0,0,0,0,0,0,NA,NA,NA,NA,NA,NA,other_doctoral,0,0,0,0,0,0,0,0,NA,NA,NA,NA,NA,NA,NA,NA,NA,NA,NA,NA,NA,NA
CLAREMONT GRADUATE UNIVERSITY,Claremont Graduate University,CA,16,401,118,47,19,126,91,83,230,0,0,401,0.2942643391521197,0.16458852867830423,0.5411471321695761,0.20698254364089774,0.57356608478803,0,other_doctoral,0,0,0,0,0,0,0,0,0,0,1.4110892947197309,-0.6494125771047281,0.26163089363824155,247,18.543046357615893,NA,NA,NA,NA,NA,NA,NA
CLARK ATLANTA UNIVERSITY,Clark Atlanta University,GA,16,25,14,5,0,2,4,8,9,0,0,25,0.56,0.2,0.24,0.32,0.36,0,other_doctoral,0,0,0,2,0,1,0,809546,0,8,NA,NA,NA,NA,NA,NA,NA,NA,NA,NA,NA,NA
CLARK UNIVERSITY,Clark University,MA,16,118,22,0,0,57,39,14,103,6,3,118,0.1864406779661017,0,0.8135593220338984,0.11864406779661017,0.8728813559322034,5.084745762711864,other_doctoral,0,0,0,0,0,0,0,0,0,0,0.4993504365109787,-0.5223462125651656,0.5003249928479989,183,39.735099337748345,NA,NA,NA,NA,NA,NA,NA
CLARKSON UNIVERSITY,Clarkson University,NY,16,179,63,1,0,65,50,29,116,13,8,179,0.35195530726256985,0.00558659217877095,0.6424581005586593,0.16201117318435754,0.6480446927374302,7.262569832402234,other_doctoral,0,0,0,0,0,0,0,0,0,0,0.6873136040579302,-0.5663731696259561,0.42111873248241205,212,30.132450331125828,NA,NA,NA,NA,NA,NA,NA
CLEMSON UNIVERSITY,Clemson University,SC,15,1360,822,20,0,416,102,1313,0,138,97,1360,0.6044117647058823,0.014705882352941176,0.38088235294117645,0.9654411764705882,0,10.147058823529411,temple_carnegie_code,9,9,0,0,4,0,334339,0,0.6617647058823529,0,4.856165804368437,0.6242722599757907,1.7736568185122075,44,85.76158940397352,1.219306858032301,-0.2571251091870029,88.65248226950354,41.13475177304964,-1.4764319672193038,119,16.312056737588655
CLEVELAND STATE UNIVERSITY,Cleveland State University,OH,16,189,88,3,0,43,55,36,101,8,8,189,0.4656084656084656,0.015873015873015872,0.5185185185185185,0.19047619047619047,0.5343915343915344,4.232804232804233,other_doctoral,0,0,0,5,0,1,0,951063,0,2.6455026455026456,3.053026151867061,-0.7088777839408357,0.14072511111049876,275,9.271523178807946,NA,NA,NA,NA,NA,NA,NA
COASTAL CAROLINA UNIVERSITY,Coastal Carolina University,SC,18,5,0,0,0,0,5,0,5,0,0,5,0,0,1,0,1,0,other_doctoral,0,0,0,0,0,0,0,0,0,0,NA,NA,NA,NA,NA,NA,NA,NA,NA,NA,NA,NA
COLD SPRING HARBOR LABORATORY,Cold Spring Harbor Laboratory,NY,-2,52,4,9,32,0,7,9,38,142,70,52,0.07692307692307693,0.7884615384615384,0.1346153846153846,0.17307692307692307,0.7307692307692307,273.0769230769231,other,19,10,9,2,10,2,864419,452866,36.53846153846154,3.8461538461538463,16.414436482031572,0.11998764430006038,1.15286134543797,74,75.82781456953643,NA,NA,NA,NA,NA,NA,NA
COLLEGE OF CHARLESTON,College of Charleston,SC,19,0,0,0,0,0,0,0,0,0,0,0,NA,NA,NA,NA,NA,NA,other_doctoral,0,0,0,0,0,0,0,0,NA,NA,NA,NA,NA,NA,NA,NA,NA,NA,NA,NA,NA,NA
COLORADO SCHOOL OF MINES,Colorado School of Mines,CO,15,633,383,119,0,80,51,178,34,67,9,633,0.6050552922590837,0.18799368088467613,0.20695102685624012,0.2812006319115324,0.053712480252764615,10.584518167456556,temple_carnegie_code,2,2,0,0,1,0,89582,0,0.315955766192733,0,4.861917057484256,-0.43066837668127866,0.46625115107113735,142,53.31125827814569,1.2235535688503443,-1.1744273772107352,89.36170212765957,12.056737588652481,-2.3979809460610797,135,4.964539007092199
COLORADO STATE UNIVERSITY,"Colorado State University, Fort Collins",CO,15,707,320,7,0,279,101,251,388,232,152,707,0.4526166902404526,0.009900990099009901,0.5374823196605375,0.355021216407355,0.5487977369165488,32.814710042432814,temple_carnegie_code,41,25,16,20,19,4,1983601,6097182,5.799151343705799,2.828854314002829,38.84187904788116,0.04276228791006026,1.0548555636982233,78,74.50331125827815,0.21759406166307937,0.5687727200169335,58.86524822695035,75.177304964539,0.3511786583538541,58,59.57446808510638
COLUMBIA UNIVERSITY,"University of Missouri, Columbia",MO,15,3512,1025,1767,164,388,168,577,2785,1999,947,3512,0.2918564920273349,0.5498291571753986,0.15831435079726652,0.16429384965831434,0.7929954441913439,56.919134396355354,temple_carnegie_code,390,287,103,153,213,40,18335816,52236874,11.104783599088838,4.356492027334852,767.8080176113193,-0.38147920735071206,0.5082596966956952,133,56.29139072847682,-0.8432805962534871,-1.4309339781909711,19.148936170212767,9.219858156028367,-0.5876533819374841,87,39.00709219858156
COLUMBUS STATE UNIVERSITY,Columbus State University,GA,18,0,0,0,0,0,0,0,0,0,0,0,NA,NA,NA,NA,NA,NA,other_doctoral,0,0,0,0,0,0,0,0,NA,NA,NA,NA,NA,NA,NA,NA,NA,NA,NA,NA,NA,NA
COMMONWEALTH UNIVERSITY OF PENNSYLVANIA,Commonwealth University of Pennsylvania,PA,-2,0,0,0,0,0,0,0,0,0,0,0,NA,NA,NA,NA,NA,NA,other,0,0,0,0,0,0,0,0,NA,NA,NA,NA,NA,NA,NA,NA,NA,NA,NA,NA,NA,NA
COOPER UNION FOR ADVANCEMENT OF SCIENCE AND ART,"Cooper Union for the Advancement of Science and Art, The",NY,22,0,0,0,0,0,0,0,0,0,0,0,NA,NA,NA,NA,NA,NA,other,0,0,0,0,0,0,0,0,NA,NA,NA,NA,NA,NA,NA,NA,NA,NA,NA,NA,NA,NA
CORNELL UNIVERSITY,Cornell University,NY,15,3894,1672,908,82,1032,200,1254,2281,1128,533,3894,0.4293785310734463,0.2542372881355932,0.3163841807909605,0.3220338983050847,0.5857729840780688,28.96764252696456,temple_carnegie_code,266,203,63,83,129,24,12928142,27481827,6.831022085259374,2.131484334874165,390.4644959341155,-0.24703134854002026,0.6816475735559119,110,63.90728476821192,0.06424283150207494,-0.5972841876493057,51.77304964539007,25.53191489361702,-0.6615270191513807,89,37.5886524822695
CREIGHTON UNIVERSITY,Creighton University,NE,16,46,26,19,0,0,1,6,29,20,16,46,0.5652173913043478,0.41304347826086957,0.021739130434782608,0.13043478260869565,0.6304347826086957,43.47826086956522,other_doctoral,2,0,2,0,1,0,121047,0,4.3478260869565215,0,NA,NA,NA,NA,NA,NA,NA,NA,NA,NA,NA,NA
DAKOTA STATE UNIVERSITY,Dakota State University,SD,19,143,7,0,0,3,133,10,13,0,0,143,0.04895104895104895,0,0.951048951048951,0.06993006993006994,0.09090909090909091,0,other_doctoral,0,0,0,0,0,0,0,0,0,0,0.45241435431327437,-0.5081422535802181,0.5249815878305596,177,41.72185430463576,NA,NA,NA,NA,NA,NA,NA
DARTMOUTH COLLEGE,Dartmouth College,NH,15,749,114,619,6,7,3,89,656,206,110,749,0.15220293724966621,0.8344459279038718,0.01335113484646195,0.11882510013351134,0.8758344459279038,27.503337783711615,temple_carnegie_code,30,26,4,21,21,7,1342140,5651080,4.005340453938585,2.803738317757009,67.18408988026437,-0.42734399018203156,0.45062288720961774,139,54.3046357615894,-1.7648701364404473,-2.1954603563015542,4.25531914893617,0.7092198581560284,-0.4305902198611069,82,42.5531914893617
DELAWARE STATE UNIVERSITY,Delaware State University,DE,19,60,52,0,1,0,7,18,34,8,3,60,0.8666666666666667,0.016666666666666666,0.11666666666666667,0.3,0.5666666666666667,13.333333333333334,other_doctoral,0,0,0,3,0,1,0,1092406,0,5,1.5645015029670761,-0.6591431427459401,0.2421892157895774,252,16.887417218543046,NA,NA,NA,NA,NA,NA,NA
DEPAUL UNIVERSITY,DePaul University,IL,16,34,15,1,2,1,15,3,16,1,0,34,0.4411764705882353,0.08823529411764706,0.47058823529411764,0.08823529411764706,0.47058823529411764,2.9411764705882355,other_doctoral,0,0,0,0,0,0,0,0,0,0,NA,NA,NA,NA,NA,NA,NA,NA,NA,NA,NA,NA
DES MOINES UNIVERSITY,Des Moines University,IA,25,5,5,0,0,0,0,0,5,1,1,5,1,0,0,0,1,20,other,0,0,0,0,0,0,0,0,0,0,NA,NA,NA,NA,NA,NA,NA,NA,NA,NA,NA,NA
DINE COLLEGE,Dine College,AZ,33,0,0,0,0,0,0,0,0,0,0,0,NA,NA,NA,NA,NA,NA,other,0,0,0,0,0,0,0,0,NA,NA,NA,NA,NA,NA,NA,NA,NA,NA,NA,NA,NA,NA
DOMINICAN UNIVERSITY OF CALIFORNIA,Dominican University of California,CA,19,0,0,0,0,0,0,0,0,0,0,0,NA,NA,NA,NA,NA,NA,other_doctoral,0,0,0,0,0,0,0,0,NA,NA,NA,NA,NA,NA,NA,NA,NA,NA,NA,NA,NA,NA
DREXEL UNIVERSITY,Drexel University,PA,15,740,79,0,4,42,615,74,630,90,52,740,0.10675675675675676,0.005405405405405406,0.8878378378378379,0.1,0.8513513513513513,12.162162162162161,temple_carnegie_code,63,62,1,5,34,1,2745084,848693,8.513513513513514,0.6756756756756757,10.627326815338805,3.7183278592796674,5.706671607098524,8,97.68211920529801,-2.0647746011022465,2.416524465908449,2.127659574468085,100,4.481299067010696,1,100
DUKE UNIVERSITY,Duke University,NC,15,2251,463,1576,18,133,61,452,1676,718,359,2251,0.20568636161705908,0.7081297201243891,0.08618391825855176,0.20079964460239894,0.7445579742336739,31.896934695690803,temple_carnegie_code,342,209,133,71,184,20,15902599,29461196,15.193247445579741,3.154153709462461,292.7304785463139,0.1304028405809242,1.168023193557297,71,76.82119205298014,-1.4119269940418169,-1.8113450913045752,8.51063829787234,2.8368794326241136,-0.39941809726275834,81,43.262411347517734
DUQUESNE UNIVERSITY,Duquesne University,PA,16,169,30,0,0,92,47,19,134,1,0,169,0.17751479289940827,0,0.8224852071005917,0.11242603550295859,0.7928994082840237,0.591715976331361,other_doctoral,2,2,0,0,1,0,78010,0,1.183431952662722,0,0.5430052954706973,1.4333987641233084,2.3969197576046595,23,92.71523178807946,NA,NA,NA,NA,NA,NA,NA
EAST CAROLINA UNIVERSITY,East Carolina University,NC,16,139,107,2,0,21,9,30,99,22,11,139,0.7697841726618705,0.014388489208633094,0.2158273381294964,0.2158273381294964,0.7122302158273381,15.827338129496402,other_doctoral,6,2,4,0,4,0,267064,0,4.316546762589928,0,0.7695853365680394,3.94907945034511,5.119781878995933,6,98.34437086092716,NA,NA,NA,NA,NA,NA,NA
EAST STROUDSBURG UNIVERSITY OF PENNSYLVANIA,East Stroudsburg University of Pennsylvania,PA,18,0,0,0,0,0,0,0,0,0,0,0,NA,NA,NA,NA,NA,NA,other_doctoral,0,0,0,0,0,0,0,0,NA,NA,NA,NA,NA,NA,NA,NA,NA,NA,NA,NA,NA,NA
EAST TENNESSEE STATE UNIVERSITY,East Tennessee State University,TN,16,108,93,0,0,0,15,12,84,4,3,108,0.8611111111111112,0,0.1388888888888889,0.1111111111111111,0.7777777777777778,3.7037037037037037,other_doctoral,0,0,0,0,0,0,0,0,0,0,0.5601109882293663,-0.5385508479753287,0.4716487288138737,193,36.423841059602644,NA,NA,NA,NA,NA,NA,NA
EASTERN ILLINOIS UNIVERSITY,Eastern Illinois University,IL,18,0,0,0,0,0,0,0,0,0,0,0,NA,NA,NA,NA,NA,NA,other_doctoral,0,0,0,0,0,0,0,0,NA,NA,NA,NA,NA,NA,NA,NA,NA,NA,NA,NA,NA,NA
EASTERN KENTUCKY UNIVERSITY,Eastern Kentucky University,KY,17,0,0,0,0,0,0,0,0,0,0,0,NA,NA,NA,NA,NA,NA,other_doctoral,0,0,0,0,0,0,0,0,NA,NA,NA,NA,NA,NA,NA,NA,NA,NA,NA,NA,NA,NA
EASTERN MICHIGAN UNIVERSITY,Eastern Michigan University,MI,16,0,0,0,0,0,0,0,0,0,0,0,NA,NA,NA,NA,NA,NA,other_doctoral,0,0,0,0,0,0,0,0,NA,NA,NA,NA,NA,NA,NA,NA,NA,NA,NA,NA,NA,NA
EASTERN NEW MEXICO UNIVERSITY,Eastern New Mexico University,NM,18,0,0,0,0,0,0,0,0,0,0,0,NA,NA,NA,NA,NA,NA,other_doctoral,0,0,0,0,0,0,0,0,NA,NA,NA,NA,NA,NA,NA,NA,NA,NA,NA,NA,NA,NA
EASTERN UNIVERSITY,Eastern University,PA,18,0,0,0,0,0,0,0,0,0,0,0,NA,NA,NA,NA,NA,NA,other_doctoral,0,0,0,0,0,0,0,0,NA,NA,NA,NA,NA,NA,NA,NA,NA,NA,NA,NA,NA,NA
ELIZABETH CITY STATE UNIVERSITY,Elizabeth City State University,NC,22,0,0,0,0,0,0,0,0,0,0,0,NA,NA,NA,NA,NA,NA,other,0,0,0,0,0,0,0,0,NA,NA,NA,NA,NA,NA,NA,NA,NA,NA,NA,NA,NA,NA
ELMEZZI GRADUATE SCHOOL OF MOLECULAR MEDICINE,"Elmezzi Graduate School of Molecular Medicine, The",NY,26,14,0,0,0,0,14,0,7,42,25,14,0,0,1,0,0.5,300,other,0,0,0,0,0,0,0,0,0,0,NA,NA,NA,NA,NA,NA,NA,NA,NA,NA,NA,NA
EMBRY RIDDLE AERONAUTICAL UNIVERSITY,Embry-Riddle Aeronautical University,FL,18,165,79,4,0,61,21,0,145,0,0,165,0.47878787878787876,0.024242424242424242,0.49696969696969695,0,0.8787878787878788,0,other_doctoral,0,0,0,0,0,0,0,0,0,0,0.7512223365309975,-0.5779633159237153,0.399609234427708,219,27.81456953642384,NA,NA,NA,NA,NA,NA,NA
EMORY UNIVERSITY,Emory University,GA,15,1406,0,119,1287,0,0,193,1201,586,316,1406,0,1,0,0.13726884779516357,0.8541963015647226,41.67852062588905,temple_carnegie_code,419,347,72,103,213,27,19917019,35888058,29.80085348506401,7.32574679943101,193.43692803664737,0.902977260362714,2.1630743780819763,36,88.41059602649007,-2.769274465269278,-2.2658733552191244,0,0,0.5034011100501536,53,63.12056737588653
EMPORIA STATE UNIVERSITY,Emporia State University,KS,18,0,0,0,0,0,0,0,0,0,0,0,NA,NA,NA,NA,NA,NA,other_doctoral,0,0,0,0,0,0,0,0,NA,NA,NA,NA,NA,NA,NA,NA,NA,NA,NA,NA,NA,NA
ENDICOTT COLLEGE,Endicott College,MA,18,13,0,0,0,0,13,0,0,0,0,13,0,0,1,0,0,0,other_doctoral,0,0,0,0,0,0,0,0,0,0,NA,NA,NA,NA,NA,NA,NA,NA,NA,NA,NA,NA
FAIRFIELD UNIVERSITY,Fairfield University,CT,17,0,0,0,0,0,0,0,0,0,0,0,NA,NA,NA,NA,NA,NA,other_doctoral,0,0,0,0,0,0,0,0,NA,NA,NA,NA,NA,NA,NA,NA,NA,NA,NA,NA,NA,NA
FAIRLEIGH DICKINSON UNIVERSITY,Fairleigh Dickinson University,NJ,18,0,0,0,0,0,0,0,0,0,0,0,NA,NA,NA,NA,NA,NA,other_doctoral,0,0,0,0,0,0,0,0,NA,NA,NA,NA,NA,NA,NA,NA,NA,NA,NA,NA,NA,NA
FIELDING GRADUATE UNIVERSITY,Fielding Graduate University,CA,17,495,0,0,0,0,495,0,2,0,0,495,0,0,1,0,0.00404040404040404,0,other_doctoral,0,0,0,0,0,0,0,0,0,0,0.48848778257742925,-0.5192014608526673,0.5058231460345182,181,40.397350993377486,NA,NA,NA,NA,NA,NA,NA
FISK UNIVERSITY,Fisk University,TN,21,0,0,0,0,0,0,0,0,0,0,0,NA,NA,NA,NA,NA,NA,other_doctoral,0,0,0,0,0,0,0,0,NA,NA,NA,NA,NA,NA,NA,NA,NA,NA,NA,NA,NA,NA
FLORIDA AGRICULTURAL AND MECHANICAL UNIVERSITY,Florida Agricultural and Mechanical University,FL,16,126,65,1,0,0,60,68,17,3,2,126,0.5158730158730159,0.007936507936507936,0.47619047619047616,0.5396825396825397,0.1349206349206349,2.380952380952381,other_doctoral,0,0,0,0,0,0,0,0,0,0,0.614321931233444,-0.551293856230601,0.4487033647866461,203,33.11258278145696,NA,NA,NA,NA,NA,NA,NA
FLORIDA ATLANTIC UNIVERSITY,Florida Atlantic University,FL,16,271,92,10,5,87,77,44,167,52,12,271,0.33948339483394835,0.055350553505535055,0.6051660516605166,0.16236162361623616,0.6162361623616236,19.18819188191882,other_doctoral,3,0,3,0,1,0,203130,0,1.1070110701107012,0,1.1595209986084412,0.9989186485894614,2.109042309759778,33,89.40397350993378,NA,NA,NA,NA,NA,NA,NA
FLORIDA GULF COAST UNIVERSITY,Florida Gulf Coast University,FL,17,0,0,0,0,0,0,0,0,0,0,0,NA,NA,NA,NA,NA,NA,other_doctoral,0,0,0,0,0,0,0,0,NA,NA,NA,NA,NA,NA,NA,NA,NA,NA,NA,NA,NA,NA
FLORIDA INSTITUTE OF TECHNOLOGY,Florida Institute of Technology,FL,16,288,140,0,0,72,76,117,92,6,4,288,0.4861111111111111,0,0.5138888888888888,0.40625,0.3194444444444444,2.0833333333333335,other_doctoral,0,0,0,0,0,0,0,0,0,0,0.7263494454791404,-0.5736126319138376,0.40771413225098146,216,28.807947019867548,NA,NA,NA,NA,NA,NA,NA
FLORIDA INTERNATIONAL UNIVERSITY,Florida International University,FL,15,1021,274,148,9,219,371,243,430,274,49,1021,0.2683643486777669,0.15377081292850148,0.5778648383937316,0.23800195886385897,0.42115572967678744,26.83643486777669,temple_carnegie_code,32,32,0,10,17,3,1077175,2983629,3.1341821743388834,0.9794319294809011,37.922999953070764,-0.12018332195858673,0.8458475402674174,97,68.21192052980133,-0.9983078966469641,0.7817474431808361,16.312056737588655,80.85106382978722,1.7800553398278,18,87.94326241134752
FLORIDA POLYTECHNIC UNIVERSITY,Florida Polytechnic University,FL,22,0,0,0,0,0,0,0,0,0,0,0,NA,NA,NA,NA,NA,NA,other,0,0,0,0,0,0,0,0,NA,NA,NA,NA,NA,NA,NA,NA,NA,NA,NA,NA,NA,NA
FLORIDA STATE UNIVERSITY,Florida State University,FL,15,1331,772,0,24,465,70,41,1211,269,108,1331,0.580015026296018,0.018031555221637866,0.4019534184823441,0.030803906836964687,0.9098422238918107,20.210368144252442,temple_carnegie_code,35,30,5,5,19,1,1425005,861182,2.629601803155522,0.3756574004507889,20.626550309841022,0.5327395302359561,1.6803500561785347,52,83.11258278145695,1.0583100329317652,-0.1459977082428448,85.1063829787234,43.97163120567376,-1.20430774117461,105,26.24113475177305
FORDHAM UNIVERSITY,Fordham University,NY,16,194,104,10,1,54,25,12,158,0,0,194,0.5360824742268041,0.05670103092783505,0.4072164948453608,0.061855670103092786,0.8144329896907216,0,other_doctoral,1,1,0,0,1,0,48974,0,0.5154639175257731,0,0.9125783576882917,0.05768066755539727,1.0618879949815847,77,74.83443708609272,NA,NA,NA,NA,NA,NA,NA
FORT HAYS STATE UNIVERSITY,Fort Hays State University,KS,18,0,0,0,0,0,0,0,0,0,0,0,NA,NA,NA,NA,NA,NA,other_doctoral,0,0,0,0,0,0,0,0,NA,NA,NA,NA,NA,NA,NA,NA,NA,NA,NA,NA,NA,NA
FORT VALLEY STATE UNIVERSITY,Fort Valley State University,GA,20,0,0,0,0,0,0,0,0,0,0,0,NA,NA,NA,NA,NA,NA,other_doctoral,0,0,0,0,0,0,0,0,NA,NA,NA,NA,NA,NA,NA,NA,NA,NA,NA,NA,NA,NA
FRAMINGHAM STATE UNIVERSITY,Framingham State University,MA,18,0,0,0,0,0,0,0,0,0,0,0,NA,NA,NA,NA,NA,NA,other_doctoral,0,0,0,0,0,0,0,0,NA,NA,NA,NA,NA,NA,NA,NA,NA,NA,NA,NA,NA,NA
FROSTBURG STATE UNIVERSITY,Frostburg State University,MD,18,0,0,0,0,0,0,0,0,0,0,0,NA,NA,NA,NA,NA,NA,other_doctoral,0,0,0,0,0,0,0,0,NA,NA,NA,NA,NA,NA,NA,NA,NA,NA,NA,NA,NA,NA
FURMAN UNIVERSITY,Furman University,SC,21,0,0,0,0,0,0,0,0,2,2,0,NA,NA,NA,NA,NA,NA,other_doctoral,0,0,0,0,0,0,0,0,NA,NA,NA,NA,NA,NA,NA,NA,NA,NA,NA,NA,NA,NA
GALLAUDET UNIVERSITY,Gallaudet University,DC,17,17,0,0,0,0,17,0,10,0,0,17,0,0,1,0,0.5882352941176471,0,other_doctoral,2,1,1,0,2,0,126442,0,11.764705882352942,0,NA,NA,NA,NA,NA,NA,NA,NA,NA,NA,NA,NA
GANNON UNIVERSITY,Gannon University,PA,17,0,0,0,0,0,0,0,0,0,0,0,NA,NA,NA,NA,NA,NA,other_doctoral,0,0,0,0,0,0,0,0,NA,NA,NA,NA,NA,NA,NA,NA,NA,NA,NA,NA,NA,NA
GEORGE MASON UNIVERSITY,George Mason University,VA,15,1264,523,13,0,460,268,195,801,75,43,1264,0.4137658227848101,0.010284810126582278,0.5759493670886076,0.15427215189873417,0.6337025316455697,5.9335443037974684,temple_carnegie_code,8,8,0,0,6,0,291115,0,0.6329113924050633,0,4.170755899504311,0.665680171643463,1.8198339161552142,42,86.42384105960265,-0.03878718929262793,0.7716453746686543,49.645390070921984,80.1418439716312,0.8104325639612823,40,72.3404255319149
GEORGETOWN UNIVERSITY,Georgetown University,DC,15,539,145,108,17,183,86,91,373,143,48,539,0.2690166975881262,0.23191094619666047,0.49907235621521334,0.16883116883116883,0.6920222634508348,26.53061224489796,temple_carnegie_code,27,24,3,23,20,7,924630,6575000,5.009276437847866,4.267161410018553,53.44258530588177,-0.38160006711942046,0.5098012978810911,134,55.960264900662246,-0.994002972699295,0.36620112250091835,17.02127659574468,67.37588652482269,1.3602040952002135,25,82.97872340425532
GEORGIA COLLEGE AND STATE UNIVERSITY,Georgia College and State University,GA,18,0,0,0,0,0,0,0,0,0,0,0,NA,NA,NA,NA,NA,NA,other_doctoral,0,0,0,0,0,0,0,0,NA,NA,NA,NA,NA,NA,NA,NA,NA,NA,NA,NA,NA,NA
GEORGIA INSTITUTE OF TECHNOLOGY,Georgia Institute of Technology,GA,15,3618,2345,138,12,848,275,1183,1946,352,167,3618,0.6481481481481481,0.04145936981757877,0.31039248203427305,0.3269762299613046,0.5378662244333886,9.729132117191819,temple_carnegie_code,37,24,13,18,21,4,1686279,4538200,1.0226644555002764,0.4975124378109453,85.24448424875781,-0.43739810209724,0.43734591593328365,144,52.64900662251656,1.507928179345374,-0.6288840091566769,95.0354609929078,24.113475177304963,-2.136812188502051,132,7.092198581560284
GEORGIA SOUTHERN UNIVERSITY,Georgia Southern University,GA,16,76,0,0,0,0,76,12,51,0,0,76,0,0,1,0.15789473684210525,0.6710526315789473,0,other_doctoral,0,0,0,0,0,0,0,0,0,0,0.31524478727670907,-0.45479860368438246,0.6133127225139691,152,50,NA,NA,NA,NA,NA,NA,NA
GEORGIA STATE UNIVERSITY,Georgia State University,GA,15,853,306,118,3,219,207,73,591,89,43,853,0.35873388042203985,0.141852286049238,0.49941383352872215,0.08558030480656506,0.6928487690504103,10.433763188745603,temple_carnegie_code,12,7,5,1,6,1,628564,209145,1.4067995310668229,0.11723329425556858,8.647037981692442,0.29079069458798784,1.3665625992827868,65,78.80794701986756,-0.4019491763859248,0.368002051184733,31.20567375886525,68.08510638297872,0.7699512275706578,41,71.63120567375887
GERSTNER SLOAN KETTERING GRADUATE SCHOOL OF BIOMEDICAL SCIENCES,Gerstner Sloan-Kettering Graduate School of Biomedical Sciences,NY,-2,116,0,11,0,0,105,9,105,0,0,116,0,0.09482758620689655,0.9051724137931034,0.07758620689655173,0.9051724137931034,0,other,0,0,0,0,0,0,0,0,0,0,0.9305678665346457,-0.6044433734336567,0.34951155530368605,229,24.503311258278146,NA,NA,NA,NA,NA,NA,NA
GOVERNORS STATE UNIVERSITY,Governors State University,IL,18,0,0,0,0,0,0,0,0,0,0,0,NA,NA,NA,NA,NA,NA,other_doctoral,0,0,0,0,0,0,0,0,NA,NA,NA,NA,NA,NA,NA,NA,NA,NA,NA,NA,NA,NA
GRAND VALLEY STATE UNIVERSITY,Grand Valley State University,MI,17,0,0,0,0,0,0,0,0,0,0,0,NA,NA,NA,NA,NA,NA,other_doctoral,0,0,0,0,0,0,0,0,NA,NA,NA,NA,NA,NA,NA,NA,NA,NA,NA,NA,NA,NA
HAMPTON UNIVERSITY,Hampton University,VA,17,7,4,0,1,0,2,4,1,4,4,7,0.5714285714285714,0.14285714285714285,0.2857142857142857,0.5714285714285714,0.14285714285714285,57.142857142857146,other_doctoral,0,0,0,0,0,0,0,0,0,0,NA,NA,NA,NA,NA,NA,NA,NA,NA,NA,NA,NA
HARRISBURG UNIVERSITY OF SCIENCE AND TECHNOLOGY,Harrisburg University of Science and Technology,PA,18,101,0,0,0,0,101,0,0,0,0,101,0,0,1,0,0,0,other_doctoral,0,0,0,0,0,0,0,0,0,0,0.33678881447585673,-0.46465436281414807,0.5975223274383601,155,49.00662251655629,NA,NA,NA,NA,NA,NA,NA
HARVARD UNIVERSITY,Harvard University,MA,15,3288,1201,1508,233,237,109,1320,1618,5813,2011,3288,0.3652676399026764,0.5295012165450121,0.10523114355231143,0.40145985401459855,0.49209245742092456,176.79440389294405,temple_carnegie_code,543,341,202,70,279,18,24298158,36312646,16.514598540145986,2.1289537712895377,954.4547565567741,-0.3342353097793533,0.5691369106947715,129,57.615894039735096,-0.35883216153414893,-1.7108912894805577,33.33333333333333,5.673758865248227,-1.3520591279464087,112,21.27659574468085
HAWAII PACIFIC UNIVERSITY,Hawaii Pacific University,HI,18,0,0,0,0,0,0,0,0,0,0,0,NA,NA,NA,NA,NA,NA,other_doctoral,0,0,0,0,0,0,0,0,NA,NA,NA,NA,NA,NA,NA,NA,NA,NA,NA,NA,NA,NA
HOFSTRA UNIVERSITY,Hofstra University,NY,17,104,2,14,0,0,88,0,20,2,0,104,0.019230769230769232,0.1346153846153846,0.8461538461538461,0,0.19230769230769232,1.9230769230769231,other_doctoral,0,0,0,0,0,0,0,0,0,0,0.572899478347692,-0.5416906480857769,0.46602688331065273,197,35.099337748344375,NA,NA,NA,NA,NA,NA,NA
HOOD COLLEGE,Hood College,MD,18,0,0,0,0,0,0,0,0,0,0,0,NA,NA,NA,NA,NA,NA,other_doctoral,0,0,0,0,0,0,0,0,NA,NA,NA,NA,NA,NA,NA,NA,NA,NA,NA,NA,NA,NA
HOWARD UNIVERSITY,Howard University,DC,16,366,18,12,0,0,336,34,165,118,19,366,0.04918032786885246,0.03278688524590164,0.9180327868852459,0.09289617486338798,0.45081967213114754,32.240437158469945,other_doctoral,0,0,0,0,0,0,0,0,0,0,1.1205539601442362,-0.6256245817867301,0.30853647104444326,237,21.85430463576159,NA,NA,NA,NA,NA,NA,NA
HUNTER COLLEGE CITY UNIVERSITY OF NEW YORK,"Hunter College, The City University of New York",NY,18,0,0,0,0,0,0,0,0,0,0,0,NA,NA,NA,NA,NA,NA,other_doctoral,0,0,0,0,0,0,0,0,NA,NA,NA,NA,NA,NA,NA,NA,NA,NA,NA,NA,NA,NA
ICAHN MOUNT SINAI,Icahn School of Medicine at Mount Sinai,NY,27,308,104,17,65,0,122,172,99,527,349,308,0.33766233766233766,0.2662337662337662,0.3961038961038961,0.5584415584415584,0.32142857142857145,171.1038961038961,other,182,142,40,60,91,17,8398955,23875835,59.09090909090909,19.48051948051948,184.8709877144812,-0.012024847688842266,0.9845122057670467,83,72.84768211920529,NA,NA,NA,NA,NA,NA,NA
IDAHO STATE UNIVERSITY,Idaho State University,ID,16,103,58,0,0,21,24,4,82,7,3,103,0.5631067961165048,0,0.4368932038834951,0.038834951456310676,0.7961165048543689,6.796116504854369,other_doctoral,0,0,0,0,0,0,0,0,0,0,0.5393315414951912,-0.5332576938225037,0.4810784432469891,187,38.41059602649007,NA,NA,NA,NA,NA,NA,NA
ILLINOIS INSTITUTE OF TECHNOLOGY,Illinois Institute of Technology,IL,16,292,126,1,0,108,57,115,122,0,0,292,0.4315068493150685,0.003424657534246575,0.565068493150685,0.3938356164383562,0.4178082191780822,0,other_doctoral,1,1,0,0,1,0,41640,0,0.3424657534246575,0,0.786932516181305,0.1580907480900924,1.1655622817355853,69,77.48344370860927,NA,NA,NA,NA,NA,NA,NA
ILLINOIS STATE UNIVERSITY,Illinois State University,IL,16,70,12,0,0,39,19,3,54,2,2,70,0.17142857142857143,0,0.8285714285714286,0.04285714285714286,0.7714285714285715,2.857142857142857,other_doctoral,0,0,0,0,0,0,0,0,0,0,0.4107118385253904,-0.4940291533696976,0.5490210831228369,170,44.03973509933775,NA,NA,NA,NA,NA,NA,NA
INDIANA STATE UNIVERSITY,Indiana State University,IN,17,20,2,0,0,18,0,0,18,0,0,20,0.1,0,0.9,0,0.9,0,other_doctoral,0,0,0,0,0,0,0,0,0,0,NA,NA,NA,NA,NA,NA,NA,NA,NA,NA,NA,NA
INDIANA UNIVERSITY,Indiana University,IN,15,1482,149,72,17,80,1164,190,1198,486,271,1482,0.10053981106612686,0.06005398110661268,0.8394062078272605,0.1282051282051282,0.8083670715249662,32.79352226720648,temple_carnegie_code,0,0,0,0,0,0,0,0,0,0,6.015197746185431,-0.739479747804637,0.07674364147930028,294,2.980132450331126,-2.1058009260641595,2.1610992641762783,1.4184397163120568,97.87234042553192,4.266900190240438,2,99.29078014184397
INDIANA UNIVERSITY OF PENNSYLVANIA,Indiana University of Pennsylvania,PA,16,16,15,0,0,1,0,0,16,0,0,16,0.9375,0,0.0625,0,1,0,other_doctoral,0,0,0,0,0,0,0,0,0,0,NA,NA,NA,NA,NA,NA,NA,NA,NA,NA,NA,NA
INTER AMERICAN UNIVERSITY OF PUERTO RICO METRO,"Inter American University of Puerto Rico, Metro",PR,18,0,0,0,0,0,0,0,0,0,0,0,NA,NA,NA,NA,NA,NA,other_doctoral,0,0,0,0,0,0,0,0,NA,NA,NA,NA,NA,NA,NA,NA,NA,NA,NA,NA,NA,NA
INTER AMERICAN UNIVERSITY OF PUERTO RICO SAN GERMAN,"Inter American University of Puerto Rico, San German",PR,20,0,0,0,0,0,0,0,0,0,0,0,NA,NA,NA,NA,NA,NA,other_doctoral,0,0,0,0,0,0,0,0,NA,NA,NA,NA,NA,NA,NA,NA,NA,NA,NA,NA,NA,NA
INTER AMERICAN UNIVERSITY PUERTO RICO BARRANQUITAS,"Inter American University Puerto Rico, Barranquitas",PR,22,0,0,0,0,0,0,0,0,0,0,0,NA,NA,NA,NA,NA,NA,other,0,0,0,0,0,0,0,0,NA,NA,NA,NA,NA,NA,NA,NA,NA,NA,NA,NA,NA,NA
IONA UNIVERSITY,Iona University,NY,18,0,0,0,0,0,0,0,0,0,0,0,NA,NA,NA,NA,NA,NA,other_doctoral,0,0,0,0,0,0,0,0,NA,NA,NA,NA,NA,NA,NA,NA,NA,NA,NA,NA,NA,NA
IOWA STATE UNIVERSITY,Iowa State University,IA,15,1712,1039,13,0,574,86,509,860,268,105,1712,0.606892523364486,0.007593457943925234,0.3855140186915888,0.2973130841121495,0.5023364485981309,15.654205607476635,temple_carnegie_code,6,6,0,0,2,0,219509,0,0.35046728971962615,0,5.1373088030250145,0.12322492627188247,1.1530324534487202,73,76.15894039735099,1.2356776638820848,-0.23269801147427488,90.78014184397163,42.5531914893617,-1.4683756753563597,117,17.73049645390071
ITHACA COLLEGE,Ithaca College,NY,18,0,0,0,0,0,0,0,0,0,0,0,NA,NA,NA,NA,NA,NA,other_doctoral,0,0,0,0,0,0,0,0,NA,NA,NA,NA,NA,NA,NA,NA,NA,NA,NA,NA,NA,NA
JACKSON STATE UNIVERSITY,Jackson State University,MS,16,64,0,0,0,0,64,6,5,0,0,64,0,0,1,0.09375,0.078125,0,other_doctoral,1,1,0,0,1,0,32762,0,1.5625,0,0.3029345316094512,1.0328326532068266,1.8681473282676087,32,89.73509933774835,NA,NA,NA,NA,NA,NA,NA
JACKSONVILLE STATE UNIVERSITY,Jacksonville State University,AL,18,0,0,0,0,0,0,0,0,0,0,0,NA,NA,NA,NA,NA,NA,other_doctoral,0,0,0,0,0,0,0,0,NA,NA,NA,NA,NA,NA,NA,NA,NA,NA,NA,NA,NA,NA
JACKSONVILLE UNIVERSITY,Jacksonville University,FL,18,0,0,0,0,0,0,0,0,0,0,0,NA,NA,NA,NA,NA,NA,other_doctoral,0,0,0,0,0,0,0,0,NA,NA,NA,NA,NA,NA,NA,NA,NA,NA,NA,NA,NA,NA
JAMES MADISON UNIVERSITY,James Madison University,VA,16,31,0,0,0,0,31,0,26,0,0,31,0,0,1,0,0.8387096774193549,0,other_doctoral,0,0,0,0,0,0,0,0,0,0,NA,NA,NA,NA,NA,NA,NA,NA,NA,NA,NA,NA
JOHN CARROLL UNIVERSITY,John Carroll University,OH,18,0,0,0,0,0,0,0,0,0,0,0,NA,NA,NA,NA,NA,NA,other_doctoral,0,0,0,0,0,0,0,0,NA,NA,NA,NA,NA,NA,NA,NA,NA,NA,NA,NA,NA,NA
JOHNS HOPKINS UNIVERSITY,Johns Hopkins University,MD,15,2990,681,789,384,476,660,864,1563,1832,821,2990,0.22775919732441471,0.3923076923076923,0.37993311036789296,0.28896321070234116,0.5227424749163879,61.27090301003344,temple_carnegie_code,491,381,110,171,267,42,24122926,72498711,16.421404682274247,5.719063545150502,738.3001020073623,-0.259679052433174,0.6652679103110114,112,63.24503311258278,-1.2662658646667055,-0.26213135150675854,9.929078014184398,39.71631205673759,1.004134513159947,31,78.72340425531915
KANSAS CITY UNIVERSITY,Kansas City University,MO,25,0,0,0,0,0,0,0,0,0,0,0,NA,NA,NA,NA,NA,NA,other,0,0,0,0,0,0,0,0,NA,NA,NA,NA,NA,NA,NA,NA,NA,NA,NA,NA,NA,NA
KANSAS STATE UNIVERSITY,Kansas State University,KS,15,630,311,2,16,184,117,252,273,77,57,630,0.4936507936507937,0.02857142857142857,0.4777777777777778,0.4,0.43333333333333335,12.222222222222221,temple_carnegie_code,8,6,2,0,5,0,343321,0,1.2698412698412698,0,3.6662605866784865,0.8497141559751922,2.0401988361406236,38,87.74834437086093,0.4883827326290653,0.25389492937886965,68.79432624113475,63.12056737588653,-0.23448780325019564,75,47.5177304964539
KEAN UNIVERSITY,Kean University,NJ,17,0,0,0,0,0,0,0,0,0,0,0,NA,NA,NA,NA,NA,NA,other_doctoral,0,0,0,0,0,0,0,0,NA,NA,NA,NA,NA,NA,NA,NA,NA,NA,NA,NA,NA,NA
KECK GRADUATE INSTITUTE,Keck Graduate Institute,CA,18,29,0,0,0,28,1,0,18,6,1,29,0,0,1,0,0.6206896551724138,20.689655172413794,other_doctoral,0,0,0,0,0,0,0,0,0,0,NA,NA,NA,NA,NA,NA,NA,NA,NA,NA,NA,NA
KEISER UNIVERSITY FORT LAUDERDALE,"Keiser University, Fort Lauderdale",FL,17,144,0,0,0,0,144,94,20,0,0,144,0,0,1,0.6527777777777778,0.1388888888888889,0,other_doctoral,0,0,0,0,0,0,0,0,0,0,0.3658269075440803,-0.4769476749460949,0.577482630354202,160,47.35099337748344,NA,NA,NA,NA,NA,NA,NA
KENNESAW STATE UNIVERSITY,Kennesaw State University,GA,16,111,100,0,0,5,6,15,90,10,6,111,0.9009009009009009,0,0.0990990990990991,0.13513513513513514,0.8108108108108109,9.00900900900901,other_doctoral,0,0,0,2,0,1,0,569729,0,1.8018018018018018,1.3585094365550587,-0.6456887769774962,0.26903280132211876,244,19.5364238410596,NA,NA,NA,NA,NA,NA,NA
KENT STATE UNIVERSITY,Kent State University,OH,15,565,106,0,0,298,161,0,457,20,0,565,0.18761061946902655,0,0.8123893805309734,0,0.8088495575221238,3.5398230088495577,temple_carnegie_code,2,2,0,0,1,0,56485,0,0.35398230088495575,0,1.9562786800391683,0.015158901816152318,1.0177998206458132,81,73.50993377483444,-1.5312108527396058,2.018614310421671,7.801418439716312,96.45390070921985,3.5498251631612767,7,95.74468085106383
KETTERING UNIVERSITY,Kettering University,MI,19,0,0,0,0,0,0,0,0,0,0,0,NA,NA,NA,NA,NA,NA,other_doctoral,0,0,0,0,0,0,0,0,NA,NA,NA,NA,NA,NA,NA,NA,NA,NA,NA,NA,NA,NA
LA SALLE UNIVERSITY,La Salle University,PA,17,0,0,0,0,0,0,0,0,0,0,0,NA,NA,NA,NA,NA,NA,other_doctoral,0,0,0,0,0,0,0,0,NA,NA,NA,NA,NA,NA,NA,NA,NA,NA,NA,NA,NA,NA
LAKE ERIE COLLEGE OF OSTEOPATHIC MEDICINE,Lake Erie College of Osteopathic Medicine,PA,25,5,0,0,0,3,2,0,3,0,0,5,0,0,1,0,0.6,0,other,0,0,0,0,0,0,0,0,0,0,NA,NA,NA,NA,NA,NA,NA,NA,NA,NA,NA,NA
LAMAR UNIVERSITY,Lamar University,TX,17,17,6,0,0,3,8,0,12,0,0,17,0.35294117647058826,0,0.6470588235294118,0,0.7058823529411765,0,other_doctoral,0,0,0,0,0,0,0,0,0,0,NA,NA,NA,NA,NA,NA,NA,NA,NA,NA,NA,NA
LAWRENCE TECHNOLOGICAL UNIVERSITY,Lawrence Technological University,MI,18,1,1,0,0,0,0,0,1,0,0,1,1,0,0,0,1,0,other_doctoral,0,0,0,0,0,0,0,0,0,0,NA,NA,NA,NA,NA,NA,NA,NA,NA,NA,NA,NA
LEHIGH UNIVERSITY,Lehigh University,PA,16,602,287,74,14,179,48,150,380,57,28,602,0.47674418604651164,0.1461794019933555,0.3770764119601329,0.24916943521594684,0.6312292358803987,9.46843853820598,other_doctoral,0,0,0,0,0,0,0,0,0,0,1.8913380223515832,-0.675552081022868,0.20908796469865532,262,13.57615894039735,NA,NA,NA,NA,NA,NA,NA
LEHMAN COLLEGE CITY UNIVERSITY OF NEW YORK,"Lehman College, City University of New York",NY,18,0,0,0,0,0,0,0,0,0,0,0,NA,NA,NA,NA,NA,NA,other_doctoral,0,0,0,0,0,0,0,0,NA,NA,NA,NA,NA,NA,NA,NA,NA,NA,NA,NA,NA,NA
LETOURNEAU UNIVERSITY,LeTourneau University,TX,19,0,0,0,0,0,0,0,0,0,0,0,NA,NA,NA,NA,NA,NA,other_doctoral,0,0,0,0,0,0,0,0,NA,NA,NA,NA,NA,NA,NA,NA,NA,NA,NA,NA,NA,NA
LEWIS UNIVERSITY,Lewis University,IL,18,0,0,0,0,0,0,0,0,0,0,0,NA,NA,NA,NA,NA,NA,other_doctoral,0,0,0,0,0,0,0,0,NA,NA,NA,NA,NA,NA,NA,NA,NA,NA,NA,NA,NA,NA
LIBERTY UNIVERSITY,Liberty University,VA,17,2835,0,0,0,22,2813,137,90,0,0,2835,0,0,1,0.04832451499118166,0.031746031746031744,0,other_doctoral,0,0,0,0,0,0,0,0,0,0,0.7360180215662429,-0.5753269766168655,0.40452484613971557,218,28.14569536423841,NA,NA,NA,NA,NA,NA,NA
LINCOLN MEMORIAL UNIVERSITY,Lincoln Memorial University,TN,17,0,0,0,0,0,0,0,0,0,0,0,NA,NA,NA,NA,NA,NA,other_doctoral,0,0,0,0,0,0,0,0,NA,NA,NA,NA,NA,NA,NA,NA,NA,NA,NA,NA,NA,NA
LINCOLN UNIVERSITY,Lincoln University,MO,22,0,0,0,0,0,0,0,0,3,3,0,NA,NA,NA,NA,NA,NA,other,0,0,0,0,0,0,0,0,NA,NA,NA,NA,NA,NA,NA,NA,NA,NA,NA,NA,NA,NA
LIPSCOMB UNIVERSITY,Lipscomb University,TN,17,5,0,0,0,0,5,5,0,0,0,5,0,0,1,1,0,0,other_doctoral,0,0,0,0,0,0,0,0,0,0,NA,NA,NA,NA,NA,NA,NA,NA,NA,NA,NA,NA
LOMA LINDA UNIVERSITY,Loma Linda University,CA,16,152,0,0,0,0,152,8,65,0,0,152,0,0,1,0.05263157894736842,0.4276315789473684,0,other_doctoral,0,0,0,0,0,0,0,0,0,0,0.3704753614469812,-0.4788192455923525,0.5743987965022419,161,47.019867549668874,NA,NA,NA,NA,NA,NA,NA
LONG ISLAND UNIVERSITY,Long Island University,NY,16,72,0,0,0,0,72,0,0,0,0,72,0,0,1,0,0,0,other_doctoral,0,0,0,0,0,0,0,0,0,0,0.3113155434135413,-0.4529270580137364,0.616283028297834,149,50.993377483443716,NA,NA,NA,NA,NA,NA,NA
LOUISIANA STATE UNIVERSITY,Louisiana State University,LA,15,1419,635,55,5,657,67,291,995,279,165,1419,0.4474982381959126,0.042283298097251586,0.5102184637068358,0.20507399577167018,0.7011980267794221,19.661733615221987,temple_carnegie_code,0,0,0,0,0,0,0,0,0,0,5.963481834161894,-0.7391884303263642,0.07735768627944692,293,3.3112582781456954,0.18381682001888103,0.4249849535211492,56.73758865248227,69.50354609929079,0.24116813350226815,62,56.73758865248227
LOUISIANA STATE UNIVERSITY SHREVEPORT,"Louisiana State University, Shreveport",LA,18,0,0,0,0,0,0,0,0,0,0,0,NA,NA,NA,NA,NA,NA,other_doctoral,0,0,0,0,0,0,0,0,NA,NA,NA,NA,NA,NA,NA,NA,NA,NA,NA,NA,NA,NA
LOUISIANA TECH UNIVERSITY,Louisiana Tech University,LA,16,133,89,1,0,30,13,46,81,6,4,133,0.6691729323308271,0.007518796992481203,0.3233082706766917,0.3458646616541353,0.6090225563909775,4.511278195488722,other_doctoral,0,0,0,0,0,0,0,0,0,0,0.6517457630703819,-0.5592953164750272,0.43412358528419914,208,31.456953642384107,NA,NA,NA,NA,NA,NA,NA
LOYOLA MARYMOUNT UNIVERSITY,Loyola Marymount University,CA,16,0,0,0,0,0,0,0,0,1,0,0,NA,NA,NA,NA,NA,NA,other_doctoral,0,0,0,0,0,0,0,0,NA,NA,NA,NA,NA,NA,NA,NA,NA,NA,NA,NA,NA,NA
LOYOLA UNIVERSITY CHICAGO,Loyola University Chicago,IL,16,256,73,14,39,47,83,41,167,36,0,256,0.28515625,0.20703125,0.5078125,0.16015625,0.65234375,14.0625,other_doctoral,10,9,1,0,6,0,333869,0,3.90625,0,1.290310492496813,4.323522090243903,5.864904464340389,5,98.67549668874173,NA,NA,NA,NA,NA,NA,NA
MANHATTAN COLLEGE,Manhattan College,NY,18,0,0,0,0,0,0,0,0,0,0,0,NA,NA,NA,NA,NA,NA,other_doctoral,0,0,0,0,0,0,0,0,NA,NA,NA,NA,NA,NA,NA,NA,NA,NA,NA,NA,NA,NA
MARIETTA COLLEGE,Marietta College,OH,22,0,0,0,0,0,0,0,0,0,0,0,NA,NA,NA,NA,NA,NA,other,0,0,0,0,0,0,0,0,NA,NA,NA,NA,NA,NA,NA,NA,NA,NA,NA,NA,NA,NA
MARQUETTE UNIVERSITY,Marquette University,WI,16,236,91,7,0,71,67,33,134,19,12,236,0.3855932203389831,0.029661016949152543,0.5847457627118644,0.13983050847457626,0.5677966101694916,8.05084745762712,other_doctoral,2,2,0,0,1,0,65685,0,0.847457627118644,0,0.9382908666976718,0.68505674233528,1.7381741467496221,40,87.08609271523179,NA,NA,NA,NA,NA,NA,NA
MARSHALL B KETCHUM UNIVERSITY,Marshall B. Ketchum University,CA,26,0,0,0,0,0,0,0,0,0,0,0,NA,NA,NA,NA,NA,NA,other,0,0,0,0,0,0,0,0,NA,NA,NA,NA,NA,NA,NA,NA,NA,NA,NA,NA,NA,NA
MARSHALL UNIVERSITY,Marshall University,WV,16,51,0,0,24,0,27,10,33,8,3,51,0,0.47058823529411764,0.5294117647058824,0.19607843137254902,0.6470588235294118,15.686274509803921,other_doctoral,0,0,0,0,0,0,0,0,0,0,0.513772075462404,-0.5263986401625801,0.4932075089678702,185,39.0728476821192,NA,NA,NA,NA,NA,NA,NA
MARYMOUNT UNIVERSITY,Marymount University,VA,17,108,3,0,0,0,105,7,1,0,0,108,0.027777777777777776,0,0.9722222222222222,0.06481481481481481,0.009259259259259259,0,other_doctoral,0,0,0,0,0,0,0,0,0,0,0.39456031667266245,-0.48812776598059177,0.5589338032115726,163,46.35761589403973,NA,NA,NA,NA,NA,NA,NA
MASSACHUSETTS COLLEGE OF PHARMACY AND,Massachusetts College of Pharmacy and Health Sciences,MA,26,34,0,0,0,0,34,0,0,0,0,34,0,0,1,0,0,0,other,0,0,0,0,0,0,0,0,0,0,NA,NA,NA,NA,NA,NA,NA,NA,NA,NA,NA,NA
MASSACHUSETTS INSTITUTE OF TECHNOLOGY,Massachusetts Institute of Technology,MA,15,3618,1721,1616,3,225,53,738,2443,1452,569,3618,0.47567716970702045,0.4474847982310669,0.07683803206191266,0.20398009950248755,0.6752349364289663,40.13266998341625,temple_carnegie_code,233,77,156,21,103,5,12462546,10261479,6.440022111663903,0.5804311774461028,161.1584883202567,0.3450926372024475,1.444402965945223,61,80.13245033112582,0.36977276346497195,-1.860634674715687,62.4113475177305,2.127659574468085,-2.230407438180659,133,6.382978723404255
MAYO CLINIC MAYO GRADUATE SCHOOL,"Mayo Clinic, Mayo Graduate School",MN,27,289,0,38,27,0,224,40,248,833,239,289,0,0.22491349480968859,0.7750865051903114,0.1384083044982699,0.8581314878892734,288.2352941176471,other,0,0,0,0,0,0,0,0,0,0,10.659773821027088,-0.7545749530713916,0.04480377541862964,301,0.6622516556291391,NA,NA,NA,NA,NA,NA,NA
MCNEESE STATE UNIVERSITY,McNeese State University,LA,18,0,0,0,0,0,0,0,0,0,0,0,NA,NA,NA,NA,NA,NA,other_doctoral,0,0,0,0,0,0,0,0,NA,NA,NA,NA,NA,NA,NA,NA,NA,NA,NA,NA,NA,NA
MEDICAL COLLEGE OF WISCONSIN,Medical College of Wisconsin,WI,27,308,265,19,16,8,0,93,207,145,76,308,0.8603896103896104,0.11363636363636363,0.025974025974025976,0.30194805194805197,0.672077922077922,47.077922077922075,other,55,46,9,23,31,5,2389348,7180435,17.857142857142858,7.467532467532467,37.8345868875057,0.34911017045753806,1.447778742545651,60,80.4635761589404,NA,NA,NA,NA,NA,NA,NA
MEDICAL UNIVERSITY OF SOUTH CAROLINA,Medical University of South Carolina,SC,27,154,56,41,46,0,11,77,69,134,91,154,0.36363636363636365,0.564935064935065,0.07142857142857142,0.5,0.44805194805194803,87.01298701298701,other,85,62,23,37,48,9,3798476,13346276,55.1948051948052,24.025974025974026,58.38414213254366,0.35175656270606614,1.4520038316520958,59,80.79470198675497,NA,NA,NA,NA,NA,NA,NA
MEHARRY MEDICAL COLLEGE,Meharry Medical College,TN,25,88,0,0,24,0,64,16,8,12,8,88,0,0.2727272727272727,0.7272727272727273,0.18181818181818182,0.09090909090909091,13.636363636363637,other,5,5,0,3,3,1,184803,995653,5.681818181818182,3.409090909090909,3.064324959137172,0.4479203790440946,1.5430691822586804,54,82.45033112582782,NA,NA,NA,NA,NA,NA,NA
MERCER UNIVERSITY,Mercer University,GA,16,40,0,0,0,0,40,0,0,3,1,40,0,0,1,0,0,7.5,other_doctoral,0,0,0,0,0,0,0,0,0,0,NA,NA,NA,NA,NA,NA,NA,NA,NA,NA,NA,NA
MERCYHURST UNIVERSITY,Mercyhurst University,PA,19,0,0,0,0,0,0,0,0,0,0,0,NA,NA,NA,NA,NA,NA,other_doctoral,0,0,0,0,0,0,0,0,NA,NA,NA,NA,NA,NA,NA,NA,NA,NA,NA,NA,NA,NA
MGH INSTITUTE OF HEALTH PROFESSIONS,MGH Institute of Health Professions,MA,26,0,0,0,0,0,0,0,0,0,0,0,NA,NA,NA,NA,NA,NA,other,13,8,5,0,5,0,430846,0,NA,NA,NA,NA,NA,NA,NA,NA,NA,NA,NA,NA,NA,NA
MIAMI UNIVERSITY,Miami University,OH,16,199,44,0,0,98,57,42,132,8,8,199,0.22110552763819097,0,0.7788944723618091,0.21105527638190955,0.6633165829145728,4.0201005025125625,other_doctoral,0,0,0,0,0,0,0,0,0,0,0.6001491232235582,-0.5481013269393291,0.4544838417313327,200,34.105960264900666,NA,NA,NA,NA,NA,NA,NA
MICHIGAN STATE UNIVERSITY,Michigan State University,MI,15,2457,1288,236,0,817,116,821,1532,576,333,2457,0.5242165242165242,0.09605209605209605,0.3797313797313797,0.33414733414733416,0.6235246235246236,23.44322344322344,temple_carnegie_code,63,46,17,14,32,5,2673634,3834140,2.5641025641025643,0.5698005698005698,71.75675350568561,-0.09425188666283785,0.8788105875114279,93,69.5364238410596,0.6900894319135614,-0.26319526549263306,74.46808510638297,39.00709219858156,-0.9532846974061945,97,31.914893617021278
MICHIGAN TECHNOLOGICAL UNIVERSITY,Michigan Technological University,MI,16,378,191,30,0,107,50,124,209,28,17,378,0.5052910052910053,0.07936507936507936,0.41534391534391535,0.328042328042328,0.5529100529100529,7.407407407407407,other_doctoral,0,0,0,0,0,0,0,0,0,0,1.3732447195667472,-0.6467545428996443,0.266916540469759,245,19.205298013245034,NA,NA,NA,NA,NA,NA,NA
MIDDLE TENNESSEE STATE UNIVERSITY,Middle Tennessee State University,TN,16,19,2,0,0,15,2,2,17,0,0,19,0.10526315789473684,0,0.8947368421052632,0.10526315789473684,0.8947368421052632,0,other_doctoral,0,0,0,0,0,0,0,0,0,0,NA,NA,NA,NA,NA,NA,NA,NA,NA,NA,NA,NA
MIDWESTERN STATE UNIVERSITY,Midwestern State University,TX,18,0,0,0,0,0,0,0,0,0,0,0,NA,NA,NA,NA,NA,NA,other_doctoral,0,0,0,0,0,0,0,0,NA,NA,NA,NA,NA,NA,NA,NA,NA,NA,NA,NA,NA,NA
MIDWESTERN UNIVERSITY,Midwestern University,IL,25,0,0,0,0,0,0,0,0,6,4,0,NA,NA,NA,NA,NA,NA,other,0,0,0,0,0,0,0,0,NA,NA,NA,NA,NA,NA,NA,NA,NA,NA,NA,NA,NA,NA
MINNESOTA STATE UNIVERSITY MANKATO,"Minnesota State University, Mankato",MN,18,0,0,0,0,0,0,0,0,0,0,0,NA,NA,NA,NA,NA,NA,other_doctoral,0,0,0,0,0,0,0,0,NA,NA,NA,NA,NA,NA,NA,NA,NA,NA,NA,NA,NA,NA
MISSISSIPPI COLLEGE,Mississippi College,MS,17,0,0,0,0,0,0,0,0,0,0,0,NA,NA,NA,NA,NA,NA,other_doctoral,0,0,0,0,0,0,0,0,NA,NA,NA,NA,NA,NA,NA,NA,NA,NA,NA,NA,NA,NA
MISSISSIPPI STATE UNIVERSITY,Mississippi State University,MS,15,623,315,9,6,211,82,210,321,40,35,623,0.5056179775280899,0.024077046548956663,0.47030497592295345,0.33707865168539325,0.5152487961476726,6.420545746388443,temple_carnegie_code,0,0,0,0,0,0,0,0,0,0,3.431003023906615,-0.7153933698656333,0.12719400035034875,281,7.28476821192053,0.5673555271588455,0.21448386844913866,71.63120567375887,59.57446808510638,-0.3528716587097068,80,43.97163120567376
MISSOURI STATE UNIVERSITY,Missouri State University,MO,17,0,0,0,0,0,0,0,0,0,0,0,NA,NA,NA,NA,NA,NA,other_doctoral,0,0,0,0,0,0,0,0,NA,NA,NA,NA,NA,NA,NA,NA,NA,NA,NA,NA,NA,NA
MISSOURI UNIVERSITY OF SCIENCE AND TECHNOLOGY,Missouri University of Science and Technology,MO,16,461,254,39,0,104,64,94,165,56,23,461,0.5509761388286334,0.08459869848156182,0.3644251626898048,0.2039045553145336,0.3579175704989154,12.147505422993492,other_doctoral,0,0,0,0,0,0,0,0,0,0,1.5886654532573476,-0.6605396629293272,0.23938730791962506,255,15.894039735099339,NA,NA,NA,NA,NA,NA,NA
MOLLOY COLLEGE,Molloy College,NY,18,1,0,0,0,0,1,0,0,0,0,1,0,0,1,0,0,0,other_doctoral,0,0,0,0,0,0,0,0,0,0,NA,NA,NA,NA,NA,NA,NA,NA,NA,NA,NA,NA
MONMOUTH UNIVERSITY,Monmouth University,NJ,18,0,0,0,0,0,0,0,0,1,1,0,NA,NA,NA,NA,NA,NA,other_doctoral,0,0,0,0,0,0,0,0,NA,NA,NA,NA,NA,NA,NA,NA,NA,NA,NA,NA,NA,NA
MONTANA STATE UNIVERSITY,Montana State University,MT,15,464,252,0,0,166,46,223,197,39,32,464,0.5431034482758621,0,0.45689655172413796,0.48060344827586204,0.4245689655172414,8.405172413793103,temple_carnegie_code,0,0,0,0,0,0,0,0,0,0,2.110124203155995,-0.684164659992731,0.19156176529662153,264,12.91390728476821,0.8147263714250685,0.14376872929018425,78.01418439716312,54.60992907801418,-0.6709576421348843,90,36.87943262411347
MONTANA TECHNOLOGICAL UNIVERSITY,Montana Technological University,MT,20,12,7,1,0,3,1,6,5,9,9,12,0.5833333333333334,0.08333333333333333,0.3333333333333333,0.5,0.4166666666666667,75,other_doctoral,0,0,0,0,0,0,0,0,0,0,NA,NA,NA,NA,NA,NA,NA,NA,NA,NA,NA,NA
MONTCLAIR STATE UNIVERSITY,Montclair State University,NJ,16,139,70,0,0,33,36,0,104,0,0,139,0.5035971223021583,0,0.49640287769784175,0,0.7482014388489209,0,other_doctoral,0,0,0,0,0,0,0,0,0,0,0.5626881581839963,-0.5391906191693197,0.4705049135528514,194,36.092715231788084,NA,NA,NA,NA,NA,NA,NA
MOREHEAD STATE UNIVERSITY,Morehead State University,KY,18,0,0,0,0,0,0,0,0,0,0,0,NA,NA,NA,NA,NA,NA,other_doctoral,0,0,0,0,0,0,0,0,NA,NA,NA,NA,NA,NA,NA,NA,NA,NA,NA,NA,NA,NA
MOREHOUSE,Morehouse School of Medicine,GA,25,85,0,0,0,0,85,46,1,28,0,85,0,0,1,0.5411764705882353,0.011764705882352941,32.94117647058823,other,0,0,0,3,0,2,0,724227,0,3.5294117647058822,2.1613257573088887,-0.6859694331581632,0.18787628633091352,266,12.251655629139073,NA,NA,NA,NA,NA,NA,NA
MORGAN STATE UNIVERSITY,Morgan State University,MD,16,307,14,2,0,16,275,31,77,52,28,307,0.04560260586319218,0.006514657980456026,0.9478827361563518,0.10097719869706841,0.250814332247557,16.938110749185668,other_doctoral,0,0,0,0,0,0,0,0,0,0,0.7617507693252439,-0.5797475862732302,0.39627477324019295,221,27.1523178807947,NA,NA,NA,NA,NA,NA,NA
MURRAY STATE UNIVERSITY,Murray State University,KY,18,0,0,0,0,0,0,0,0,1,0,0,NA,NA,NA,NA,NA,NA,other_doctoral,0,0,0,0,0,0,0,0,NA,NA,NA,NA,NA,NA,NA,NA,NA,NA,NA,NA,NA,NA
NATIONAL LOUIS UNIVERSITY,National Louis University,IL,17,60,0,0,0,0,60,0,0,0,0,60,0,0,1,0,0,0,other_doctoral,0,0,0,0,0,0,0,0,0,0,0.29844443542923405,-0.4466252055200728,0.6262176524922565,145,52.317880794701985,NA,NA,NA,NA,NA,NA,NA
NATIONAL UNIVERSITY,National University,CA,18,212,0,0,0,0,212,0,0,0,0,212,0,0,1,0,0,0,other_doctoral,0,0,0,0,0,0,0,0,0,0,0.40044470424569795,-0.4903080751172022,0.5552811823340665,167,45.033112582781456,NA,NA,NA,NA,NA,NA,NA
NAVAL POSTGRADUATE SCHOOL,Naval Postgraduate School,CA,18,90,0,0,0,0,90,87,0,9,9,90,0,0,1,0.9666666666666667,0,10,other_doctoral,0,0,0,0,0,0,0,0,0,0,0.35111887952824794,-0.4708548000837039,0.5874620009335669,156,48.675496688741724,NA,NA,NA,NA,NA,NA,NA
NEW ENGLAND COLLEGE OF OPTOMETRY,"New England College of Optometry, The",MA,26,0,0,0,0,0,0,0,0,0,0,0,NA,NA,NA,NA,NA,NA,other,0,0,0,0,0,0,0,0,NA,NA,NA,NA,NA,NA,NA,NA,NA,NA,NA,NA,NA,NA
NEW JERSEY CITY UNIVERSITY,New Jersey City University,NJ,18,0,0,0,0,0,0,0,0,0,0,0,NA,NA,NA,NA,NA,NA,other_doctoral,0,0,0,0,0,0,0,0,NA,NA,NA,NA,NA,NA,NA,NA,NA,NA,NA,NA,NA,NA
NEW JERSEY INSTITUTE OF TECHNOLOGY,New Jersey Institute of Technology,NJ,15,443,186,12,0,215,30,125,261,89,46,443,0.4198645598194131,0.02708803611738149,0.5530474040632054,0.28216704288939054,0.5891647855530474,20.090293453724605,temple_carnegie_code,0,0,0,0,0,0,0,0,0,0,3.19611289456132,-0.7115040525300109,0.13527725322885287,279,7.9470198675496695,0.001459063431758311,0.650861941929585,50.35460992907801,77.30496453900709,0.6494028784978267,45,68.79432624113475
NEW MEXICO HIGHLANDS UNIVERSITY,New Mexico Highlands University,NM,18,0,0,0,0,0,0,0,0,0,0,0,NA,NA,NA,NA,NA,NA,other_doctoral,0,0,0,0,0,0,0,0,NA,NA,NA,NA,NA,NA,NA,NA,NA,NA,NA,NA,NA,NA
NEW MEXICO INSTITUTE OF MINING AND TECHNOLOGY,New Mexico Institute of Mining and Technology,NM,20,119,73,0,0,29,17,0,111,0,0,119,0.6134453781512605,0,0.3865546218487395,0,0.9327731092436975,0,other_doctoral,0,0,0,0,0,0,0,0,0,0,0.5449765745468218,-0.5347198629247998,0.47847962545651945,188,38.079470198675494,NA,NA,NA,NA,NA,NA,NA
NEW MEXICO STATE UNIVERSITY,New Mexico State University,NM,16,369,163,4,0,162,40,112,234,55,35,369,0.44173441734417346,0.01084010840108401,0.5474254742547425,0.3035230352303523,0.6341463414634146,14.905149051490515,other_doctoral,0,0,0,0,0,0,0,0,0,0,1.081543968952011,-0.6217203988704177,0.3161467589998894,234,22.8476821192053,NA,NA,NA,NA,NA,NA,NA
NEW SCHOOL,"New School, The",NY,16,272,42,11,27,0,192,10,210,4,1,272,0.15441176470588236,0.13970588235294118,0.7058823529411765,0.03676470588235294,0.7720588235294118,1.4705882352941178,other_doctoral,0,0,0,0,0,0,0,0,0,0,1.0823103610273106,-0.6217990840255362,0.315993633306791,235,22.516556291390728,NA,NA,NA,NA,NA,NA,NA
NEW YORK INSTITUTE OF TECHNOLOGY,New York Institute of Technology,NY,18,38,0,0,0,0,38,0,0,3,2,38,0,0,1,0,0,7.894736842105263,other_doctoral,0,0,0,0,0,0,0,0,0,0,NA,NA,NA,NA,NA,NA,NA,NA,NA,NA,NA,NA
NEW YORK MEDICAL COLLEGE,New York Medical College,NY,25,33,33,0,0,0,0,8,19,17,8,33,1,0,0,0.24242424242424243,0.5757575757575758,51.515151515151516,other,0,0,0,0,0,0,0,0,0,0,NA,NA,NA,NA,NA,NA,NA,NA,NA,NA,NA,NA
NEW YORK UNIVERSITY,New York University,NY,15,2188,535,977,69,45,562,338,1591,831,425,2188,0.24451553930530165,0.4780621572212066,0.2774223034734918,0.15447897623400367,0.7271480804387569,37.979890310786104,temple_carnegie_code,187,96,91,56,100,12,8852812,24520925,8.546617915904935,2.5594149908592323,242.12579698597554,-0.17635891685480803,0.7727949885347024,99,67.54966887417218,-1.1556888763045705,-0.8027665422903756,12.76595744680851,18.439716312056735,0.3529223340141949,57,60.28368794326241
NICHOLLS STATE UNIVERSITY,Nicholls State University,LA,19,0,0,0,0,0,0,0,0,0,0,0,NA,NA,NA,NA,NA,NA,other_doctoral,0,0,0,0,0,0,0,0,NA,NA,NA,NA,NA,NA,NA,NA,NA,NA,NA,NA,NA,NA
NORFOLK STATE UNIVERSITY,Norfolk State University,VA,19,17,0,0,0,0,17,0,0,1,1,17,0,0,1,0,0,5.882352941176471,other_doctoral,0,0,0,0,0,0,0,0,0,0,NA,NA,NA,NA,NA,NA,NA,NA,NA,NA,NA,NA
NORTH CAROLINA AGRICULTURAL AND TECHNICAL STATE UNIVERSITY,North Carolina Agricultural and Technical State University,NC,16,233,96,0,0,57,80,0,205,33,0,233,0.41201716738197425,0,0.5879828326180258,0,0.8798283261802575,14.163090128755364,other_doctoral,0,0,0,0,0,0,0,0,0,0,0.722441002375608,-0.5729110400109972,0.40901769412866085,215,29.13907284768212,NA,NA,NA,NA,NA,NA,NA
NORTH CAROLINA CENTRAL UNIVERSITY,North Carolina Central University,NC,18,19,0,0,0,0,19,0,0,0,0,19,0,0,1,0,0,0,other_doctoral,2,2,0,0,1,0,71676,0,10.526315789473685,0,NA,NA,NA,NA,NA,NA,NA,NA,NA,NA,NA,NA
NORTH CAROLINA STATE UNIVERSITY,North Carolina State University,NC,15,2760,2390,87,0,0,283,709,1333,520,113,2760,0.8659420289855072,0.03152173913043478,0.10253623188405797,0.2568840579710145,0.48297101449275365,18.840579710144926,temple_carnegie_code,0,0,0,0,0,0,0,0,0,0,8.386078225279592,-0.7491696941874445,0.056267791856431465,299,1.3245033112582782,2.945174533840111,-1.7251040747277957,100,4.964539007092199,-4.670278608567907,142,0
NORTH DAKOTA STATE UNIVERSITY,North Dakota State University,ND,15,456,340,7,0,75,34,136,290,67,51,456,0.7456140350877193,0.015350877192982455,0.23903508771929824,0.2982456140350877,0.6359649122807017,14.692982456140351,temple_carnegie_code,0,0,0,0,0,0,0,0,0,0,3.0716357127958056,-0.7092314919961025,0.13999188052933034,276,8.940397350993377,2.1511165469565996,-1.005218169993384,99.29078014184397,14.893617021276595,-3.1563347169499836,139,2.127659574468085
NORTHEAST OHIO MEDICAL UNIVERSITY,Northeast Ohio Medical University,OH,25,1,0,0,0,0,1,0,0,4,4,1,0,0,1,0,0,400,other,1,1,0,0,1,0,39770,0,100,0,NA,NA,NA,NA,NA,NA,NA,NA,NA,NA,NA,NA
NORTHEASTERN ILLINOIS UNIVERSITY,Northeastern Illinois University,IL,18,0,0,0,0,0,0,0,0,0,0,0,NA,NA,NA,NA,NA,NA,other_doctoral,0,0,0,0,0,0,0,0,NA,NA,NA,NA,NA,NA,NA,NA,NA,NA,NA,NA,NA,NA
NORTHEASTERN STATE UNIVERSITY,Northeastern State University,OK,18,0,0,0,0,0,0,0,0,0,0,0,NA,NA,NA,NA,NA,NA,other_doctoral,0,0,0,0,0,0,0,0,NA,NA,NA,NA,NA,NA,NA,NA,NA,NA,NA,NA,NA,NA
NORTHEASTERN UNIVERSITY,Northeastern University,MA,15,1838,1071,120,4,463,180,588,1145,354,111,1838,0.5826985854189336,0.06746463547334058,0.3498367791077258,0.31991294885745375,0.6229597388465724,19.26006528835691,temple_carnegie_code,18,9,9,8,9,2,954394,2598890,0.9793253536452666,0.4352557127312296,39.4371431120767,-0.41840496938893834,0.4632279266467044,137,54.966887417218544,1.076019141891359,-0.42085740474608857,85.81560283687944,32.62411347517731,-1.4968765466374476,120,15.602836879432624
NORTHERN ARIZONA UNIVERSITY,Northern Arizona University,AZ,16,269,106,7,0,98,58,73,173,48,31,269,0.3940520446096654,0.026022304832713755,0.5799256505576208,0.27137546468401486,0.6431226765799256,17.843866171003718,other_doctoral,4,3,1,0,2,0,122326,0,1.486988847583643,0,1.050833937087813,1.7358172454077727,2.901664641444583,19,94.03973509933775,NA,NA,NA,NA,NA,NA,NA
NORTHERN ILLINOIS UNIVERSITY,Northern Illinois University,IL,16,196,33,6,9,124,24,21,154,15,8,196,0.1683673469387755,0.07653061224489796,0.7551020408163265,0.10714285714285714,0.7857142857142857,7.653061224489796,other_doctoral,0,0,0,0,0,0,0,0,0,0,0.8954395973329387,-0.5998415758074935,0.3583100271453059,226,25.496688741721858,NA,NA,NA,NA,NA,NA,NA
NORTHERN KENTUCKY UNIVERSITY,Northern Kentucky University,KY,17,28,0,0,0,0,28,0,0,0,0,28,0,0,1,0,0,0,other_doctoral,0,0,0,0,0,0,0,0,0,0,NA,NA,NA,NA,NA,NA,NA,NA,NA,NA,NA,NA
NORTHERN MICHIGAN UNIVERSITY,Northern Michigan University,MI,19,0,0,0,0,0,0,0,0,0,0,0,NA,NA,NA,NA,NA,NA,other_doctoral,0,0,0,0,0,0,0,0,NA,NA,NA,NA,NA,NA,NA,NA,NA,NA,NA,NA,NA,NA
NORTHWEST MISSOURI STATE UNIVERSITY,Northwest Missouri State University,MO,18,0,0,0,0,0,0,0,0,0,0,0,NA,NA,NA,NA,NA,NA,other_doctoral,0,0,0,0,0,0,0,0,NA,NA,NA,NA,NA,NA,NA,NA,NA,NA,NA,NA,NA,NA
NORTHWESTERN STATE UNIVERSITY OF LOUISIANA,Northwestern State University of Louisiana,LA,18,0,0,0,0,0,0,0,0,0,0,0,NA,NA,NA,NA,NA,NA,other_doctoral,0,0,0,0,0,0,0,0,NA,NA,NA,NA,NA,NA,NA,NA,NA,NA,NA,NA,NA,NA
NORTHWESTERN UNIVERSITY,Northwestern University,IL,15,2947,910,1499,30,379,129,821,1887,1090,559,2947,0.3087885985748218,0.5188327112317611,0.17237869019341703,0.2785883949779437,0.6403121818798778,36.98676620291822,temple_carnegie_code,325,226,99,127,165,33,15402877,38131835,11.028164234815065,4.309467254835426,533.0105751003537,-0.30250117552670536,0.6101097432581786,116,61.920529801324506,-0.731543717716183,-1.356759585821627,21.98581560283688,9.929078014184398,-0.625215868105444,88,38.297872340425535
NOVA SOUTHEASTERN UNIVERSITY,Nova Southeastern University,FL,16,762,0,0,0,0,762,3,16,19,12,762,0,0,1,0.003937007874015748,0.02099737532808399,2.493438320209974,other_doctoral,2,0,2,0,1,0,174392,0,0.26246719160104987,0,0.549854614225492,1.413523579645744,2.381282099564159,24,92.3841059602649,NA,NA,NA,NA,NA,NA,NA
OAKLAND UNIVERSITY,Oakland University,MI,16,185,59,0,0,88,38,24,124,8,4,185,0.31891891891891894,0,0.6810810810810811,0.12972972972972974,0.6702702702702703,4.324324324324325,other_doctoral,0,0,0,0,0,0,0,0,0,0,0.6089977923133914,-0.550105487851371,0.45085752511462635,202,33.443708609271525,NA,NA,NA,NA,NA,NA,NA
OHIO STATE UNIVERSITY,"Ohio State University, The",OH,15,3543,1854,561,7,921,200,994,2134,555,280,3543,0.5232853513971211,0.16031611628563364,0.3163985323172453,0.28055320349985885,0.602314422805532,15.664690939881456,temple_carnegie_code,78,54,24,68,50,21,3221441,19395041,2.201524132091448,1.9192774484899802,279.6092690471817,-0.5586176923013538,0.28024777711578486,206,32.11920529801324,0.6839445175801272,-0.5972084986523494,73.75886524822694,26.24113475177305,-1.2811530162324765,109,23.404255319148938
OHIO UNIVERSITY,Ohio University,OH,15,333,80,17,1,165,70,47,261,20,0,333,0.24024024024024024,0.05405405405405406,0.7057057057057057,0.14114114114114115,0.7837837837837838,6.006006006006006,temple_carnegie_code,0,0,0,0,0,0,0,0,0,0,2.6331877816748643,-0.6997554255694144,0.15958188108748528,271,10.596026490066226,-1.1839020564545808,1.4559716911701186,12.056737588652481,90.78014184397163,2.6398737476246996,13,91.48936170212765
OKLAHOMA CHRISTIAN UNIVERSITY,Oklahoma Christian University,OK,19,0,0,0,0,0,0,0,0,0,0,0,NA,NA,NA,NA,NA,NA,other_doctoral,0,0,0,0,0,0,0,0,NA,NA,NA,NA,NA,NA,NA,NA,NA,NA,NA,NA,NA,NA
OKLAHOMA CITY UNIVERSITY,Oklahoma City University,OK,17,3,0,0,0,0,3,0,0,0,0,3,0,0,1,0,0,0,other_doctoral,0,0,0,0,0,0,0,0,0,0,NA,NA,NA,NA,NA,NA,NA,NA,NA,NA,NA,NA
OKLAHOMA STATE UNIVERSITY,Oklahoma State University,OK,15,701,400,0,0,286,15,74,597,66,14,701,0.5706134094151213,0,0.42938659058487877,0.10556348074179743,0.8516405135520685,9.4151212553495,temple_carnegie_code,0,0,0,0,0,0,0,0,0,0,2.45449400048272,-0.6950662991421233,0.16923371647338173,268,11.589403973509933,0.9962677040266865,-0.0013169796175035117,83.68794326241135,48.226950354609926,-0.9975846836441901,98,31.20567375886525
OKLAHOMA STATE UNIVERSITY CENTER FOR,"Oklahoma State University, Center for Health Sciences",OK,25,15,9,0,0,0,6,5,4,0,0,15,0.6,0,0.4,0.3333333333333333,0.26666666666666666,0,other,0,0,0,0,0,0,0,0,0,0,NA,NA,NA,NA,NA,NA,NA,NA,NA,NA,NA,NA
OLD DOMINION UNIVERSITY,Old Dominion University,VA,15,359,244,0,0,65,50,15,289,42,3,359,0.6796657381615598,0,0.3203342618384401,0.04178272980501393,0.8050139275766016,11.699164345403899,temple_carnegie_code,4,4,0,4,2,1,109811,1297247,1.1142061281337048,1.1142061281337048,6.89216881807295,-0.31211918565086394,0.6087523311153351,122,59.93377483443708,1.7159163063536946,-0.5764517224155203,97.16312056737588,26.95035460992908,-2.292368028769215,134,5.673758865248227
OREGON HEALTH AND SCIENCE UNIVERSITY,Oregon Health & Science University,OR,27,392,171,28,60,0,133,174,113,241,137,392,0.4362244897959184,0.22448979591836735,0.3392857142857143,0.44387755102040816,0.288265306122449,61.47959183673469,other,129,81,48,42,67,12,6144057,16990607,32.90816326530612,10.714285714285714,75.21128536868541,0.552459940429603,1.7104451386524986,49,84.10596026490066,NA,NA,NA,NA,NA,NA,NA
OREGON INSTITUTE OF TECHNOLOGY,Oregon Institute of Technology,OR,22,0,0,0,0,0,0,0,0,0,0,0,NA,NA,NA,NA,NA,NA,other,0,0,0,0,0,0,0,0,NA,NA,NA,NA,NA,NA,NA,NA,NA,NA,NA,NA,NA,NA
OREGON STATE UNIVERSITY,Oregon State University,OR,15,1368,526,157,1,641,43,363,903,214,134,1368,0.3845029239766082,0.1154970760233918,0.5,0.26535087719298245,0.6600877192982456,15.64327485380117,temple_carnegie_code,7,6,1,6,5,1,214610,1327498,0.5116959064327485,0.43859649122807015,28.548449653660477,-0.5793328572024483,0.25818933848178377,220,27.483443708609272,-0.23189635504299197,0.3710934542438925,40.42553191489361,68.79432624113475,0.6029898092868845,48,66.66666666666666
PACE UNIVERSITY,Pace University,NY,17,21,0,0,0,0,21,0,1,0,0,21,0,0,1,0,0.047619047619047616,0,other_doctoral,0,0,0,0,0,0,0,0,0,0,NA,NA,NA,NA,NA,NA,NA,NA,NA,NA,NA,NA
PACIFIC UNIVERSITY,Pacific University,OR,17,28,0,0,0,0,28,1,0,0,0,28,0,0,1,0.03571428571428571,0,0,other_doctoral,0,0,0,0,0,0,0,0,0,0,NA,NA,NA,NA,NA,NA,NA,NA,NA,NA,NA,NA
PALO ALTO UNIVERSITY,Palo Alto University,CA,26,394,0,1,0,0,393,7,4,0,0,394,0,0.0025380710659898475,0.9974619289340102,0.017766497461928935,0.01015228426395939,0,other,0,0,0,0,0,0,0,0,0,0,0.9518576672967348,-0.6071149046600026,0.3443863756500096,232,23.509933774834437,NA,NA,NA,NA,NA,NA,NA
PARDEE RAND GRADUATE SCHOOL,Pardee RAND Graduate School,CA,32,120,0,0,0,0,120,9,108,0,0,120,0,0,1,0.075,0.9,0,other,0,0,0,0,0,0,0,0,0,0,0.6508877652711064,-0.5591184728601304,0.43444722855509593,207,31.788079470198678,NA,NA,NA,NA,NA,NA,NA
PENNSYLVANIA STATE UNIVERSITY,"Pennsylvania State University, The",PA,15,3936,2209,294,62,1067,304,1107,2250,416,229,3936,0.561229674796748,0.09044715447154472,0.3483231707317073,0.28125,0.5716463414634146,10.56910569105691,temple_carnegie_code,64,40,24,39,36,12,2989045,12506795,1.6260162601626016,0.9908536585365854,173.79230560514847,-0.4891178178726561,0.3700679715954983,166,45.36423841059602,0.934343382186467,-0.4288400748462605,82.26950354609929,31.914893617021278,-1.3631834570327275,113,20.56737588652482
PENNSYLVANIA WESTERN UNIVERSITY,Pennsylvania Western University,PA,18,0,0,0,0,0,0,0,0,0,0,0,NA,NA,NA,NA,NA,NA,other_doctoral,0,0,0,0,0,0,0,0,NA,NA,NA,NA,NA,NA,NA,NA,NA,NA,NA,NA,NA,NA
PEPPERDINE UNIVERSITY,Pepperdine University,CA,17,0,0,0,0,0,0,0,0,0,0,0,NA,NA,NA,NA,NA,NA,other_doctoral,0,0,0,0,0,0,0,0,NA,NA,NA,NA,NA,NA,NA,NA,NA,NA,NA,NA,NA,NA
PHILADELPHIA COLLEGE OF OSTEOPATHIC MEDICINE,Philadelphia College of Osteopathic Medicine,PA,25,0,0,0,0,0,0,0,0,0,0,0,NA,NA,NA,NA,NA,NA,other,0,0,0,0,0,0,0,0,NA,NA,NA,NA,NA,NA,NA,NA,NA,NA,NA,NA,NA,NA
PITTSBURG STATE UNIVERSITY,Pittsburg State University,KS,18,0,0,0,0,0,0,0,0,0,0,0,NA,NA,NA,NA,NA,NA,other_doctoral,0,0,0,0,0,0,0,0,NA,NA,NA,NA,NA,NA,NA,NA,NA,NA,NA,NA,NA,NA
PLYMOUTH STATE UNIVERSITY,Plymouth State University,NH,18,0,0,0,0,0,0,0,0,0,0,0,NA,NA,NA,NA,NA,NA,other_doctoral,0,0,0,0,0,0,0,0,NA,NA,NA,NA,NA,NA,NA,NA,NA,NA,NA,NA,NA,NA
POLYTECHNIC UNIVERSITY OF PUERTO RICO,Polytechnic University of Puerto Rico,PR,19,5,0,0,0,0,5,2,0,0,0,5,0,0,1,0.4,0,0,other_doctoral,0,0,0,0,0,0,0,0,0,0,NA,NA,NA,NA,NA,NA,NA,NA,NA,NA,NA,NA
PONTIFICAL CATHOLIC UNIVERSITY OF PUERTO RICO,Pontifical Catholic University of Puerto Rico,PR,17,74,0,0,0,0,74,0,0,0,0,74,0,0,1,0,0,0,other_doctoral,0,0,0,0,0,0,0,0,0,0,0.3133002040691833,-0.4538753494718218,0.6147791399760519,150,50.66225165562914,NA,NA,NA,NA,NA,NA,NA
PONTIFICAL CATHOLIC UNIVERSITY OF PUERTO RICO ARECIBO,"Pontifical Catholic University of Puerto Rico, Arecibo",PR,17,0,0,0,0,0,0,0,0,0,0,0,NA,NA,NA,NA,NA,NA,other_doctoral,0,0,0,0,0,0,0,0,NA,NA,NA,NA,NA,NA,NA,NA,NA,NA,NA,NA,NA,NA
PONTIFICAL CATHOLIC UNIVERSITY OF PUERTO RICO MAYAGUEZ,"Pontifical Catholic University of Puerto Rico, Mayaguez",PR,22,0,0,0,0,0,0,0,0,0,0,0,NA,NA,NA,NA,NA,NA,other,0,0,0,0,0,0,0,0,NA,NA,NA,NA,NA,NA,NA,NA,NA,NA,NA,NA,NA,NA
PORTLAND STATE UNIVERSITY,Portland State University,OR,16,257,89,1,0,87,80,20,173,19,13,257,0.3463035019455253,0.0038910505836575876,0.6498054474708171,0.07782101167315175,0.6731517509727627,7.392996108949417,other_doctoral,4,4,0,0,3,0,152418,0,1.556420233463035,0,0.7754335460751204,2.4202651251350535,3.528212045110314,13,96.02649006622516,NA,NA,NA,NA,NA,NA,NA
PRAIRIE VIEW A AND M UNIVERSITY,Prairie View A&M University,TX,16,66,0,0,0,0,66,0,0,0,0,66,0,0,1,0,0,0,other_doctoral,0,0,0,0,0,0,0,0,0,0,0.30510072036325614,-0.44991755948062984,0.6210403088130431,147,51.65562913907284,NA,NA,NA,NA,NA,NA,NA
PRINCETON UNIVERSITY,Princeton University,NJ,15,2326,654,1155,0,511,6,130,2148,784,253,2326,0.28116938950988823,0.4965606190885641,0.2222699914015477,0.05588993981083405,0.9234737747205503,33.70593293207223,temple_carnegie_code,116,25,91,10,61,3,6279558,5279139,4.987102321582115,0.4299226139294927,70.67017038044449,0.49537023109353556,1.6369217521504043,53,82.78145695364239,-0.9138059896862899,-1.0936361750881016,18.439716312056735,13.47517730496454,-0.17983018540181173,72,49.645390070921984
PURDUE UNIVERSITY,Purdue University,IN,15,3739,2323,85,6,1187,138,1193,2160,534,302,3739,0.6212891147365606,0.024338058304359454,0.35437282695907996,0.31906926985825085,0.5776945707408397,14.281893554426317,temple_carnegie_code,41,34,7,21,24,5,1960962,4397388,1.0965498796469644,0.561647499331372,92.0344687628647,-0.42866782183376545,0.4484815286112551,140,53.973509933774835,1.3306823921467703,-0.39693458948577476,92.19858156028369,33.33333333333333,-1.727616981632545,127,10.638297872340425
QUEENS COLLEGE OF CITY UNIVERSITY OF NEW YORK,Queens College of the City University of New York,NY,18,0,0,0,0,0,0,0,0,0,0,0,NA,NA,NA,NA,NA,NA,other_doctoral,0,0,0,0,0,0,0,0,NA,NA,NA,NA,NA,NA,NA,NA,NA,NA,NA,NA,NA,NA
QUINNIPIAC UNIVERSITY,Quinnipiac University,CT,17,0,0,0,0,0,0,0,0,0,0,0,NA,NA,NA,NA,NA,NA,other_doctoral,0,0,0,0,0,0,0,0,NA,NA,NA,NA,NA,NA,NA,NA,NA,NA,NA,NA,NA,NA
RADFORD UNIVERSITY,Radford University,VA,17,0,0,0,0,0,0,0,0,0,0,0,NA,NA,NA,NA,NA,NA,other_doctoral,0,0,0,0,0,0,0,0,NA,NA,NA,NA,NA,NA,NA,NA,NA,NA,NA,NA,NA,NA
REGIS UNIVERSITY,Regis University,CO,17,0,0,0,0,0,0,0,0,0,0,0,NA,NA,NA,NA,NA,NA,other_doctoral,0,0,0,0,0,0,0,0,NA,NA,NA,NA,NA,NA,NA,NA,NA,NA,NA,NA,NA,NA
RENSSELAER POLYTECHNIC INSTITUTE,Rensselaer Polytechnic Institute,NY,15,626,292,11,0,308,15,149,425,106,52,626,0.46645367412140576,0.01757188498402556,0.5159744408945687,0.2380191693290735,0.6789137380191693,16.93290734824281,temple_carnegie_code,0,0,0,11,0,4,0,3080248,0,1.7571884984025559,23.256316613495578,-0.7657330575865834,0.021047033853554473,303,0,0.30890587705312433,0.4553415951213051,60.28368794326241,72.3404255319149,0.1464357180681808,64,55.319148936170215
RHODE ISLAND COLLEGE,Rhode Island College,RI,18,0,0,0,0,0,0,0,0,0,0,0,NA,NA,NA,NA,NA,NA,other_doctoral,0,0,0,0,0,0,0,0,NA,NA,NA,NA,NA,NA,NA,NA,NA,NA,NA,NA,NA,NA
RICE UNIVERSITY,Rice University,TX,15,1494,1038,322,0,96,38,56,1414,231,108,1494,0.6947791164658634,0.21552878179384202,0.08969210174029452,0.03748326639892905,0.9464524765729585,15.461847389558233,temple_carnegie_code,37,26,11,4,18,1,1669753,1118096,2.4765729585006695,0.2677376171352075,26.819810662426736,0.2911428914914842,1.372630303458662,64,79.13907284768213,1.8156511923314194,-1.792843164498851,97.87234042553192,3.546099290780142,-3.6084943568302705,141,0.7092198581560284
ROBERT MORRIS UNIVERSITY,Robert Morris University,PA,17,21,0,0,0,0,21,0,0,4,4,21,0,0,1,0,0,19.047619047619047,other_doctoral,0,0,0,0,0,0,0,0,0,0,NA,NA,NA,NA,NA,NA,NA,NA,NA,NA,NA,NA
ROCHESTER INSTITUTE OF TECHNOLOGY,Rochester Institute of Technology,NY,16,437,328,7,52,36,14,143,262,32,27,437,0.7505720823798627,0.13501144164759726,0.11441647597254005,0.32723112128146453,0.5995423340961098,7.322654462242563,other_doctoral,0,0,0,2,0,1,0,585107,0,0.4576659038901602,3.815373455246259,-0.720829943874783,0.11586482727054435,282,6.95364238410596,NA,NA,NA,NA,NA,NA,NA
ROCKEFELLER UNIVERSITY,"Rockefeller University, The",NY,27,281,0,273,8,0,0,29,234,207,73,281,0,1,0,0.10320284697508897,0.8327402135231317,73.66548042704626,other,56,15,41,9,29,3,3305100,2931951,19.9288256227758,3.202846975088968,17.38489729731859,1.6936406917877371,3.1590899886504133,20,93.70860927152319,NA,NA,NA,NA,NA,NA,NA
ROGER WILLIAMS UNIVERSITY,Roger Williams University,RI,19,0,0,0,0,0,0,0,0,0,0,0,NA,NA,NA,NA,NA,NA,other_doctoral,0,0,0,0,0,0,0,0,NA,NA,NA,NA,NA,NA,NA,NA,NA,NA,NA,NA,NA,NA
ROOSEVELT UNIVERSITY,Roosevelt University,IL,17,0,0,0,0,0,0,0,0,0,0,0,NA,NA,NA,NA,NA,NA,other_doctoral,0,0,0,0,0,0,0,0,NA,NA,NA,NA,NA,NA,NA,NA,NA,NA,NA,NA,NA,NA
ROSALIND FRANKLIN UNIVERSITY OF MEDICINE AND SCIENCE,Rosalind Franklin University of Medicine and Science,IL,25,25,0,0,25,0,0,8,16,10,5,25,0,1,0,0.32,0.64,40,other,0,0,0,0,0,0,0,0,0,0,NA,NA,NA,NA,NA,NA,NA,NA,NA,NA,NA,NA
ROSE HULMAN INSTITUTE OF TECHNOLOGY,Rose-Hulman Institute of Technology,IN,28,0,0,0,0,0,0,0,0,0,0,0,NA,NA,NA,NA,NA,NA,other,0,0,0,0,0,0,0,0,NA,NA,NA,NA,NA,NA,NA,NA,NA,NA,NA,NA,NA,NA
ROWAN UNIVERSITY,Rowan University,NJ,16,252,0,0,0,0,252,0,2,38,23,252,0,0,1,0,0.007936507936507936,15.079365079365079,other_doctoral,0,0,0,0,0,0,0,0,0,0,0.46235349672074416,-0.5112884312199336,0.5195596022706509,179,41.05960264900662,NA,NA,NA,NA,NA,NA,NA
RUSH UNIVERSITY,Rush University,IL,25,89,0,0,0,0,89,13,61,0,0,89,0,0,1,0.14606741573033707,0.6853932584269663,0,other,11,10,1,9,6,2,511880,2758769,12.359550561797754,10.112359550561798,3.50061117757127,1.5348712211325046,2.8745607832305096,22,93.04635761589404,NA,NA,NA,NA,NA,NA,NA
RUSSELL SAGE COLLEGE,Russell Sage College,NY,17,0,0,0,0,0,0,0,0,0,0,0,NA,NA,NA,NA,NA,NA,other_doctoral,0,0,0,0,0,0,0,0,NA,NA,NA,NA,NA,NA,NA,NA,NA,NA,NA,NA,NA,NA
RUTGERS STATE UNIVERSITY OF NEW JERSEY,"Rutgers, The State University of New Jersey",NJ,16,2314,663,501,49,802,299,472,1555,903,224,2314,0.28651685393258425,0.23768366464995677,0.4757994814174589,0.20397579948141745,0.6719965427830596,39.02333621434745,other_doctoral,87,72,15,22,54,8,3834401,8425669,3.759723422644771,0.9507346585998271,49.19228498389529,0.5924704601560237,1.7608367179806235,47,84.76821192052981,NA,NA,NA,NA,NA,NA,NA
SACRED HEART UNIVERSITY,Sacred Heart University,CT,17,0,0,0,0,0,0,0,0,0,0,0,NA,NA,NA,NA,NA,NA,other_doctoral,0,0,0,0,0,0,0,0,NA,NA,NA,NA,NA,NA,NA,NA,NA,NA,NA,NA,NA,NA
SAINT JOSEPH S UNIVERSITY,Saint Joseph's University,PA,18,30,0,0,0,0,30,0,30,17,1,30,0,0,1,0,1,56.666666666666664,other_doctoral,0,0,0,0,0,0,0,0,0,0,NA,NA,NA,NA,NA,NA,NA,NA,NA,NA,NA,NA
SAINT LOUIS UNIVERSITY,Saint Louis University,MO,16,445,79,20,0,180,166,50,264,37,23,445,0.17752808988764046,0.0449438202247191,0.7775280898876404,0.11235955056179775,0.5932584269662922,8.314606741573034,other_doctoral,3,3,0,3,2,1,59506,741934,0.6741573033707865,0.6741573033707865,3.557476346626178,-0.11240456300976741,0.8626051518230726,95,68.87417218543047,NA,NA,NA,NA,NA,NA,NA
SAINT MARTIN S UNIVERSITY,Saint Martin's University,WA,20,0,0,0,0,0,0,0,0,0,0,0,NA,NA,NA,NA,NA,NA,other_doctoral,0,0,0,0,0,0,0,0,NA,NA,NA,NA,NA,NA,NA,NA,NA,NA,NA,NA,NA,NA
SALEM STATE UNIVERSITY,Salem State University,MA,18,0,0,0,0,0,0,0,0,0,0,0,NA,NA,NA,NA,NA,NA,other_doctoral,0,0,0,0,0,0,0,0,NA,NA,NA,NA,NA,NA,NA,NA,NA,NA,NA,NA,NA,NA
SALISBURY UNIVERSITY,Salisbury University,MD,18,0,0,0,0,0,0,0,0,0,0,0,NA,NA,NA,NA,NA,NA,other_doctoral,0,0,0,0,0,0,0,0,NA,NA,NA,NA,NA,NA,NA,NA,NA,NA,NA,NA,NA,NA
SALUS UNIVERSITY,Salus University,PA,26,11,0,0,0,0,11,1,3,0,0,11,0,0,1,0.09090909090909091,0.2727272727272727,0,other,0,0,0,0,0,0,0,0,0,0,NA,NA,NA,NA,NA,NA,NA,NA,NA,NA,NA,NA
SAM HOUSTON STATE UNIVERSITY,Sam Houston State University,TX,16,37,8,0,0,1,28,0,34,4,3,37,0.21621621621621623,0,0.7837837837837838,0,0.918918918918919,10.81081081081081,other_doctoral,1,1,0,0,1,0,35414,0,2.7027027027027026,0,NA,NA,NA,NA,NA,NA,NA,NA,NA,NA,NA,NA
SAN DIEGO STATE UNIVERSITY,San Diego State University,CA,16,498,209,5,8,106,170,83,321,112,55,498,0.41967871485943775,0.02610441767068273,0.5542168674698795,0.16666666666666666,0.6445783132530121,22.48995983935743,other_doctoral,22,22,0,11,13,3,761231,3418849,4.417670682730924,2.208835341365462,9.661738253394725,0.9609621138018498,2.214188108268134,35,88.74172185430463,NA,NA,NA,NA,NA,NA,NA
SAN FRANCISCO STATE UNIVERSITY,San Francisco State University,CA,16,0,0,0,0,0,0,0,0,10,7,0,NA,NA,NA,NA,NA,NA,other_doctoral,0,0,0,7,0,1,0,4515889,NA,NA,NA,NA,NA,NA,NA,NA,NA,NA,NA,NA,NA,NA
SAN JOSE STATE UNIVERSITY,San Jose State University,CA,18,0,0,0,0,0,0,0,0,0,0,0,NA,NA,NA,NA,NA,NA,other_doctoral,0,0,0,0,0,0,0,0,NA,NA,NA,NA,NA,NA,NA,NA,NA,NA,NA,NA,NA,NA
SAN JUAN BAUTISTA,San Juan Bautista School of Medicine,PR,25,0,0,0,0,0,0,0,0,0,0,0,NA,NA,NA,NA,NA,NA,other,0,0,0,0,0,0,0,0,NA,NA,NA,NA,NA,NA,NA,NA,NA,NA,NA,NA,NA,NA
SANFORD BURNHAM PREBYS MEDICAL DISCOVERY INSTITUTE,Sanford Burnham Prebys Medical Discovery Institute,CA,26,53,18,0,16,0,19,19,16,66,37,53,0.33962264150943394,0.3018867924528302,0.3584905660377358,0.3584905660377358,0.3018867924528302,124.52830188679245,other,5,0,5,6,2,2,354252,1287227,9.433962264150944,11.320754716981131,11.406013354591554,-0.42453795890953566,0.46195143883984685,138,54.63576158940398,NA,NA,NA,NA,NA,NA,NA
SANTA CLARA UNIVERSITY,Santa Clara University,CA,17,33,20,0,0,8,5,19,9,9,4,33,0.6060606060606061,0,0.3939393939393939,0.5757575757575758,0.2727272727272727,27.272727272727273,other_doctoral,0,0,0,0,0,0,0,0,0,0,NA,NA,NA,NA,NA,NA,NA,NA,NA,NA,NA,NA
SAVANNAH STATE UNIVERSITY,Savannah State University,GA,20,0,0,0,0,0,0,0,0,0,0,0,NA,NA,NA,NA,NA,NA,other_doctoral,0,0,0,0,0,0,0,0,NA,NA,NA,NA,NA,NA,NA,NA,NA,NA,NA,NA,NA,NA
SCRIPPS RESEARCH INSTITUTE,"Scripps Research Institute, The",CA,-2,375,0,368,7,0,0,32,335,292,115,375,0,1,0,0.08533333333333333,0.8933333333333333,77.86666666666666,other,49,20,29,1,30,1,2544832,256717,13.066666666666666,0.26666666666666666,5.869439546619633,5.427815564184865,7.771484388492308,3,99.33774834437085,NA,NA,NA,NA,NA,NA,NA
SEATTLE PACIFIC UNIVERSITY,Seattle Pacific University,WA,17,59,0,6,0,1,52,3,11,0,0,59,0,0.1016949152542373,0.8983050847457628,0.05084745762711865,0.1864406779661017,0,other_doctoral,0,0,0,0,0,0,0,0,0,0,0.3957604633085582,-0.4885753308931224,0.5581849394794817,164,46.026490066225165,NA,NA,NA,NA,NA,NA,NA
SEATTLE UNIVERSITY,Seattle University,WA,17,0,0,0,0,0,0,0,0,0,0,0,NA,NA,NA,NA,NA,NA,other_doctoral,0,0,0,0,0,0,0,0,NA,NA,NA,NA,NA,NA,NA,NA,NA,NA,NA,NA,NA,NA
SETON HALL UNIVERSITY,Seton Hall University,NJ,16,51,37,0,0,0,14,0,41,0,0,51,0.7254901960784313,0,0.27450980392156865,0,0.803921568627451,0,other_doctoral,0,0,0,0,0,0,0,0,0,0,0.4180155819382491,-0.4966140411903938,0.5446530645420273,173,43.04635761589404,NA,NA,NA,NA,NA,NA,NA
SHIPPENSBURG UNIVERSITY OF PENNSYLVANIA,Shippensburg University of Pennsylvania,PA,18,0,0,0,0,0,0,0,0,0,0,0,NA,NA,NA,NA,NA,NA,other_doctoral,0,0,0,0,0,0,0,0,NA,NA,NA,NA,NA,NA,NA,NA,NA,NA,NA,NA,NA,NA
SIMMONS UNIVERSITY,Simmons University,MA,17,0,0,0,0,0,0,0,0,0,0,0,NA,NA,NA,NA,NA,NA,other_doctoral,0,0,0,0,0,0,0,0,NA,NA,NA,NA,NA,NA,NA,NA,NA,NA,NA,NA,NA,NA
SITTING BULL COLLEGE,Sitting Bull College,ND,33,0,0,0,0,0,0,0,0,0,0,0,NA,NA,NA,NA,NA,NA,other,0,0,0,0,0,0,0,0,NA,NA,NA,NA,NA,NA,NA,NA,NA,NA,NA,NA,NA,NA
SMITH COLLEGE,Smith College,MA,21,0,0,0,0,0,0,0,0,4,4,0,NA,NA,NA,NA,NA,NA,other_doctoral,0,0,0,0,0,0,0,0,NA,NA,NA,NA,NA,NA,NA,NA,NA,NA,NA,NA,NA,NA
SONOMA STATE UNIVERSITY,Sonoma State University,CA,18,0,0,0,0,0,0,0,0,0,0,0,NA,NA,NA,NA,NA,NA,other_doctoral,0,0,0,0,0,0,0,0,NA,NA,NA,NA,NA,NA,NA,NA,NA,NA,NA,NA,NA,NA
SOUTH DAKOTA SCHOOL OF MINES AND TECHNOLOGY,South Dakota School of Mines & Technology,SD,19,105,86,0,0,13,6,0,99,8,0,105,0.819047619047619,0,0.18095238095238095,0,0.9428571428571428,7.619047619047619,other_doctoral,0,0,0,0,0,0,0,0,0,0,0.5670379581973681,-0.5402623351377422,0.46858689155228334,195,35.76158940397351,NA,NA,NA,NA,NA,NA,NA
SOUTH DAKOTA STATE UNIVERSITY,South Dakota State University,SD,16,190,139,0,0,42,9,60,104,22,9,190,0.7315789473684211,0,0.26842105263157895,0.3157894736842105,0.5473684210526316,11.578947368421053,other_doctoral,0,0,0,0,0,0,0,0,0,0,0.702727009732826,-0.5692945298647655,0.4157219351971401,214,29.47019867549669,NA,NA,NA,NA,NA,NA,NA
SOUTHEAST MISSOURI STATE UNIVERSITY,Southeast Missouri State University,MO,18,0,0,0,0,0,0,0,0,0,0,0,NA,NA,NA,NA,NA,NA,other_doctoral,0,0,0,0,0,0,0,0,NA,NA,NA,NA,NA,NA,NA,NA,NA,NA,NA,NA,NA,NA
SOUTHEASTERN LOUISIANA UNIVERSITY,Southeastern Louisiana University,LA,18,0,0,0,0,0,0,0,0,0,0,0,NA,NA,NA,NA,NA,NA,other_doctoral,0,0,0,0,0,0,0,0,NA,NA,NA,NA,NA,NA,NA,NA,NA,NA,NA,NA,NA,NA
SOUTHERN ARKANSAS UNIVERSITY,Southern Arkansas University,AR,18,0,0,0,0,0,0,0,0,0,0,0,NA,NA,NA,NA,NA,NA,other_doctoral,0,0,0,0,0,0,0,0,NA,NA,NA,NA,NA,NA,NA,NA,NA,NA,NA,NA,NA,NA
SOUTHERN CONNECTICUT STATE UNIVERSITY,Southern Connecticut State University,CT,18,0,0,0,0,0,0,0,0,0,0,0,NA,NA,NA,NA,NA,NA,other_doctoral,0,0,0,0,0,0,0,0,NA,NA,NA,NA,NA,NA,NA,NA,NA,NA,NA,NA,NA,NA
SOUTHERN ILLINOIS UNIVERSITY CARBONDALE,"Southern Illinois University, Carbondale",IL,16,392,140,32,0,120,100,47,241,13,4,392,0.35714285714285715,0.08163265306122448,0.5612244897959183,0.11989795918367346,0.6147959183673469,3.316326530612245,other_doctoral,0,0,0,0,0,0,0,0,0,0,1.3166513080311708,-0.6425618169713452,0.27523168468795706,241,20.52980132450331,NA,NA,NA,NA,NA,NA,NA
SOUTHERN ILLINOIS UNIVERSITY EDWARDSVILLE,"Southern Illinois University, Edwardsville",IL,17,0,0,0,0,0,0,0,0,2,0,0,NA,NA,NA,NA,NA,NA,other_doctoral,0,0,0,0,0,0,0,0,NA,NA,NA,NA,NA,NA,NA,NA,NA,NA,NA,NA,NA,NA
SOUTHERN METHODIST UNIVERSITY,Southern Methodist University,TX,16,335,133,56,0,117,29,74,222,64,18,335,0.3970149253731343,0.16716417910447762,0.43582089552238806,0.2208955223880597,0.6626865671641791,19.104477611940297,other_doctoral,0,0,0,0,0,0,0,0,0,0,1.5242670420770292,-0.6567404915826542,0.24700298409589658,251,17.218543046357617,NA,NA,NA,NA,NA,NA,NA
SOUTHERN UNIVERSITY AND A AND M COLLEGE,Southern University and A&M College,LA,16,99,4,0,0,6,89,19,2,5,1,99,0.04040404040404041,0,0.9595959595959596,0.1919191919191919,0.020202020202020204,5.05050505050505,other_doctoral,0,0,0,0,0,0,0,0,0,0,0.4095572859598623,-0.4936158734143714,0.549717986671226,169,44.370860927152314,NA,NA,NA,NA,NA,NA,NA
SOUTHERN UNIVERSITY NEW ORLEANS,Southern University at New Orleans,LA,19,0,0,0,0,0,0,0,0,0,0,0,NA,NA,NA,NA,NA,NA,other_doctoral,0,0,0,0,0,0,0,0,NA,NA,NA,NA,NA,NA,NA,NA,NA,NA,NA,NA,NA,NA
SPRINGFIELD COLLEGE,Springfield College,MA,17,16,10,3,0,1,2,0,14,0,0,16,0.625,0.1875,0.1875,0,0.875,0,other_doctoral,0,0,0,0,0,0,0,0,0,0,NA,NA,NA,NA,NA,NA,NA,NA,NA,NA,NA,NA
ST CLOUD STATE UNIVERSITY,St. Cloud State University,MN,18,0,0,0,0,0,0,0,0,0,0,0,NA,NA,NA,NA,NA,NA,other_doctoral,0,0,0,0,0,0,0,0,NA,NA,NA,NA,NA,NA,NA,NA,NA,NA,NA,NA,NA,NA
ST FRANCIS COLLEGE,St. Francis College,NY,22,0,0,0,0,0,0,0,0,0,0,0,NA,NA,NA,NA,NA,NA,other,0,0,0,0,0,0,0,0,NA,NA,NA,NA,NA,NA,NA,NA,NA,NA,NA,NA,NA,NA
ST JOHN S UNIVERSITY QUEENS,"St. John's University, Queens",NY,17,110,0,13,0,0,97,22,5,0,0,110,0,0.11818181818181818,0.8818181818181818,0.2,0.045454545454545456,0,other_doctoral,0,0,0,0,0,0,0,0,0,0,0.5064185231922536,-0.5243494153574877,0.4968112057536984,184,39.40397350993378,NA,NA,NA,NA,NA,NA,NA
ST MARY S UNIVERSITY SAN ANTONIO,"St. Mary's University, San Antonio",TX,18,0,0,0,0,0,0,0,0,0,0,0,NA,NA,NA,NA,NA,NA,other_doctoral,0,0,0,0,0,0,0,0,NA,NA,NA,NA,NA,NA,NA,NA,NA,NA,NA,NA,NA,NA
ST THOMAS UNIVERSITY MIAMI GARDENS,"St. Thomas University, Miami Gardens",FL,17,0,0,0,0,0,0,0,0,0,0,0,NA,NA,NA,NA,NA,NA,other_doctoral,0,0,0,0,0,0,0,0,NA,NA,NA,NA,NA,NA,NA,NA,NA,NA,NA,NA,NA,NA
STANFORD UNIVERSITY,Stanford University,CA,15,4143,1789,1758,116,358,122,1369,2323,2645,1325,4143,0.4318126961139271,0.4523292300265508,0.11585807385952208,0.3304368814868453,0.5607048032826454,63.84262611634082,temple_carnegie_code,360,86,274,119,208,33,19692677,46675217,8.689355539464156,2.8723147477673185,729.886152574516,-0.3928768703586617,0.49357452729530055,136,55.29801324503312,0.08030616081701597,-1.6548455644673756,53.90070921985816,6.382978723404255,-1.7351517252843915,128,9.929078014184398
STATE UNIVERSITY OF NEW YORK COLLEGE CORTLAND,State University of New York College at Cortland,NY,19,0,0,0,0,0,0,0,0,0,0,0,NA,NA,NA,NA,NA,NA,other_doctoral,0,0,0,0,0,0,0,0,NA,NA,NA,NA,NA,NA,NA,NA,NA,NA,NA,NA,NA,NA
STATE UNIVERSITY OF NEW YORK COLLEGE OF ENVIRONMENTAL SCIENCE AND FORESTRY,State University of New York College of Environmental Science and Forestry,NY,16,162,57,8,0,77,20,1,139,30,15,162,0.35185185185185186,0.04938271604938271,0.5987654320987654,0.006172839506172839,0.8580246913580247,18.51851851851852,other_doctoral,0,0,0,0,0,0,0,0,0,0,0.895678453214658,-0.599873717009853,0.35824870610300885,227,25.165562913907287,NA,NA,NA,NA,NA,NA,NA
STATE UNIVERSITY OF NEW YORK COLLEGE OF OPTOMETRY,"State University of New York, College of Optometry",NY,26,10,0,0,0,10,0,0,10,3,3,10,0,0,1,0,1,30,other,0,0,0,0,0,0,0,0,0,0,NA,NA,NA,NA,NA,NA,NA,NA,NA,NA,NA,NA
STATE UNIVERSITY OF NEW YORK FREDONIA,"State University of New York at Fredonia, The",NY,20,0,0,0,0,0,0,0,0,0,0,0,NA,NA,NA,NA,NA,NA,other_doctoral,0,0,0,0,0,0,0,0,NA,NA,NA,NA,NA,NA,NA,NA,NA,NA,NA,NA,NA,NA
STATE UNIVERSITY OF NEW YORK NEW PALTZ,State University of New York at New Paltz,NY,18,0,0,0,0,0,0,0,0,0,0,0,NA,NA,NA,NA,NA,NA,other_doctoral,0,0,0,0,0,0,0,0,NA,NA,NA,NA,NA,NA,NA,NA,NA,NA,NA,NA,NA,NA
STATE UNIVERSITY OF NEW YORK OSWEGO,State University of New York at Oswego,NY,18,0,0,0,0,0,0,0,0,0,0,0,NA,NA,NA,NA,NA,NA,other_doctoral,0,0,0,0,0,0,0,0,NA,NA,NA,NA,NA,NA,NA,NA,NA,NA,NA,NA,NA,NA
STATE UNIVERSITY OF NEW YORK PLATTSBURGH,"State University of New York, The, Plattsburgh",NY,19,0,0,0,0,0,0,0,0,0,0,0,NA,NA,NA,NA,NA,NA,other_doctoral,0,0,0,0,0,0,0,0,NA,NA,NA,NA,NA,NA,NA,NA,NA,NA,NA,NA,NA,NA
STATE UNIVERSITY OF NEW YORK POLYTECHNIC INSTITUTE,State University of New York Polytechnic Institute,NY,18,0,0,0,0,0,0,0,0,0,0,0,NA,NA,NA,NA,NA,NA,other_doctoral,0,0,0,0,0,0,0,0,NA,NA,NA,NA,NA,NA,NA,NA,NA,NA,NA,NA,NA,NA
STATE UNIVERSITY OF NEW YORK POTSDAM,"State University of New York at Potsdam, The",NY,19,0,0,0,0,0,0,0,0,0,0,0,NA,NA,NA,NA,NA,NA,other_doctoral,0,0,0,0,0,0,0,0,NA,NA,NA,NA,NA,NA,NA,NA,NA,NA,NA,NA,NA,NA
STATE UNIVERSITY OF NEW YORK UNIVERSITY BUFFALO,"State University of New York, The, University at Buffalo",NY,15,1552,532,17,6,707,290,317,877,345,41,1552,0.3427835051546392,0.014819587628865979,0.6423969072164949,0.20425257731958762,0.5650773195876289,22.22938144329897,temple_carnegie_code,0,0,0,0,0,0,0,0,0,0,5.3065944221605905,-0.7350318573897938,0.08610899326665108,290,4.304635761589404,-0.5072074996122506,1.1220852904440561,26.24113475177305,87.94326241134752,1.6292927900563068,23,84.39716312056737
STATE UNIVERSITY OF NEW YORK UPSTATE MEDICAL UNIVERSITY,"State University of New York, Upstate Medical University",NY,25,156,144,10,0,0,2,45,107,25,16,156,0.9230769230769231,0.0641025641025641,0.01282051282051282,0.28846153846153844,0.6858974358974359,16.025641025641026,other,0,0,0,0,0,0,0,0,0,0,1.8339704520015763,-0.673016943883728,0.21422721935970004,261,13.90728476821192,NA,NA,NA,NA,NA,NA,NA
STEPHEN F AUSTIN STATE UNIVERSITY,Stephen F. Austin State University,TX,18,18,0,0,0,3,15,0,15,0,0,18,0,0,1,0,0.8333333333333334,0,other_doctoral,0,0,0,0,0,0,0,0,0,0,NA,NA,NA,NA,NA,NA,NA,NA,NA,NA,NA,NA
STEVENS INSTITUTE OF TECHNOLOGY,Stevens Institute of Technology,NJ,16,457,77,70,0,159,151,63,288,25,20,457,0.16849015317286653,0.15317286652078774,0.6783369803063457,0.13785557986870897,0.6301969365426696,5.470459518599562,other_doctoral,0,0,0,0,0,0,0,0,0,0,1.4586887065948841,-0.652602700726322,0.25527282529199524,250,17.549668874172188,NA,NA,NA,NA,NA,NA,NA
STOCKTON UNIVERSITY,Stockton University,NJ,17,0,0,0,0,0,0,0,0,0,0,0,NA,NA,NA,NA,NA,NA,other_doctoral,0,0,0,0,0,0,0,0,NA,NA,NA,NA,NA,NA,NA,NA,NA,NA,NA,NA,NA,NA
STONY BROOK UNIVERSITY,Stony Brook University,NY,15,1831,651,118,0,648,414,429,974,303,136,1831,0.3555434188967777,0.06444565811032223,0.5800109229929,0.2342981977061715,0.5319497542326598,16.54833424358274,temple_carnegie_code,0,0,0,0,0,0,0,0,0,0,6.8553957618222645,-0.7436340283327187,0.06797730756993657,297,1.9867549668874174,-0.42300339140201615,0.7930657508974499,28.368794326241137,82.26950354609929,1.216069142299466,27,81.56028368794325
SUFFOLK UNIVERSITY,Suffolk University,MA,17,18,0,0,0,0,18,0,0,0,0,18,0,0,1,0,0,0,other_doctoral,0,0,0,0,0,0,0,0,0,0,NA,NA,NA,NA,NA,NA,NA,NA,NA,NA,NA,NA
SUL ROSS STATE UNIVERSITY,Sul Ross State University,TX,18,0,0,0,0,0,0,0,0,0,0,0,NA,NA,NA,NA,NA,NA,other_doctoral,0,0,0,0,0,0,0,0,NA,NA,NA,NA,NA,NA,NA,NA,NA,NA,NA,NA,NA,NA
SUNY BROCKPORT,SUNY Brockport,NY,18,0,0,0,0,0,0,0,0,0,0,0,NA,NA,NA,NA,NA,NA,other_doctoral,0,0,0,0,0,0,0,0,NA,NA,NA,NA,NA,NA,NA,NA,NA,NA,NA,NA,NA,NA
SUNY BUFFALO STATE UNIVERSITY,SUNY Buffalo State University,NY,18,0,0,0,0,0,0,0,0,0,0,0,NA,NA,NA,NA,NA,NA,other_doctoral,0,0,0,0,0,0,0,0,NA,NA,NA,NA,NA,NA,NA,NA,NA,NA,NA,NA,NA,NA
SUNY DOWNSTATE UNIVERSITY,"SUNY, Downstate Health Sciences University",NY,25,53,46,0,0,0,7,0,46,9,7,53,0.8679245283018868,0,0.1320754716981132,0,0.8679245283018868,16.9811320754717,other,0,0,0,0,0,0,0,0,0,0,0.899025566621814,-0.6003228586326805,0.35739161022434734,228,24.834437086092713,NA,NA,NA,NA,NA,NA,NA
SUNY ONEONTA,SUNY Oneonta,NY,19,0,0,0,0,0,0,0,0,0,0,0,NA,NA,NA,NA,NA,NA,other_doctoral,0,0,0,0,0,0,0,0,NA,NA,NA,NA,NA,NA,NA,NA,NA,NA,NA,NA,NA,NA
SYRACUSE UNIVERSITY,Syracuse University,NY,15,835,262,60,2,395,116,159,529,73,31,835,0.3137724550898204,0.07425149700598803,0.6119760479041916,0.19041916167664671,0.6335329341317365,8.74251497005988,temple_carnegie_code,7,5,2,0,4,0,253803,0,0.8383233532934131,0,4.482312391420851,0.40905139374289495,1.505325120302454,56,81.78807947019867,-0.6986546871338425,0.9616476978002806,22.69503546099291,85.81560283687944,1.660302384934123,22,85.1063829787234
TARLETON STATE UNIVERSITY,Tarleton State University,TX,16,34,0,0,0,0,34,0,0,0,0,34,0,0,1,0,0,0,other_doctoral,0,0,0,0,0,0,0,0,0,0,NA,NA,NA,NA,NA,NA,NA,NA,NA,NA,NA,NA
TEACHERS COLLEGE COLUMBIA UNIVERSITY,"Teachers College, Columbia University",NY,16,253,0,0,0,0,253,2,164,0,0,253,0,0,1,0.007905138339920948,0.6482213438735178,0,other_doctoral,0,0,0,0,0,0,0,0,0,0,0.41736694701609134,-0.4963865218815292,0.545038167797896,172,43.377483443708606,NA,NA,NA,NA,NA,NA,NA
TEMPLE UNIVERSITY,Temple University,PA,15,728,272,101,0,259,96,213,403,119,69,728,0.37362637362637363,0.13873626373626374,0.4876373626373626,0.2925824175824176,0.5535714285714286,16.346153846153847,temple_carnegie_code,69,58,11,13,43,3,2584000,4450540,9.478021978021978,1.7857142857142858,36.69584622575556,0.6772254488693056,1.8684882064028978,41,86.75496688741721,-0.30367193606598086,0.30589372543848814,36.17021276595745,64.53900709219859,0.609565661504469,47,67.37588652482269
TENNESSEE STATE UNIVERSITY,Tennessee State University,TN,16,83,5,8,0,0,70,17,23,17,15,83,0.060240963855421686,0.0963855421686747,0.8433734939759037,0.20481927710843373,0.27710843373493976,20.481927710843372,other_doctoral,0,0,0,0,0,0,0,0,0,0,0.6149976878529219,-0.5514437616649119,0.4484314231743541,204,32.78145695364238,NA,NA,NA,NA,NA,NA,NA
TENNESSEE TECHNOLOGICAL UNIVERSITY,Tennessee Technological University,TN,16,34,26,4,0,3,1,8,25,6,5,34,0.7647058823529411,0.11764705882352941,0.11764705882352941,0.23529411764705882,0.7352941176470589,17.647058823529413,other_doctoral,0,0,0,0,0,0,0,0,0,0,NA,NA,NA,NA,NA,NA,NA,NA,NA,NA,NA,NA
TEXAS A AND M INTERNATIONAL UNIVERSITY,Texas A&M International University,TX,18,0,0,0,0,0,0,0,0,0,0,0,NA,NA,NA,NA,NA,NA,other_doctoral,0,0,0,0,0,0,0,0,NA,NA,NA,NA,NA,NA,NA,NA,NA,NA,NA,NA,NA,NA
TEXAS A AND M UNIVERSITY,Texas A&M University,TX,15,4035,2046,197,26,1227,539,855,2372,580,580,4035,0.5070631970260223,0.055266418835192066,0.4376703841387856,0.21189591078066913,0.5878562577447336,14.374225526641883,temple_carnegie_code,6,6,0,11,3,3,229044,3197692,0.14869888475836432,0.27261462205700127,66.50600020682259,-0.7024329127154233,0.09700623794789898,272,10.264900662251655,0.5768926934321221,0.042371197698688585,72.3404255319149,51.06382978723404,-0.5345214957334335,84,41.13475177304964
TEXAS A AND M UNIVERSITY CENTRAL TEXAS,Texas A&M University-Central Texas,TX,19,0,0,0,0,0,0,0,0,0,0,0,NA,NA,NA,NA,NA,NA,other_doctoral,0,0,0,0,0,0,0,0,NA,NA,NA,NA,NA,NA,NA,NA,NA,NA,NA,NA,NA,NA
TEXAS A AND M UNIVERSITY COMMERCE,Texas A&M University-Commerce,TX,17,0,0,0,0,0,0,0,0,0,0,0,NA,NA,NA,NA,NA,NA,other_doctoral,0,0,0,0,0,0,0,0,NA,NA,NA,NA,NA,NA,NA,NA,NA,NA,NA,NA,NA,NA
TEXAS A AND M UNIVERSITY CORPUS CHRISTI,Texas A&M University-Corpus Christi,TX,16,85,73,0,0,10,2,27,43,22,6,85,0.8588235294117647,0,0.1411764705882353,0.3176470588235294,0.5058823529411764,25.88235294117647,other_doctoral,0,0,0,0,0,0,0,0,0,0,0.6016680508435333,-0.5484479722809447,0.4538572209815437,201,33.77483443708609,NA,NA,NA,NA,NA,NA,NA
TEXAS A AND M UNIVERSITY KINGSVILLE,Texas A&M University-Kingsville,TX,16,30,26,0,0,2,2,12,13,4,2,30,0.8666666666666667,0,0.13333333333333333,0.4,0.43333333333333335,13.333333333333334,other_doctoral,0,0,0,0,0,0,0,0,0,0,NA,NA,NA,NA,NA,NA,NA,NA,NA,NA,NA,NA
TEXAS A AND M UNIVERSITY SAN ANTONIO,Texas A&M University-San Antonio,TX,18,0,0,0,0,0,0,0,0,2,1,0,NA,NA,NA,NA,NA,NA,other_doctoral,0,0,0,0,0,0,0,0,NA,NA,NA,NA,NA,NA,NA,NA,NA,NA,NA,NA,NA,NA
TEXAS CHRISTIAN UNIVERSITY,Texas Christian University,TX,16,89,71,3,0,11,4,7,80,6,2,89,0.797752808988764,0.033707865168539325,0.16853932584269662,0.07865168539325842,0.898876404494382,6.741573033707865,other_doctoral,0,0,0,0,0,0,0,0,0,0,0.6521618461379078,-0.5593809689163116,0.4339668091562135,209,31.125827814569533,NA,NA,NA,NA,NA,NA,NA
TEXAS SOUTHERN UNIVERSITY,Texas Southern University,TX,16,27,19,0,0,1,7,0,21,3,0,27,0.7037037037037037,0,0.2962962962962963,0,0.7777777777777778,11.11111111111111,other_doctoral,0,0,0,0,0,0,0,0,0,0,NA,NA,NA,NA,NA,NA,NA,NA,NA,NA,NA,NA
TEXAS STATE UNIVERSITY,Texas State University,TX,16,242,36,1,0,188,17,1,225,64,24,242,0.1487603305785124,0.004132231404958678,0.8471074380165289,0.004132231404958678,0.9297520661157025,26.446280991735538,other_doctoral,0,0,0,1,0,1,0,315598,0,0.4132231404958678,1.3471328574266916,-0.6448536833863029,0.2706897871420945,242,20.198675496688743,NA,NA,NA,NA,NA,NA,NA
TEXAS TECH UNIVERSITY,Texas Tech University,TX,15,1459,735,0,0,611,113,229,974,131,59,1459,0.5037697052775874,0,0.4962302947224126,0.15695681973954764,0.6675805346127485,8.978752570253599,temple_carnegie_code,1,1,0,0,1,0,45662,0,0.06854009595613433,0,3.0944519885987622,-0.48032702640651004,0.41730978874049457,162,46.688741721854306,0.5551585703667844,0.35121227884698136,70.92198581560284,65.95744680851064,-0.20394629151980304,74,48.226950354609926
TEXAS WOMAN S UNIVERSITY,Texas Woman's University,TX,17,54,6,0,0,6,42,0,30,0,0,54,0.1111111111111111,0,0.8888888888888888,0,0.5555555555555556,0,other_doctoral,2,2,0,0,1,0,43806,0,3.7037037037037037,0,0.35586764948457256,2.184603693060345,2.9210123802501125,15,95.36423841059603,NA,NA,NA,NA,NA,NA,NA
THOMAS JEFFERSON UNIVERSITY,Thomas Jefferson University,PA,16,18,8,1,5,2,2,9,9,205,82,18,0.4444444444444444,0.3333333333333333,0.2222222222222222,0.5,0.5,1138.888888888889,other_doctoral,21,19,2,11,13,4,896555,3041971,116.66666666666667,61.111111111111114,NA,NA,NA,NA,NA,NA,NA,NA,NA,NA,NA,NA
TIFFIN UNIVERSITY,Tiffin University,OH,18,0,0,0,0,0,0,0,0,0,0,0,NA,NA,NA,NA,NA,NA,other_doctoral,0,0,0,0,0,0,0,0,NA,NA,NA,NA,NA,NA,NA,NA,NA,NA,NA,NA,NA,NA
TOURO UNIVERSITY,Touro University,NY,17,0,0,0,0,0,0,0,0,0,0,0,NA,NA,NA,NA,NA,NA,other_doctoral,0,0,0,0,0,0,0,0,NA,NA,NA,NA,NA,NA,NA,NA,NA,NA,NA,NA,NA,NA
TOWSON UNIVERSITY,Towson University,MD,18,59,33,0,0,3,23,0,40,0,0,59,0.559322033898305,0,0.4406779661016949,0,0.6779661016949152,0,other_doctoral,0,0,0,3,0,1,0,1191404,0,5.084745762711864,1.2271994014378615,-0.6353416028367536,0.2894859734109213,240,20.86092715231788,NA,NA,NA,NA,NA,NA,NA
TOYOTA TECHNOLOGICAL INSTITUTE CHICAGO,Toyota Technological Institute at Chicago,IL,28,39,14,2,0,3,20,7,20,5,3,39,0.358974358974359,0.05128205128205128,0.5897435897435898,0.1794871794871795,0.5128205128205128,12.820512820512821,other,0,0,0,0,0,0,0,0,0,0,NA,NA,NA,NA,NA,NA,NA,NA,NA,NA,NA,NA
TRINITY COLLEGE HARTFORD,"Trinity College, Hartford",CT,21,0,0,0,0,0,0,0,0,2,0,0,NA,NA,NA,NA,NA,NA,other_doctoral,0,0,0,0,0,0,0,0,NA,NA,NA,NA,NA,NA,NA,NA,NA,NA,NA,NA,NA,NA
TROY UNIVERSITY,Troy University,AL,18,0,0,0,0,0,0,0,0,0,0,0,NA,NA,NA,NA,NA,NA,other_doctoral,0,0,0,0,0,0,0,0,NA,NA,NA,NA,NA,NA,NA,NA,NA,NA,NA,NA,NA,NA
TUFTS UNIVERSITY,Tufts University,MA,15,813,396,63,23,223,108,182,540,170,96,813,0.4870848708487085,0.1057810578105781,0.4071340713407134,0.22386223862238622,0.6642066420664207,20.91020910209102,temple_carnegie_code,0,0,0,0,0,0,0,0,0,0,5.29659600350475,-0.7349612346649589,0.08625752074108475,289,4.635761589403973,0.4450534683957974,-0.11867528896510586,65.24822695035462,45.39007092198582,-0.5637287573609032,86,39.71631205673759
TULANE UNIVERSITY,Tulane University,LA,15,783,282,136,0,258,107,116,521,135,71,783,0.36015325670498083,0.17369093231162197,0.4661558109833972,0.14814814814814814,0.665389527458493,17.24137931034483,temple_carnegie_code,0,0,0,0,0,0,0,0,0,0,5.285792565986538,-0.7348846484835408,0.08641858384958272,288,4.966887417218543,-0.3925825523996586,0.19260144798394374,32.62411347517731,56.02836879432624,0.5851840003836024,49,65.95744680851064
TUSKEGEE UNIVERSITY,Tuskegee University,AL,19,66,0,46,0,0,20,23,23,13,10,66,0,0.696969696969697,0.30303030303030304,0.3484848484848485,0.3484848484848485,19.696969696969695,other_doctoral,0,0,0,0,0,0,0,0,0,0,0.6150228044515863,-0.5514493293721302,0.448421321971007,205,32.450331125827816,NA,NA,NA,NA,NA,NA,NA
UNIFORMED SERVICES UNIVERSITY OF,Uniformed Services University of the Health Sciences,MD,-2,168,37,5,0,0,126,124,0,40,38,168,0.22023809523809523,0.02976190476190476,0.75,0.7380952380952381,0,23.80952380952381,other,0,0,0,0,0,0,0,0,0,0,1.5685322806993676,-0.6593784639965137,0.24171728170031304,253,16.55629139072848,NA,NA,NA,NA,NA,NA,NA
UNION UNIVERSITY,Union University,TN,17,0,0,0,0,0,0,0,0,0,0,0,NA,NA,NA,NA,NA,NA,other_doctoral,0,0,0,0,0,0,0,0,NA,NA,NA,NA,NA,NA,NA,NA,NA,NA,NA,NA,NA,NA
UNIVERSIDAD CENTRAL DEL CARIBE,Universidad Central del Caribe,PR,25,13,3,0,5,1,4,6,6,1,1,13,0.23076923076923078,0.38461538461538464,0.38461538461538464,0.46153846153846156,0.46153846153846156,7.6923076923076925,other,0,0,0,0,0,0,0,0,0,0,NA,NA,NA,NA,NA,NA,NA,NA,NA,NA,NA,NA
UNIVERSITY ALBANY,University at Albany,NY,15,451,103,0,0,149,199,58,340,75,37,451,0.22838137472283815,0,0.7716186252771619,0.1286031042128603,0.753880266075388,16.62971175166297,temple_carnegie_code,0,0,0,0,0,0,0,0,0,0,2.0236447144700263,-0.6809447156837375,0.19812614554382774,263,13.245033112582782,-1.2621600459251732,1.803592053619589,10.638297872340425,94.32624113475178,3.0657520995447625,10,93.61702127659575
UNIVERSITY OF AKRON,"University of Akron, The",OH,16,249,117,0,0,117,15,52,156,8,6,249,0.46987951807228917,0,0.5301204819277109,0.20883534136546184,0.6265060240963856,3.21285140562249,other_doctoral,0,0,0,0,0,0,0,0,0,0,0.694611667656528,-0.567766934317067,0.4185460543683212,213,29.80132450331126,NA,NA,NA,NA,NA,NA,NA
UNIVERSITY OF ALABAMA BIRMINGHAM,"University of Alabama at Birmingham, The",AL,15,876,312,234,136,129,65,240,556,296,160,876,0.3561643835616438,0.4223744292237443,0.22146118721461186,0.273972602739726,0.634703196347032,33.789954337899545,temple_carnegie_code,128,113,15,76,72,23,5150256,23029511,14.61187214611872,8.67579908675799,193.75818419313885,-0.26280829709408815,0.6614907914110864,113,62.913907284768214,-0.4189055756258451,-1.0979017546807106,29.078014184397162,12.76595744680851,-0.6789961790548655,91,36.17021276595745
UNIVERSITY OF ALABAMA IN HUNTSVILLE,"University of Alabama in Huntsville, The",AL,15,199,96,0,0,77,26,51,113,17,9,199,0.4824120603015075,0,0.5175879396984925,0.2562814070351759,0.5678391959798995,8.542713567839195,temple_carnegie_code,0,0,0,0,0,0,0,0,0,0,1.5692973550762626,-0.6594230217465742,0.2416279123797425,254,16.225165562913908,0.41421706519480744,0.4638510807074158,63.12056737588653,73.04964539007092,0.049634015512608376,66,53.90070921985816
UNIVERSITY OF ALABAMA TUSCALOOSA,"University of Alabama, The, Tuscaloosa",AL,15,843,328,80,1,387,47,262,538,66,50,843,0.38908659549228947,0.09608540925266904,0.5148279952550415,0.3107947805456702,0.638196915776987,7.829181494661921,temple_carnegie_code,0,0,0,0,0,0,0,0,0,0,4.748966342720915,-0.730677286260986,0.09525685008313736,286,5.629139072847682,-0.20164819035266313,0.4492953169207317,42.5531914893617,71.63120567375887,0.6509435072733949,44,69.50354609929079
UNIVERSITY OF ALASKA ANCHORAGE,University of Alaska Anchorage,AK,18,19,0,0,0,4,15,0,4,4,1,19,0,0,1,0,0.21052631578947367,21.05263157894737,other_doctoral,0,0,0,0,0,0,0,0,0,0,NA,NA,NA,NA,NA,NA,NA,NA,NA,NA,NA,NA
UNIVERSITY OF ALASKA FAIRBANKS,University of Alaska Fairbanks,AK,16,104,69,0,0,15,20,21,58,39,22,104,0.6634615384615384,0,0.33653846153846156,0.20192307692307693,0.5576923076923077,37.5,other_doctoral,0,0,0,0,0,0,0,0,0,0,0.6789153659234257,-0.5647452981827024,0.42411865554772704,211,30.4635761589404,NA,NA,NA,NA,NA,NA,NA
UNIVERSITY OF ALASKA SOUTHEAST,University of Alaska Southeast,AK,19,0,0,0,0,0,0,0,0,2,2,0,NA,NA,NA,NA,NA,NA,other_doctoral,0,0,0,0,0,0,0,0,NA,NA,NA,NA,NA,NA,NA,NA,NA,NA,NA,NA,NA,NA
UNIVERSITY OF ARIZONA,"University of Arizona, The",AZ,15,1917,947,17,50,536,367,599,1082,431,259,1917,0.49400104329681793,0.03495044340114763,0.47104851330203446,0.3124673969744392,0.5644235785080856,22.4830464267084,temple_carnegie_code,49,39,10,37,27,11,2120916,10899279,2.556077203964528,1.9300991131977048,109.99326973688135,-0.42889791450699394,0.44799108685872735,141,53.64238410596026,0.49069406949939437,0.21840523522960212,69.50354609929079,60.99290780141844,-0.2722888342697922,77,46.09929078014184
UNIVERSITY OF ARKANSAS FAYETTEVILLE,"University of Arkansas, Fayetteville",AR,15,623,280,41,7,242,53,137,408,66,38,623,0.449438202247191,0.07704654895666131,0.47351524879614765,0.21990369181380418,0.6548956661316212,10.593900481540931,temple_carnegie_code,0,0,0,0,0,0,0,0,0,0,4.112036492153738,-0.724397350497642,0.10841197827697781,283,6.622516556291391,0.1966188613334983,0.23141463448100383,57.446808510638306,61.702127659574465,0.03479577314750554,67,53.191489361702125
UNIVERSITY OF ARKANSAS FOR MEDICAL SCIENCES,University of Arkansas for Medical Sciences,AR,27,121,0,0,0,0,121,0,100,54,14,121,0,0,1,0,0.8264462809917356,44.62809917355372,other,0,0,0,0,0,0,0,0,0,0,0.8853368547048888,-0.5984710609463291,0.36092304792289126,225,25.82781456953642,NA,NA,NA,NA,NA,NA,NA
UNIVERSITY OF ARKANSAS LITTLE ROCK,University of Arkansas at Little Rock,AR,16,133,0,0,0,3,130,21,54,0,0,133,0,0,1,0.15789473684210525,0.40601503759398494,0,other_doctoral,0,0,0,0,0,0,0,0,0,0,0.35910368153470185,-0.47419539569081715,0.5820019291580739,158,48.01324503311258,NA,NA,NA,NA,NA,NA,NA
UNIVERSITY OF ARKANSAS PINE BLUFF,University of Arkansas Pine Bluff,AR,22,0,0,0,0,0,0,0,0,2,2,0,NA,NA,NA,NA,NA,NA,other,0,0,0,0,0,0,0,0,NA,NA,NA,NA,NA,NA,NA,NA,NA,NA,NA,NA,NA,NA
UNIVERSITY OF BALTIMORE,University of Baltimore,MD,18,0,0,0,0,0,0,0,0,0,0,0,NA,NA,NA,NA,NA,NA,other_doctoral,0,0,0,0,0,0,0,0,NA,NA,NA,NA,NA,NA,NA,NA,NA,NA,NA,NA,NA,NA
UNIVERSITY OF BRIDGEPORT,University of Bridgeport,CT,17,23,0,0,0,0,23,8,3,0,0,23,0,0,1,0.34782608695652173,0.13043478260869565,0,other_doctoral,0,0,0,0,0,0,0,0,0,0,NA,NA,NA,NA,NA,NA,NA,NA,NA,NA,NA,NA
UNIVERSITY OF CALIFORNIA BERKELEY,"University of California, Berkeley",CA,15,4062,1511,1311,78,946,216,660,2778,1413,618,4062,0.3719842442146726,0.3419497784342688,0.2860659773510586,0.16248153618906944,0.6838995568685377,34.78581979320532,temple_carnegie_code,217,94,123,48,119,15,10988608,21384989,5.34219596258001,1.1816838995568686,283.25551857108474,-0.18121971107347656,0.7665049162577369,101,66.88741721854305,-0.3145085330424515,-0.7571803800364432,35.46099290780142,20.56737588652482,-0.44267184699399165,83,41.843971631205676
UNIVERSITY OF CALIFORNIA DAVIS,"University of California, Davis",CA,15,3091,1066,557,104,1228,136,773,2144,679,356,3091,0.34487220964089293,0.2138466515690715,0.4412811387900356,0.25008087997411843,0.6936266580394694,21.96700097055969,temple_carnegie_code,143,108,35,59,80,17,6251406,16915636,4.6263345195729535,1.9087673891944354,245.54307384327223,-0.32349661265338,0.5832312113423218,125,58.94039735099338,-0.4934239034113694,0.06141407804360947,27.659574468085108,51.77304964539007,0.5548379814549789,51,64.53900709219859
UNIVERSITY OF CALIFORNIA IRVINE,"University of California, Irvine",CA,15,2112,919,584,86,501,22,619,1191,389,231,2112,0.43513257575757575,0.3172348484848485,0.24763257575757575,0.2930871212121212,0.5639204545454546,18.418560606060606,temple_carnegie_code,124,104,20,56,69,16,5501236,12395365,5.871212121212121,2.6515151515151514,207.96181902589737,-0.31267521095705386,0.597231668522154,123,59.60264900662252,0.10221442057550985,-0.9598755887899978,54.60992907801418,15.602836879432624,-1.0620900093655077,103,27.659574468085108
UNIVERSITY OF CALIFORNIA LOS ANGELES,"University of California, Los Angeles",CA,15,3727,1097,32,930,1208,460,865,2218,1041,508,3727,0.2943386101422055,0.25811644754494234,0.44754494231285213,0.23209015293801985,0.5951167158572579,27.931312047222967,temple_carnegie_code,238,148,90,96,139,27,10938054,35032880,6.385833109739737,2.5757982291387176,408.23866055028145,-0.32318168491444227,0.5835024259239618,124,59.27152317880795,-0.8269008191986523,0.09444896202493887,19.858156028368796,53.90070921985816,0.9213497812235912,34,76.59574468085107
UNIVERSITY OF CALIFORNIA MERCED,"University of California, Merced",CA,16,633,228,46,0,330,29,44,556,66,29,633,0.36018957345971564,0.07266982622432859,0.5671406003159558,0.06951026856240126,0.8783570300157978,10.42654028436019,other_doctoral,8,7,1,4,5,1,278257,2065656,1.263823064770932,0.631911532385466,5.828234251199102,0.27515026434229184,1.343186687248403,66,78.47682119205298,NA,NA,NA,NA,NA,NA,NA
UNIVERSITY OF CALIFORNIA RIVERSIDE,"University of California, Riverside",CA,15,1625,415,445,0,708,57,283,1280,229,140,1625,0.2553846153846154,0.27384615384615385,0.4707692307692308,0.17415384615384616,0.7876923076923077,14.092307692307692,temple_carnegie_code,28,27,1,5,14,1,994901,1899570,1.7230769230769232,0.3076923076923077,29.708848076352663,-0.044165930932343826,0.9434321999953934,87,71.52317880794702,-1.0839626188373774,0.21693231769066998,13.47517730496454,60.28368794326241,1.3008949365280473,26,82.26950354609929
UNIVERSITY OF CALIFORNIA SAN DIEGO,"University of California, San Diego",CA,15,3265,2137,697,119,175,137,801,2339,1236,735,3265,0.6545176110260337,0.24992343032159264,0.09555895865237365,0.2453292496171516,0.716385911179173,37.85604900459418,temple_carnegie_code,273,171,102,110,141,29,12734393,42183404,8.361408882082696,3.3690658499234303,490.65038728781934,-0.34382990243604905,0.5568559184291676,131,56.95364238410596,1.5499609824073057,-1.7619017505928085,95.74468085106383,4.25531914893617,-3.3118627330001145,140,1.4184397163120568
UNIVERSITY OF CALIFORNIA SAN FRANCISCO,"University of California, San Francisco",CA,27,970,248,171,118,0,433,453,264,1175,833,970,0.2556701030927835,0.2979381443298969,0.4463917525773196,0.4670103092783505,0.2721649484536082,121.1340206185567,other,492,258,234,142,264,36,24619115,63996840,50.72164948453608,14.639175257731958,431.6607504496396,0.10833713754132845,1.1396222342903208,75,75.49668874172185,NA,NA,NA,NA,NA,NA,NA
UNIVERSITY OF CALIFORNIA SANTA BARBARA,"University of California, Santa Barbara",CA,15,1648,588,324,20,554,162,343,1068,299,150,1648,0.3567961165048544,0.2087378640776699,0.4344660194174757,0.20813106796116504,0.6480582524271845,18.143203883495147,temple_carnegie_code,20,15,5,4,9,1,905917,1218770,1.2135922330097086,0.24271844660194175,26.624124796110912,-0.19082013607907855,0.7557847544979336,103,66.22516556291392,-0.41473669876781416,0.02547159086767167,29.78723404255319,48.93617021276596,0.4402082896354858,56,60.99290780141844
UNIVERSITY OF CALIFORNIA SANTA CRUZ,"University of California, Santa Cruz",CA,15,1196,386,223,19,543,25,289,870,176,86,1196,0.32274247491638797,0.20234113712374582,0.47491638795986624,0.24163879598662208,0.7274247491638796,14.715719063545151,temple_carnegie_code,17,17,0,16,9,5,590273,5464087,1.4214046822742474,1.3377926421404682,55.66624226317861,-0.5358319622246633,0.31157505460308543,190,37.41721854304636,-0.6394605158104196,0.23880414942133318,24.113475177304963,62.4113475177305,0.8782646652317528,36,75.177304964539
UNIVERSITY OF CENTRAL ARKANSAS,University of Central Arkansas,AR,17,31,0,0,31,0,0,0,31,0,0,31,0,1,0,0,1,0,other_doctoral,0,0,0,0,0,0,0,0,0,0,NA,NA,NA,NA,NA,NA,NA,NA,NA,NA,NA,NA
UNIVERSITY OF CENTRAL FLORIDA,University of Central Florida,FL,15,1300,114,150,0,11,1025,5,1185,309,67,1300,0.0876923076923077,0.11538461538461539,0.796923076923077,0.0038461538461538464,0.9115384615384615,23.76923076923077,temple_carnegie_code,7,5,2,0,4,0,267412,0,0.5384615384615384,0,5.757031911446458,0.15933243527377203,1.198651390330883,68,77.81456953642383,-2.190583048120975,1.937046051863469,0.7092198581560284,95.74468085106383,4.127629099984444,4,97.87234042553192
UNIVERSITY OF CENTRAL MISSOURI,University of Central Missouri,MO,18,0,0,0,0,0,0,0,0,0,0,0,NA,NA,NA,NA,NA,NA,other_doctoral,0,0,0,0,0,0,0,0,NA,NA,NA,NA,NA,NA,NA,NA,NA,NA,NA,NA,NA,NA
UNIVERSITY OF CENTRAL OKLAHOMA,University of Central Oklahoma,OK,18,0,0,0,0,0,0,0,0,0,0,0,NA,NA,NA,NA,NA,NA,other_doctoral,0,0,0,0,0,0,0,0,NA,NA,NA,NA,NA,NA,NA,NA,NA,NA,NA,NA,NA,NA
UNIVERSITY OF CHICAGO,"University of Chicago, The",IL,15,2519,968,1045,38,457,11,356,2020,696,298,2519,0.38427947598253276,0.42993251290194523,0.18578801111552204,0.14132592298531163,0.8019055180627233,27.63001190948789,temple_carnegie_code,148,83,65,45,79,12,7649272,18563777,5.875347360063517,1.7864231838030964,211.57852184054224,-0.2327259295797703,0.7002123492338101,109,64.23841059602648,-0.2333709135276901,-1.2860397174035691,39.00709219858156,11.347517730496454,-1.0526688038758791,101,29.078014184397162
UNIVERSITY OF CINCINNATI,University of Cincinnati,OH,15,1156,666,59,30,326,75,200,873,234,122,1156,0.5761245674740484,0.07698961937716263,0.3468858131487889,0.17301038062283736,0.7551903114186851,20.242214532871973,temple_carnegie_code,46,43,3,15,25,5,1893203,6921371,3.9792387543252596,1.2975778546712802,50.054403990514196,-0.06244722990455953,0.9198011712040963,91,70.19867549668875,1.0326364568988222,-0.4364206033252322,84.39716312056737,31.20567375886525,-1.4690570602240545,118,17.02127659574468
UNIVERSITY OF COLORADO,University of Colorado,CO,15,3474,1398,386,175,597,918,964,819,723,229,3474,0.40241796200345425,0.1614853195164076,0.43609671848013815,0.27748992515831894,0.23575129533678757,20.811744386873922,temple_carnegie_code,415,270,145,115,220,27,17980292,33637045,11.94588370754174,3.3103051237766263,415.0579586854446,-1.0822253624339848e-4,0.9998605280340968,82,73.17880794701986,-0.11367300094450349,0.03407178947659831,46.808510638297875,49.645390070921984,0.14774479042110178,63,56.02836879432624
UNIVERSITY OF CONNECTICUT,University of Connecticut,CT,15,1981,1050,186,11,659,75,838,1044,242,176,1981,0.5300353356890459,0.099444724886421,0.37051993942453304,0.4230186774356386,0.5270065623422514,12.21605249873801,temple_carnegie_code,0,0,0,0,0,0,0,0,0,0,7.67428356998039,-0.7468552197554527,0.06116744002327283,298,1.6556291390728477,0.7284884243196853,-0.3117757902056421,75.177304964539,37.5886524822695,-1.0402642145253274,100,29.78723404255319
UNIVERSITY OF DALLAS,University of Dallas,TX,18,10,0,0,0,2,8,0,5,1,0,10,0,0,1,0,0.5,10,other_doctoral,0,0,0,0,0,0,0,0,0,0,NA,NA,NA,NA,NA,NA,NA,NA,NA,NA,NA,NA
UNIVERSITY OF DAYTON,University of Dayton,OH,16,115,39,0,0,27,49,19,42,12,8,115,0.3391304347826087,0,0.6608695652173913,0.16521739130434782,0.3652173913043478,10.434782608695652,other_doctoral,0,0,0,0,0,0,0,0,0,0,0.5450727750326826,-0.5347446214092774,0.478435580703328,189,37.74834437086093,NA,NA,NA,NA,NA,NA,NA
UNIVERSITY OF DELAWARE,University of Delaware,DE,15,1633,884,126,0,446,177,459,907,162,84,1633,0.541334966319657,0.0771586037966932,0.38150642988364974,0.2810777709736681,0.5554194733619106,9.920391916717698,temple_carnegie_code,46,41,5,11,23,2,1752836,3292899,2.816901408450704,0.67360685854255975,44.01059165475627,0.034821010613481536,1.0446951674036251,80,73.84105960264901,0.8030559597735882,-0.25383376881929637,77.30496453900709,41.843971631205676,-1.0568897285928847,102,28.368794326241137
UNIVERSITY OF DENVER,University of Denver,CO,15,212,45,0,0,61,106,14,90,10,0,212,0.21226415094339623,0,0.7877358490566038,0.0660377358490566,0.42452830188679247,4.716981132075472,temple_carnegie_code,0,0,0,0,0,0,0,0,0,0,1.4368101278248278,-0.6511568330577132,0.25815643609915173,249,17.880794701986755,-1.3685194212782261,1.8885932219537418,9.219858156028367,95.0354609929078,3.257112643231968,9,94.32624113475178
UNIVERSITY OF DETROIT MERCY,University of Detroit Mercy,MI,17,8,0,0,0,0,8,0,0,0,0,8,0,0,1,0,0,0,other_doctoral,0,0,0,0,0,0,0,0,0,0,NA,NA,NA,NA,NA,NA,NA,NA,NA,NA,NA,NA
UNIVERSITY OF FLORIDA,University of Florida,FL,15,3145,1535,532,0,862,216,1172,1694,790,370,3145,0.48807631160572335,0.16915739268680446,0.3427662957074722,0.3726550079491256,0.5386327503974563,25.119236883942765,temple_carnegie_code,140,108,32,79,86,17,5550231,21337313,4.451510333863275,2.5119236883942766,315.34219506868635,-0.43083694221920826,0.4448423997605684,143,52.980132450331126,0.45159609763881636,-0.4581466648527446,66.66666666666666,30.49645390070922,-0.9097427624915609,94,34.04255319148936
UNIVERSITY OF GEORGIA,University of Georgia,GA,15,2148,1336,10,13,564,225,567,1382,305,159,2148,0.6219739292364991,0.010707635009310988,0.36731843575418993,0.2639664804469274,0.6433891992551211,14.19925512104283,temple_carnegie_code,18,12,6,14,12,4,896697,4137866,0.8379888268156425,0.6517690875232774,46.77900273304077,-0.4741030670212601,0.39129420949209953,157,48.34437086092716,1.3352015601773761,-0.3286603080437797,92.90780141843972,36.17021276595745,-1.663861868221156,124,12.76595744680851
UNIVERSITY OF GUAM,University of Guam,GU,19,0,0,0,0,0,0,0,0,4,4,0,NA,NA,NA,NA,NA,NA,other_doctoral,0,0,0,0,0,0,0,0,NA,NA,NA,NA,NA,NA,NA,NA,NA,NA,NA,NA,NA,NA
UNIVERSITY OF HARTFORD,University of Hartford,CT,17,0,0,0,0,0,0,0,0,0,0,0,NA,NA,NA,NA,NA,NA,other_doctoral,0,0,0,0,0,0,0,0,NA,NA,NA,NA,NA,NA,NA,NA,NA,NA,NA,NA,NA,NA
UNIVERSITY OF HAWAII HILO,University of Hawaii at Hilo,HI,17,0,0,0,0,0,0,0,0,0,0,0,NA,NA,NA,NA,NA,NA,other_doctoral,0,0,0,0,0,0,0,0,NA,NA,NA,NA,NA,NA,NA,NA,NA,NA,NA,NA,NA,NA
UNIVERSITY OF HAWAII MANOA,University of Hawaii at Manoa,HI,15,833,491,0,0,237,105,338,357,173,127,833,0.5894357743097239,0,0.4105642256902761,0.4057623049219688,0.42857142857142855,20.76830732292917,temple_carnegie_code,10,4,6,10,5,3,525452,3983073,1.2004801920768307,1.2004801920768307,17.49150195499336,-0.3266045815955899,0.5836088630213461,126,58.609271523178805,1.1204786103374067,-0.10058488262284161,86.52482269503547,46.09929078014184,-1.2210634929602484,107,24.822695035460992
UNIVERSITY OF HOUSTON,University of Houston,TX,15,1499,802,284,0,332,81,329,901,212,59,1499,0.5350233488992662,0.1894596397598399,0.2755170113408939,0.21947965310206805,0.6010673782521682,14.142761841227484,temple_carnegie_code,56,55,1,0,24,0,1882486,0,3.735823882588392,0,7.473816639345438,4.844480237241404,7.085690900040313,4,99.00662251655629,0.7614048854020524,-0.8128149265223588,76.59574468085107,17.73049645390071,-1.574219811924411,121,14.893617021276595
UNIVERSITY OF HOUSTON CLEAR LAKE,University of Houston-Clear Lake,TX,17,0,0,0,0,0,0,0,0,0,0,0,NA,NA,NA,NA,NA,NA,other_doctoral,0,0,0,0,0,0,0,0,NA,NA,NA,NA,NA,NA,NA,NA,NA,NA,NA,NA,NA,NA
UNIVERSITY OF HOUSTON VICTORIA,University of Houston-Victoria,TX,18,0,0,0,0,0,0,0,0,0,0,0,NA,NA,NA,NA,NA,NA,other_doctoral,0,0,0,0,0,0,0,0,NA,NA,NA,NA,NA,NA,NA,NA,NA,NA,NA,NA,NA,NA
UNIVERSITY OF IDAHO,University of Idaho,ID,16,354,140,0,2,102,110,83,161,100,44,354,0.3954802259887006,0.005649717514124294,0.5988700564971752,0.2344632768361582,0.4548022598870056,28.24858757062147,other_doctoral,3,3,0,0,1,0,98093,0,0.847457627118644,0,1.0718612166793657,1.1165930251363403,2.2266596839852837,26,91.72185430463577,NA,NA,NA,NA,NA,NA,NA
UNIVERSITY OF ILLINOIS CHICAGO,University of Illinois at Chicago,IL,15,1720,665,108,3,628,316,411,1135,314,230,1720,0.3866279069767442,0.06453488372093023,0.5488372093023256,0.23895348837209301,0.6598837209302325,18.25581395348837,temple_carnegie_code,75,59,16,45,45,11,3534868,13685416,4.3604651162790695,2.616279069767442,125.00709083004115,-0.3095116258424667,0.6015596369948562,120,60.59602649006622,-0.21787335284216564,0.6286576542379547,41.843971631205676,76.59574468085107,0.8465310070801204,38,73.75886524822694
UNIVERSITY OF ILLINOIS SPRINGFIELD,University of Illinois at Springfield,IL,18,0,0,0,0,0,0,0,0,0,0,0,NA,NA,NA,NA,NA,NA,other_doctoral,0,0,0,0,0,0,0,0,NA,NA,NA,NA,NA,NA,NA,NA,NA,NA,NA,NA,NA,NA
UNIVERSITY OF ILLINOIS URBANA CHAMPAIGN,University of Illinois at Urbana-Champaign,IL,15,4837,1993,1074,1,1171,598,1195,3505,531,205,4837,0.4120322513954931,0.22224519330163325,0.3657225553028737,0.24705395906553648,0.724622700020674,10.977878850527187,temple_carnegie_code,29,22,7,17,17,4,1212035,5310944,0.5995451726276618,0.3514575149886293,115.9535811334205,-0.5800990509983919,0.25331981818748833,222,26.82119205298013,-0.05022722218047968,-0.33707687560776334,48.93617021276596,34.751773049645394,-0.28684965342728364,78,45.39007092198582
UNIVERSITY OF INCARNATE WORD,University of the Incarnate Word,TX,17,0,0,0,0,0,0,0,0,0,0,0,NA,NA,NA,NA,NA,NA,other_doctoral,0,0,0,0,0,0,0,0,NA,NA,NA,NA,NA,NA,NA,NA,NA,NA,NA,NA,NA,NA
UNIVERSITY OF INDIANAPOLIS,University of Indianapolis,IN,17,9,0,0,0,0,9,0,1,0,0,9,0,0,1,0,0.1111111111111111,0,other_doctoral,0,0,0,0,0,0,0,0,0,0,NA,NA,NA,NA,NA,NA,NA,NA,NA,NA,NA,NA
UNIVERSITY OF IOWA,University of Iowa,IA,15,1342,754,103,75,327,83,505,687,331,172,1342,0.5618479880774963,0.13263785394932937,0.3055141579731744,0.37630402384500744,0.5119225037257824,24.66467958271237,temple_carnegie_code,79,58,21,39,48,13,3216582,14555761,5.886736214605067,2.9061102831594634,120.23836102905013,-0.26533658510739017,0.6584485603616235,114,62.58278145695364,0.9384237011801614,-0.6546119664265209,82.97872340425532,23.404255319148938,-1.5930356676066824,122,14.184397163120568
UNIVERSITY OF KANSAS,University of Kansas,KS,15,1306,531,82,23,527,143,299,730,203,103,1306,0.40658499234303214,0.08039816232771822,0.5130168453292496,0.22894333843797857,0.55895865237366,15.54364471669219,temple_carnegie_code,40,24,16,16,23,4,1750085,3588676,3.0627871362940278,1.225114854517611,52.273666884916096,-0.18106283484899288,0.7674281964965336,100,67.21854304635761,-0.08617429831061411,0.4397434324381824,47.5177304964539,70.2127659574468,0.5259177307487966,52,63.829787234042556
UNIVERSITY OF KENTUCKY,University of Kentucky,KY,15,1210,544,76,24,410,156,343,705,223,117,1210,0.44958677685950416,0.08264462809917356,0.4677685950413223,0.2834710743801653,0.5826446280991735,18.429752066115704,temple_carnegie_code,50,44,6,30,33,9,1884593,8471133,4.132231404958677,2.479338842975207,82.33625077769092,-0.30348718335214836,0.6096364758893751,117,61.58940397350994,0.19759932193733418,0.20110716404710283,58.156028368794324,58.156028368794324,0.0035078421097686496,68,52.4822695035461
UNIVERSITY OF LOUISIANA LAFAYETTE,University of Louisiana at Lafayette,LA,15,324,85,0,0,0,239,54,27,46,29,324,0.2623456790123457,0,0.7376543209876543,0.16666666666666666,0.08333333333333333,14.197530864197532,temple_carnegie_code,0,0,0,0,0,0,0,0,0,0,1.8060137348873377,-0.671734088577358,0.21682438072053717,260,14.23841059602649,-1.038025775782395,1.6244665673837213,14.893617021276595,92.90780141843972,2.6624923431661163,12,92.19858156028369
UNIVERSITY OF LOUISIANA MONROE,University of Louisiana at Monroe,LA,17,21,3,0,0,17,1,0,20,0,0,21,0.14285714285714285,0,0.8571428571428571,0,0.9523809523809523,0,other_doctoral,0,0,0,0,0,0,0,0,0,0,NA,NA,NA,NA,NA,NA,NA,NA,NA,NA,NA,NA
UNIVERSITY OF LOUISVILLE,University of Louisville,KY,15,533,197,71,3,186,76,98,372,89,61,533,0.3696060037523452,0.13883677298311445,0.4915572232645403,0.18386491557223264,0.6979362101313321,16.69793621013133,temple_carnegie_code,59,49,10,6,26,3,2149245,1322651,11.069418386491558,1.125703564727955,18.65702889613023,1.6506588837017904,3.1059096022984622,21,93.37748344370861,-0.33020280976615995,0.3265668101816651,34.04255319148936,65.24822695035462,0.656769619947825,43,70.2127659574468
UNIVERSITY OF MAINE,University of Maine,ME,15,425,264,17,0,104,40,181,207,52,31,425,0.6211764705882353,0.04,0.3388235294117647,0.4258823529411765,0.48705882352941177,12.235294117647058,temple_carnegie_code,0,0,0,0,0,0,0,0,0,0,3.2613311240074694,-0.7126335553892055,0.13293166262567185,280,7.6158940397351,1.3299390407224183,-0.47894055257124485,91.48936170212765,29.78723404255319,-1.8088795932936632,129,9.219858156028367
UNIVERSITY OF MARY HARDIN BAYLOR,University of Mary Hardin Baylor,TX,17,0,0,0,0,0,0,0,0,0,0,0,NA,NA,NA,NA,NA,NA,other_doctoral,0,0,0,0,0,0,0,0,NA,NA,NA,NA,NA,NA,NA,NA,NA,NA,NA,NA,NA,NA
UNIVERSITY OF MARYLAND,"University of Maryland, The",MD,15,3534,1342,494,41,1136,521,880,2219,408,254,3534,0.37973967176004525,0.15138653084323714,0.4688737973967176,0.2490096208262592,0.6279003961516695,11.544991511035654,temple_carnegie_code,0,0,0,0,0,0,0,0,0,0,10.391415579179162,-0.7540550524072611,0.0459077147837272,300,0.9933774834437087,-0.26332959300850844,0.2069359279049383,37.5886524822695,58.86524822695035,0.47026552091344676,55,61.702127659574465
UNIVERSITY OF MARYLAND BALTIMORE COUNTY,"University of Maryland, Baltimore County",MD,15,622,277,25,0,208,112,172,302,56,46,622,0.4453376205787781,0.04019292604501608,0.5144694533762058,0.2765273311897106,0.4855305466237942,9.003215434083602,temple_carnegie_code,0,0,0,7,0,2,0,4101210,0,1.1254019292604502,18.002788231046193,-0.7629315993465764,0.027022954257296214,302,0.33112582781456956,0.169558660966182,0.44740439085214684,56.02836879432624,70.92198581560284,0.27784572988596484,61,57.446808510638306
UNIVERSITY OF MARYLAND EASTERN SHORE,University of Maryland Eastern Shore,MD,16,9,3,0,0,0,6,3,2,1,1,9,0.3333333333333333,0,0.6666666666666666,0.3333333333333333,0.2222222222222222,11.11111111111111,other_doctoral,0,0,0,0,0,0,0,0,0,0,NA,NA,NA,NA,NA,NA,NA,NA,NA,NA,NA,NA
UNIVERSITY OF MARYLAND GLOBAL,University of Maryland Global Campus,MD,18,0,0,0,0,0,0,0,0,0,0,0,NA,NA,NA,NA,NA,NA,other_doctoral,0,0,0,0,0,0,0,0,NA,NA,NA,NA,NA,NA,NA,NA,NA,NA,NA,NA,NA,NA
UNIVERSITY OF MASSACHUSETTS AMHERST,University of Massachusetts Amherst,MA,15,1809,798,178,28,781,24,424,1203,175,83,1809,0.44112769485903813,0.11387506909894969,0.44499723604201213,0.23438363736871198,0.6650082918739635,9.673852957435047,temple_carnegie_code,25,11,14,9,12,2,1230897,4657826,1.3819789939192924,0.4975124378109453,41.65319175070133,-0.30786349832014104,0.6049363984300368,119,60.9271523178808,0.14177688688636572,0.08101252827200711,55.319148936170215,52.4822695035461,-0.06076435861435861,70,51.06382978723404
UNIVERSITY OF MASSACHUSETTS BOSTON,University of Massachusetts Boston,MA,16,399,117,9,9,196,68,49,259,10,6,399,0.2932330827067669,0.045112781954887216,0.6616541353383458,0.12280701754385964,0.6491228070175439,2.506265664160401,other_doctoral,0,0,0,0,0,0,0,0,0,0,1.1902818579951722,-0.6321253351423459,0.295808653234346,239,21.192052980132452,NA,NA,NA,NA,NA,NA,NA
UNIVERSITY OF MASSACHUSETTS CHAN,University of Massachusetts Chan Medical School,MA,27,404,343,27,34,0,0,205,171,272,158,404,0.849009900990099,0.15099009900990099,0,0.5074257425742574,0.42326732673267325,67.32673267326733,other,0,0,0,0,0,0,0,0,0,0,4.59000223273951,-0.7292589866331116,0.09823178402239975,284,6.291390728476822,NA,NA,NA,NA,NA,NA,NA
UNIVERSITY OF MASSACHUSETTS DARTMOUTH,University of Massachusetts Dartmouth,MA,16,88,35,6,0,11,36,22,47,10,0,88,0.3977272727272727,0.06818181818181818,0.5340909090909091,0.25,0.5340909090909091,11.363636363636363,other_doctoral,0,0,0,0,0,0,0,0,0,0,0.6787498878973063,-0.5647129607531375,0.42417819516565713,210,30.79470198675497,NA,NA,NA,NA,NA,NA,NA
UNIVERSITY OF MASSACHUSETTS LOWELL,University of Massachusetts Lowell,MA,16,409,121,31,3,113,141,82,201,28,17,409,0.29584352078239606,0.08312958435207823,0.6210268948655256,0.20048899755501223,0.49144254278728605,6.845965770171149,other_doctoral,0,0,0,0,0,0,0,0,0,0,1.3538835675010614,-0.6453505192707651,0.26970410049751614,243,19.867549668874172,NA,NA,NA,NA,NA,NA,NA
UNIVERSITY OF MEMPHIS,"University of Memphis, The",TN,15,317,169,0,0,110,38,39,242,32,9,317,0.5331230283911672,0,0.4668769716088328,0.12302839116719243,0.7634069400630915,10.094637223974763,temple_carnegie_code,8,8,0,0,5,0,309564,0,2.5236593059936907,0,1.8739519887115743,2.205947610812668,3.5805273402404585,14,95.69536423841059,0.7488644562947883,0.19640480125107423,75.88652482269504,56.73758865248227,-0.552459655043714,85,40.42553191489361
UNIVERSITY OF MIAMI,University of Miami,FL,15,991,381,166,3,301,140,166,745,264,131,991,0.384460141271443,0.1705348133198789,0.4450050454086781,0.16750756811301715,0.751765893037336,26.63975782038345,temple_carnegie_code,70,58,12,44,38,13,3401601,12570898,7.063572149344097,4.439959636730575,114.855642553227,-0.3021015004740644,0.6111534593331239,115,62.251655629139066,-0.232178682933921,0.08105371435340916,39.71631205673759,53.191489361702125,0.31323239728733016,59,58.86524822695035
UNIVERSITY OF MICHIGAN,University of Michigan,MI,15,5222,1597,1072,482,1080,991,1607,3321,1333,710,5222,0.30582152432018384,0.2975871313672922,0.39659134431252396,0.30773649942550746,0.6359632324779778,25.526618153963998,temple_carnegie_code,529,394,135,129,279,38,22595575,41058503,10.130218307162007,2.470317885867484,605.7964541969377,-0.09827008483617727,0.8733351421316533,94,69.20529801324503,-0.7511237749684717,-0.17427693147423423,20.56737588652482,43.262411347517734,0.5768468434942375,50,65.24822695035462
UNIVERSITY OF MINNESOTA,University of Minnesota,MN,15,3263,1684,494,94,827,164,1027,1821,1687,263,3263,0.516089488201042,0.18020226785167023,0.3037082439472878,0.3147410358565737,0.5580753907447135,51.70088875268158,temple_carnegie_code,184,141,43,117,98,29,7464044,34821597,5.63898253141281,3.585657370517928,525.4896958866688,-0.5037178877847142,0.35076732765455715,174,42.71523178807947,0.6364582057230426,-0.6641362371205343,73.04964539007092,22.69503546099291,-1.3005944428435767,110,22.69503546099291
UNIVERSITY OF MISSISSIPPI,"University of Mississippi, The",MS,15,475,179,19,102,168,7,93,367,106,68,475,0.37684210526315787,0.25473684210526315,0.3684210526315789,0.1957894736842105,0.7726315789473684,22.31578947368421,temple_carnegie_code,30,30,0,6,15,2,1026659,2707680,6.315789473684211,1.263157894736842,20.073406314887126,0.3779115748706829,1.4824963612335742,57,81.45695364238411,-0.28245096073723447,-0.3228451798253226,36.87943262411347,36.87943262411347,-0.04039421908808816,69,51.77304964539007
UNIVERSITY OF MISSOURI KANSAS CITY,"University of Missouri, Kansas City",MO,16,216,74,0,0,51,91,39,130,13,7,216,0.3425925925925926,0,0.6574074074074074,0.18055555555555555,0.6018518518518519,6.018518518518518,other_doctoral,0,0,0,5,0,1,0,1891731,0,2.314814814814815,2.5552676207290697,-0.69777982921254,0.16365178507036526,270,10.927152317880795,NA,NA,NA,NA,NA,NA,NA
UNIVERSITY OF MISSOURI SAINT LOUIS,"University of Missouri, Saint Louis",MO,16,85,19,0,0,48,18,5,63,8,2,85,0.2235294117647059,0,0.7764705882352941,0.058823529411764705,0.7411764705882353,9.411764705882353,other_doctoral,0,0,0,0,0,0,0,0,0,0,0.46974981894950585,-0.5135795866587316,0.5155968995607872,180,40.728476821192054,NA,NA,NA,NA,NA,NA,NA
UNIVERSITY OF MONTANA,"University of Montana, The",MT,15,107,35,0,1,49,22,6,82,43,0,107,0.32710280373831774,0.009345794392523364,0.6635514018691588,0.056074766355140186,0.7663551401869159,40.18691588785047,temple_carnegie_code,9,5,4,0,7,0,386274,0,8.411214953271028,0,1.6860519364405824,2.888365219629317,4.345733896637553,10,97.01986754966887,-0.6106862147160892,1.2336526909841314,24.822695035460992,89.36170212765957,1.8443389057002206,16,89.36170212765957
UNIVERSITY OF MONTEVALLO,University of Montevallo,AL,19,0,0,0,0,0,0,0,0,0,0,0,NA,NA,NA,NA,NA,NA,other_doctoral,0,0,0,0,0,0,0,0,NA,NA,NA,NA,NA,NA,NA,NA,NA,NA,NA,NA,NA,NA
UNIVERSITY OF NEBRASKA,University of Nebraska Medical Center,NE,27,486,429,0,0,0,57,0,429,134,93,486,0.8827160493827161,0,0.11728395061728394,0,0.8827160493827161,27.57201646090535,other,26,17,9,12,15,5,1119200,1991427,5.349794238683128,2.4691358024691357,14.333982959079462,0.6183747376352956,1.786438616863861,45,85.43046357615894,NA,NA,NA,NA,NA,NA,NA
UNIVERSITY OF NEBRASKA KEARNEY,University of Nebraska at Kearney,NE,18,0,0,0,0,0,0,0,0,0,0,0,NA,NA,NA,NA,NA,NA,other_doctoral,0,0,0,0,0,0,0,0,NA,NA,NA,NA,NA,NA,NA,NA,NA,NA,NA,NA,NA,NA
UNIVERSITY OF NEBRASKA LINCOLN,University of Nebraska-Lincoln,NE,15,1116,666,0,0,379,71,269,636,149,72,1116,0.5967741935483871,0,0.4032258064516129,0.2410394265232975,0.5698924731182796,13.35125448028674,temple_carnegie_code,26,23,3,6,12,2,1019189,1395521,2.3297491039426523,0.5376344086021505,13.027103175658773,0.7551088437302387,1.9590299309378516,39,87.41721854304636,1.168905665578683,-0.13928721855540127,87.94326241134752,44.680851063829785,-1.3081928841340842,111,21.98581560283688
UNIVERSITY OF NEBRASKA OMAHA,University of Nebraska at Omaha,NE,16,60,50,2,0,5,3,1,56,6,0,60,0.8333333333333334,0.03333333333333333,0.13333333333333333,0.016666666666666666,0.9333333333333333,10,other_doctoral,1,1,0,0,1,0,14969,0,1.6666666666666667,0,0.5630510076574254,0.41850210217213546,1.4110329506252477,55,82.11920529801324,NA,NA,NA,NA,NA,NA,NA
UNIVERSITY OF NEVADA LAS VEGAS,"University of Nevada, Las Vegas",NV,15,601,245,7,0,264,85,58,453,53,32,601,0.40765391014975044,0.011647254575707155,0.5806988352745425,0.09650582362728785,0.7537437603993344,8.81863560732113,temple_carnegie_code,0,0,0,0,0,0,0,0,0,0,3.043922659826249,-0.7087033754273753,0.14108660035614715,274,9.602649006622517,-0.07912038928868136,0.7966937546064762,48.226950354609926,82.97872340425532,0.8758141438951575,37,74.46808510638297
UNIVERSITY OF NEVADA RENO,"University of Nevada, Reno",NV,15,710,346,32,0,297,35,251,414,58,39,710,0.48732394366197185,0.04507042253521127,0.4676056338028169,0.35352112676056335,0.5830985915492958,8.169014084507042,temple_carnegie_code,1,1,0,0,1,0,37265,0,0.14084507042253522,0,4.02123976676971,-0.5434721373427058,0.3317674083610268,199,34.437086092715234,0.446631136822479,0.20024771729276739,65.95744680851064,57.446808510638306,-0.24638341952971163,76,46.808510638297875
UNIVERSITY OF NEW ENGLAND,University of New England,ME,16,0,0,0,0,0,0,0,0,3,0,0,NA,NA,NA,NA,NA,NA,other_doctoral,0,0,0,0,0,0,0,0,NA,NA,NA,NA,NA,NA,NA,NA,NA,NA,NA,NA,NA,NA
UNIVERSITY OF NEW HAMPSHIRE,University of New Hampshire,NH,15,502,197,13,0,234,58,120,300,62,50,502,0.39243027888446214,0.025896414342629483,0.5816733067729084,0.23904382470119523,0.5976095617529881,12.350597609561753,temple_carnegie_code,0,0,0,0,0,0,0,0,0,0,3.17413194241829,-0.7111141604087922,0.13608656625186497,278,8.27814569536424,-0.17958284697612678,0.8018330526023935,44.680851063829785,83.68794326241135,0.9814158995785203,32,78.01418439716312
UNIVERSITY OF NEW HAVEN,University of New Haven,CT,18,12,0,0,0,0,12,0,3,0,0,12,0,0,1,0,0.25,0,other_doctoral,0,0,0,0,0,0,0,0,0,0,NA,NA,NA,NA,NA,NA,NA,NA,NA,NA,NA,NA
UNIVERSITY OF NEW MEXICO,"University of New Mexico, The",NM,15,899,309,0,0,465,125,0,844,104,0,899,0.3437152391546162,0,0.6562847608453838,0,0.9388209121245829,11.568409343715238,temple_carnegie_code,12,9,3,5,6,1,522419,1859010,1.3348164627363737,0.5561735261401557,10.052979041564425,0.1459080535662944,1.1844996517823974,70,77.15231788079471,-0.5010588819849914,1.1953289085921772,26.95035460992908,88.65248226950354,1.6963877905771687,20,86.52482269503547
UNIVERSITY OF NEW ORLEANS,"University of New Orleans, The",LA,16,73,25,0,0,31,17,6,51,2,2,73,0.3424657534246575,0,0.6575342465753424,0.0821917808219178,0.6986301369863014,2.73972602739726,other_doctoral,0,0,0,0,0,0,0,0,0,0,0.44504390073480404,-0.5057576540770984,0.5290759504518603,175,42.384105960264904,NA,NA,NA,NA,NA,NA,NA
UNIVERSITY OF NORTH ALABAMA,University of North Alabama,AL,18,6,0,0,0,5,1,0,5,0,0,6,0,0,1,0,0.8333333333333334,0,other_doctoral,0,0,0,0,0,0,0,0,0,0,NA,NA,NA,NA,NA,NA,NA,NA,NA,NA,NA,NA
UNIVERSITY OF NORTH CAROLINA CHAPEL HILL,"University of North Carolina at Chapel Hill, The",NC,15,2577,1254,285,176,632,230,1073,1233,706,519,2577,0.48661233993015135,0.17889018238261545,0.3344974776872332,0.4163756305781917,0.47846332945285214,27.396197128443927,temple_carnegie_code,403,302,101,133,226,35,16794815,44990747,15.638339154055103,5.161039968956151,434.0165725586727,-0.05538716620553122,0.92861820580046,89,70.86092715231787,0.4419351836328317,-0.5017558621984645,63.829787234042556,29.078014184397162,-0.9436910458312961,95,33.33333333333333
UNIVERSITY OF NORTH CAROLINA CHARLOTTE,"University of North Carolina at Charlotte, The",NC,16,460,272,1,0,161,26,42,387,42,13,460,0.591304347826087,0.002173913043478261,0.40652173913043477,0.09130434782608696,0.841304347826087,9.130434782608695,other_doctoral,4,4,0,0,2,0,111746,0,0.8695652173913043,0,1.0083048643405237,1.8211908932361907,2.983481726002081,17,94.70198675496688,NA,NA,NA,NA,NA,NA,NA
UNIVERSITY OF NORTH CAROLINA GREENSBORO,"University of North Carolina at Greensboro, The",NC,16,157,38,0,0,47,72,19,71,21,14,157,0.24203821656050956,0,0.7579617834394905,0.12101910828025478,0.45222929936305734,13.375796178343949,other_doctoral,9,9,0,5,4,1,259259,706551,5.732484076433121,3.1847133757961785,2.331782887876854,1.9774711554054532,3.354776964247666,16,95.03311258278146,NA,NA,NA,NA,NA,NA,NA
UNIVERSITY OF NORTH CAROLINA WILMINGTON,"University of North Carolina at Wilmington, The",NC,16,45,14,0,0,16,15,1,30,2,0,45,0.3111111111111111,0,0.6888888888888889,0.022222222222222223,0.6666666666666666,4.444444444444445,other_doctoral,0,0,0,0,0,0,0,0,0,0,NA,NA,NA,NA,NA,NA,NA,NA,NA,NA,NA,NA
UNIVERSITY OF NORTH DAKOTA,University of North Dakota,ND,16,391,142,0,0,68,181,18,288,24,0,391,0.3631713554987212,0,0.6368286445012787,0.04603580562659847,0.7365728900255755,6.138107416879795,other_doctoral,2,2,0,0,1,0,96668,0,0.5115089514066496,0,0.8034597076014514,0.8734414056290657,1.9179725966369536,37,88.0794701986755,NA,NA,NA,NA,NA,NA,NA
UNIVERSITY OF NORTH FLORIDA,University of North Florida,FL,16,0,0,0,0,0,0,0,0,2,0,0,NA,NA,NA,NA,NA,NA,other_doctoral,0,0,0,0,0,0,0,0,NA,NA,NA,NA,NA,NA,NA,NA,NA,NA,NA,NA,NA,NA
UNIVERSITY OF NORTH TEXAS DENTON,"University of North Texas, Denton",TX,15,645,78,19,0,177,371,51,235,62,43,645,0.12093023255813953,0.02945736434108527,0.8496124031007752,0.07906976744186046,0.3643410852713178,9.612403100775193,temple_carnegie_code,0,0,0,0,0,0,0,0,0,0,3.1675614868752757,-0.710996690721199,0.13633036604547694,277,8.609271523178808,-1.9712422376229033,2.2149260605505914,2.8368794326241136,99.29078014184397,4.186168298173495,3,98.581560283687935
UNIVERSITY OF NORTH TEXAS HEALTH SCIENCE CENTER,"University of North Texas, Health Science Center",TX,25,100,74,25,0,0,1,24,65,17,6,100,0.74,0.25,0.01,0.24,0.65,17,other,0,0,0,0,0,0,0,0,0,0,1.7648304036507596,-0.6697843983472298,0.22076708224776231,259,14.56953642384106,NA,NA,NA,NA,NA,NA,NA
UNIVERSITY OF NORTHERN COLORADO,University of Northern Colorado,CO,17,70,10,0,0,6,54,3,45,2,2,70,0.14285714285714285,0,0.8571428571428571,0.04285714285714286,0.6428571428571429,2.857142857142857,other_doctoral,0,0,0,0,0,0,0,0,0,0,0.40370914893252735,-0.4915025032417776,0.5532753547871085,168,44.70198675496689,NA,NA,NA,NA,NA,NA,NA
UNIVERSITY OF NORTHERN IOWA,University of Northern Iowa,IA,18,17,0,0,0,2,15,0,8,0,0,17,0,0,1,0,0.47058823529411764,0,other_doctoral,0,0,0,0,0,0,0,0,0,0,NA,NA,NA,NA,NA,NA,NA,NA,NA,NA,NA,NA
UNIVERSITY OF NOTRE DAME,University of Notre Dame,IN,15,1479,921,119,0,383,56,499,857,165,84,1479,0.6227180527383367,0.08045977011494253,0.29682217714672077,0.3373901284651792,0.579445571331981,11.156186612576064,temple_carnegie_code,18,13,5,5,10,2,900797,1539156,1.2170385395537526,0.3380662609871535,25.485605725335766,-0.22515873921549456,0.7119326059027611,107,64.90066225165563,1.3401121149927735,-0.7004528963222151,93.61702127659575,21.98581560283688,-2.0405650113149885,130,8.51063829787234
UNIVERSITY OF OKLAHOMA,"University of Oklahoma, The",OK,15,1120,665,24,5,381,45,277,692,242,132,1120,0.59375,0.025892857142857145,0.38035714285714284,0.24732142857142858,0.6178571428571429,21.607142857142858,temple_carnegie_code,5,3,2,0,3,0,237197,0,0.44642857142857145,0,5.174745408032813,-0.02478907820508787,0.9692064761556608,85,72.18543046357617,1.1489486716723587,-0.2598950323061867,87.2340425531915,40.42553191489361,-1.4088437039785453,114,19.858156028368796
UNIVERSITY OF OREGON,University of Oregon,OR,15,870,548,0,3,232,87,280,523,132,55,870,0.6298850574712643,0.0034482758620689655,0.36666666666666664,0.3218390804597701,0.6011494252873564,15.172413793103448,temple_carnegie_code,81,42,39,2,42,1,4215399,818652,9.310344827586206,0.22988505747126436,7.847007444771235,6.968064104738764,9.763978352631463,2,99.66887417218543,1.3874079866005669,-0.3320976949462455,94.32624113475178,35.46099290780142,-1.7195056815468124,126,11.347517730496454
UNIVERSITY OF PACIFIC,University of the Pacific,CA,17,24,0,0,0,0,24,11,7,1,1,24,0,0,1,0.4583333333333333,0.2916666666666667,4.166666666666667,other_doctoral,0,0,0,0,0,0,0,0,0,0,NA,NA,NA,NA,NA,NA,NA,NA,NA,NA,NA,NA
UNIVERSITY OF PENNSYLVANIA,University of Pennsylvania,PA,15,2984,462,1268,489,8,757,1228,1640,1288,695,2984,0.15482573726541554,0.5888069705093834,0.25636729222520105,0.41152815013404825,0.5495978552278821,43.16353887399464,temple_carnegie_code,623,467,156,165,322,41,28357040,63741549,20.878016085790886,5.529490616621984,646.9864285194923,-0.02874028168893263,0.9629545462839455,86,71.8543046357616,-1.74756198367366,-0.9138092739596019,4.964539007092199,16.312056737588655,0.8337527097140581,39,73.04964539007092
UNIVERSITY OF PITTSBURGH,University of Pittsburgh,PA,15,2395,1121,370,118,494,292,1077,1042,826,552,2395,0.4680584551148225,0.20375782881002089,0.32818371607515656,0.44968684759916494,0.4350730688935282,34.488517745302715,temple_carnegie_code,284,195,89,169,161,44,13684001,54998623,11.8580375782881,7.056367432150314,535.030005697843,-0.3636854265323967,0.5312494108136319,132,56.622516556291394,0.31949600760997443,-0.53505422182628,60.99290780141844,28.368794326241137,-0.8545502294362545,93,34.751773049645394
UNIVERSITY OF PORTLAND,University of Portland,OR,19,0,0,0,0,0,0,0,0,0,0,0,NA,NA,NA,NA,NA,NA,other_doctoral,0,0,0,0,0,0,0,0,NA,NA,NA,NA,NA,NA,NA,NA,NA,NA,NA,NA,NA,NA
UNIVERSITY OF PUERTO RICO MAYAGUEZ,University of Puerto Rico at Mayaguez,PR,19,142,67,0,0,33,42,49,45,3,1,142,0.47183098591549294,0,0.528169014084507,0.34507042253521125,0.31690140845070425,2.112676056338028,other_doctoral,0,0,0,0,0,0,0,0,0,0,0.5711990528684243,-0.5412781523863887,0.4667666561701256,196,35.430463576158935,NA,NA,NA,NA,NA,NA,NA
UNIVERSITY OF PUERTO RICO MEDICAL SCIENCES,"University of Puerto Rico, Medical Sciences Campus",PR,25,145,3,3,1,0,138,4,33,25,13,145,0.020689655172413793,0.027586206896551724,0.9517241379310345,0.027586206896551724,0.22758620689655173,17.24137931034483,other,0,0,0,0,0,0,0,0,0,0,1.1187262242372003,-0.6254461458035494,0.3088848456974973,236,22.185430463576157,NA,NA,NA,NA,NA,NA,NA
UNIVERSITY OF PUERTO RICO RIO PIEDRAS,University of Puerto Rico at Rio Piedras,PR,16,303,91,16,0,56,140,55,108,10,10,303,0.30033003300330036,0.052805280528052806,0.6468646864686468,0.18151815181518152,0.3564356435643564,3.3003300330033003,other_doctoral,1,1,0,1,1,1,34516,328527,0.33003300330033003,0.33003300330033003,1.8230614202298596,-0.3036241123846028,0.6456996732577047,118,61.258278145695364,NA,NA,NA,NA,NA,NA,NA
UNIVERSITY OF RHODE ISLAND,University of Rhode Island,RI,16,393,132,18,0,202,41,118,241,35,21,393,0.33587786259541985,0.04580152671755725,0.6183206106870229,0.30025445292620867,0.6132315521628499,8.9058524173028,other_doctoral,19,19,0,0,11,0,684650,0,4.8346055979643765,0,1.2545684059149842,9.019102335151558,11.113844256092715,1,100,NA,NA,NA,NA,NA,NA,NA
UNIVERSITY OF ROCHESTER,University of Rochester,NY,15,1426,556,580,65,135,90,359,996,163,106,1426,0.3899018232819074,0.4523141654978962,0.15778401122019636,0.2517531556802244,0.6984572230014026,11.430575035063114,temple_carnegie_code,97,82,15,38,51,11,4357352,10924584,6.802244039270687,2.664796633941094,127.89606017934926,-0.1869172794007733,0.7593690948445592,102,66.55629139072848,-0.19626841033218503,-1.4337309539159284,43.97163120567376,8.51063829787234,-1.2374625435837434,108,24.113475177304963
UNIVERSITY OF SAINT JOSEPH,University of Saint Joseph,CT,18,0,0,0,0,0,0,0,0,0,0,0,NA,NA,NA,NA,NA,NA,other_doctoral,0,0,0,0,0,0,0,0,NA,NA,NA,NA,NA,NA,NA,NA,NA,NA,NA,NA,NA,NA
UNIVERSITY OF SAN DIEGO,University of San Diego,CA,16,4,0,1,0,0,3,0,1,7,7,4,0,0.25,0.75,0,0.25,175,other_doctoral,0,0,0,0,0,0,0,0,0,0,NA,NA,NA,NA,NA,NA,NA,NA,NA,NA,NA,NA
UNIVERSITY OF SAN FRANCISCO,University of San Francisco,CA,17,0,0,0,0,0,0,0,0,0,0,0,NA,NA,NA,NA,NA,NA,other_doctoral,0,0,0,0,0,0,0,0,NA,NA,NA,NA,NA,NA,NA,NA,NA,NA,NA,NA,NA,NA
UNIVERSITY OF SOUTH ALABAMA,University of South Alabama,AL,16,147,84,0,43,1,19,23,92,18,11,147,0.5714285714285714,0.2925170068027211,0.1360544217687075,0.1564625850340136,0.6258503401360545,12.244897959183673,other_doctoral,3,2,1,0,3,0,85314,0,2.0408163265306123,0,1.1016800856968916,1.0748111082776972,2.1852054172710456,27,91.3907284768212,NA,NA,NA,NA,NA,NA,NA
UNIVERSITY OF SOUTH CAROLINA,University of South Carolina,SC,15,1072,522,20,10,385,135,321,666,114,64,1072,0.4869402985074627,0.027985074626865673,0.48507462686567165,0.2994402985074627,0.621268656716418,10.634328358208956,temple_carnegie_code,0,0,0,0,0,0,0,0,0,0,4.656562771179846,-0.7298636222087921,0.09696381527526671,285,5.960264900662252,0.4440994192295975,0.2923780270957428,64.53900709219859,63.829787234042556,-0.15172139213385472,71,50.35460992907801
UNIVERSITY OF SOUTH DAKOTA,"University of South Dakota, The",SD,16,125,70,0,8,34,13,49,65,13,10,125,0.56,0.064,0.376,0.392,0.52,10.4,other_doctoral,4,4,0,4,2,1,120675,787132,3.2,3.2,2.7705809474070957,0.31195151518772507,1.3759023465135707,63,79.47019867549669,NA,NA,NA,NA,NA,NA,NA
UNIVERSITY OF SOUTH FLORIDA TAMPA,"University of South Florida, Tampa",FL,15,1246,461,76,3,646,60,207,940,275,93,1246,0.36998394863563405,0.06340288924558588,0.5666131621187801,0.16613162118780098,0.7544141252006421,22.070626003210272,temple_carnegie_code,0,0,0,0,0,0,0,0,0,0,5.9214052830309605,-0.7389479171182747,0.07786457604868627,292,3.642384105960265,-0.32770870890520654,0.722406849405097,34.751773049645394,78.01418439716312,1.0501155583103037,29,80.1418439716312
UNIVERSITY OF SOUTHERN CALIFORNIA,University of Southern California,CA,15,2867,1402,625,22,733,85,860,1800,431,231,2867,0.48901290547610743,0.22567143355423788,0.2853156609696547,0.2999651203348448,0.6278339727938612,15.033135681897454,temple_carnegie_code,129,107,22,30,70,9,6043120,10130927,4.499476805022672,1.0463899546564353,142.7214346987261,-0.07440796903788165,0.9041942658402363,92,69.86754966887418,0.4577767860983644,-0.76113749882516,67.37588652482269,19.858156028368796,-1.2189142849235244,106,25.53191489361702
UNIVERSITY OF SOUTHERN MAINE,University of Southern Maine,ME,18,0,0,0,0,0,0,0,0,0,0,0,NA,NA,NA,NA,NA,NA,other_doctoral,0,0,0,0,0,0,0,0,NA,NA,NA,NA,NA,NA,NA,NA,NA,NA,NA,NA,NA,NA
UNIVERSITY OF SOUTHERN MISSISSIPPI,"University of Southern Mississippi, The",MS,15,243,103,6,22,85,27,104,115,13,9,243,0.42386831275720166,0.11522633744855967,0.4609053497942387,0.4279835390946502,0.4732510288065844,5.349794238683128,temple_carnegie_code,5,5,0,0,3,0,158797,0,2.05761316872428,0,2.6585586381223645,0.6168349994166625,1.7413005836325166,46,85.09933774834437,0.027880280097764387,0.16491086420357434,51.06382978723404,55.319148936170215,0.13703058410580995,65,54.60992907801418
UNIVERSITY OF TENNESSEE CHATTANOOGA,"University of Tennessee, The, Chattanooga",TN,17,16,4,0,0,0,12,3,1,0,0,16,0.25,0,0.75,0.1875,0.0625,0,other_doctoral,0,0,0,0,0,0,0,0,0,0,NA,NA,NA,NA,NA,NA,NA,NA,NA,NA,NA,NA
UNIVERSITY OF TENNESSEE HEALTH SCIENCE CENTER,"University of Tennessee, The, Health Science Center",TN,27,215,204,0,0,0,11,0,204,90,20,215,0.9488372093023256,0,0.05116279069767442,0,0.9488372093023256,41.86046511627907,other,0,0,0,0,0,0,0,0,0,0,1.718644934609754,-0.667508393244533,0.2253627843735829,258,14.90066225165563,NA,NA,NA,NA,NA,NA,NA
UNIVERSITY OF TENNESSEE KNOXVILLE,"University of Tennessee, The, Knoxville",TN,15,1086,432,0,3,561,90,273,673,158,82,1086,0.39779005524861877,0.0027624309392265192,0.5994475138121547,0.2513812154696133,0.6197053406998159,14.548802946593002,temple_carnegie_code,7,7,0,4,4,1,274380,1106443,0.6445672191528545,0.3683241252302026,11.848233799796226,-0.3095985282874075,0.6073743113062668,121,60.264900662251655,-0.1442130789611854,0.8955730406564261,46.09929078014184,84.39716312056737,1.0397861196176115,30,79.43262411347519
UNIVERSITY OF TEXAS ARLINGTON,"University of Texas at Arlington, The",TX,15,685,183,11,1,437,53,136,444,75,29,685,0.2671532846715328,0.017518248175182483,0.7153284671532847,0.19854014598540146,0.6481751824817519,10.94890510948905,temple_carnegie_code,3,3,0,2,2,1,85674,498006,0.43795620437956206,0.291970802919708,7.658613805450843,-0.45426645686961625,0.42899444482365606,151,50.331125827814574,-1.006299844452511,1.506721496275411,15.602836879432624,91.48936170212765,2.513021340727922,14,90.78014184397163
UNIVERSITY OF TEXAS AUSTIN,"University of Texas at Austin, The",TX,15,3469,1627,589,0,976,277,1094,1831,534,194,3469,0.4690112424329778,0.1697895647160565,0.3611991928509657,0.315364658402998,0.5278178149322571,15.39348515422312,temple_carnegie_code,128,80,48,39,70,8,5678552,7616800,3.6898241568175267,1.12424329778034,181.9303545106393,-0.22952697778317485,0.7043783933035438,108,64.56953642384106,0.32578355845558393,-0.3609327889134686,61.702127659574465,34.04255319148936,-0.6867163473690525,92,35.46099290780142
UNIVERSITY OF TEXAS DALLAS,"University of Texas at Dallas, The",TX,15,1288,555,3,0,699,31,326,866,108,53,1288,0.4309006211180124,0.002329192546583851,0.5667701863354038,0.2531055900621118,0.672360248447205,8.385093167701863,temple_carnegie_code,20,12,8,0,10,0,1041573,0,1.5527950310559007,0,3.565179670345542,3.3071274068146788,5.042827540819984,9,97.35099337748345,0.0742872751721843,0.7232349847001341,53.191489361702125,78.72340425531915,0.6489477095279499,46,68.08510638297872
UNIVERSITY OF TEXAS EL PASO,"University of Texas at El Paso, The",TX,15,428,169,0,0,202,57,111,259,42,27,428,0.39485981308411217,0,0.6051401869158879,0.25934579439252337,0.6051401869158879,9.813084112149532,temple_carnegie_code,1,1,0,3,1,1,18474,1543311,0.2336448598130841,0.7009345794392523,5.762040858023706,-0.6099264868932426,0.2395385201101033,233,23.178807947019866,-0.16355007710149988,0.9255958207197608,45.39007092198582,85.1063829787234,1.0891458978212607,28,80.85106382978722
UNIVERSITY OF TEXAS HEALTH SCIENCE CENTER HOUSTON,"University of Texas Health Science Center at Houston, The",TX,27,691,407,51,15,105,113,182,402,369,188,691,0.5890014471780028,0.0955137481910275,0.3154848046309696,0.2633863965267728,0.5817655571635311,53.40086830680173,other,0,0,0,0,0,0,0,0,0,0,4.871537275349391,-0.7317128855169476,0.09308322261758438,287,5.298013245033113,NA,NA,NA,NA,NA,NA,NA
UNIVERSITY OF TEXAS HEALTH SCIENCE CENTER SAN ANTONIO,"University of Texas Health Science Center at San Antonio, The",TX,27,242,183,0,0,0,59,89,141,178,0,242,0.756198347107438,0,0.24380165289256198,0.3677685950413223,0.5826446280991735,73.55371900826447,other,0,0,0,0,0,0,0,0,0,0,2.171020275267415,-0.6863031231730075,0.18719438584192005,267,11.920529801324504,NA,NA,NA,NA,NA,NA,NA
UNIVERSITY OF TEXAS M D ANDERSON CANCER CENTER,"University of Texas M. D. Anderson Cancer Center, The",TX,26,0,0,0,0,0,0,0,0,595,206,0,NA,NA,NA,NA,NA,NA,other,0,0,0,0,0,0,0,0,NA,NA,NA,NA,NA,NA,NA,NA,NA,NA,NA,NA,NA,NA
UNIVERSITY OF TEXAS MEDICAL BRANCH GALVESTON,University of Texas Medical Branch at Galveston,TX,27,200,20,3,2,0,175,16,83,67,37,200,0.1,0.025,0.875,0.08,0.415,33.5,other,0,0,0,0,0,0,0,0,0,0,1.6425286080630093,-0.6635344007161286,0.23336911260757157,256,15.562913907284766,NA,NA,NA,NA,NA,NA,NA
UNIVERSITY OF TEXAS OF PERMIAN BASIN,University of Texas of the Permian Basin,TX,18,0,0,0,0,0,0,0,0,0,0,0,NA,NA,NA,NA,NA,NA,other_doctoral,0,0,0,0,0,0,0,0,NA,NA,NA,NA,NA,NA,NA,NA,NA,NA,NA,NA,NA,NA
UNIVERSITY OF TEXAS RIO GRANDE VALLEY,University of Texas Rio Grande Valley,TX,16,90,54,0,0,21,15,18,57,16,13,90,0.6,0,0.4,0.2,0.6333333333333333,17.77777777777778,other_doctoral,0,0,0,0,0,0,0,0,0,0,0.5594370118268804,-0.5383829419002043,0.4719487750742312,191,37.086092715231786,NA,NA,NA,NA,NA,NA,NA
UNIVERSITY OF TEXAS SAN ANTONIO,"University of Texas at San Antonio, The",TX,15,562,201,5,0,105,251,83,427,64,29,562,0.35765124555160144,0.008896797153024912,0.6334519572953736,0.14768683274021352,0.7597864768683275,11.387900355871887,temple_carnegie_code,20,16,4,3,9,2,772262,1305458,3.5587188612099645,0.5338078291814946,8.2250936218262,1.0717970416929192,2.349544989261589,28,91.05960264900662,-0.409093605856597,1.0749102183354449,30.49645390070922,87.2340425531915,1.484003824192042,24,83.68794326241135
UNIVERSITY OF TEXAS SOUTHWESTERN,"University of Texas Southwestern Medical Center, The",TX,27,584,537,29,14,0,4,237,242,602,252,584,0.9195205479452054,0.07363013698630137,0.00684931506849315,0.4058219178082192,0.4143835616438356,103.08219178082192,other,0,0,0,0,0,0,0,0,0,0,6.365366700997494,-0.7413357814142196,0.07282932169192845,295,2.6490066225165565,NA,NA,NA,NA,NA,NA,NA
UNIVERSITY OF TEXAS TYLER,"University of Texas at Tyler, The",TX,16,41,0,0,0,0,41,0,41,23,5,41,0,0,1,0,1,56.09756097560975,other_doctoral,0,0,0,0,0,0,0,0,0,0,NA,NA,NA,NA,NA,NA,NA,NA,NA,NA,NA,NA
UNIVERSITY OF TOLEDO,"University of Toledo, The",OH,16,302,121,7,41,121,12,49,206,53,19,302,0.40066225165562913,0.15894039735099338,0.44039735099337746,0.16225165562913907,0.6821192052980133,17.549668874172184,other_doctoral,0,0,0,0,0,0,0,0,0,0,1.4257012357335301,-0.650409487462488,0.2596456764538254,248,18.211920529801322,NA,NA,NA,NA,NA,NA,NA
UNIVERSITY OF TULSA,University of Tulsa,OK,16,220,150,5,0,29,36,42,137,6,2,220,0.6818181818181818,0.022727272727272728,0.29545454545454547,0.19090909090909092,0.6227272727272727,2.727272727272727,other_doctoral,5,5,0,0,2,0,191557,0,2.272727272727273,0,0.8977301166707675,2.742443820115176,3.9349513431823078,12,96.35761589403974,NA,NA,NA,NA,NA,NA,NA
UNIVERSITY OF UTAH,"University of Utah, The",UT,15,1562,603,78,55,489,337,367,886,283,143,1562,0.3860435339308579,0.0851472471190781,0.528809218950064,0.234955185659411,0.5672215108834827,18.117797695262485,temple_carnegie_code,174,111,63,73,87,18,7686541,19886775,11.139564660691422,4.673495518565941,178.1853887186264,-0.018186716646267656,0.9765767713373751,84,72.51655629139073,-0.2217296964025814,0.5230313625996362,41.13475177304964,73.75886524822694,0.7447610590022176,42,70.92198581560284
UNIVERSITY OF VERMONT,University of Vermont,VT,16,455,289,24,12,114,16,150,276,94,67,455,0.6351648351648351,0.07912087912087912,0.2857142857142857,0.32967032967032966,0.6065934065934065,20.65934065934066,other_doctoral,0,0,0,0,0,0,0,0,0,0,1.6818647885097295,-0.6656241607353439,0.22916177145033492,257,15.2317880794702,NA,NA,NA,NA,NA,NA,NA
UNIVERSITY OF VIRGIN ISLANDS,University of the Virgin Islands,VI,20,0,0,0,0,0,0,0,0,0,0,0,NA,NA,NA,NA,NA,NA,other_doctoral,0,0,0,0,0,0,0,0,NA,NA,NA,NA,NA,NA,NA,NA,NA,NA,NA,NA,NA,NA
UNIVERSITY OF VIRGINIA,University of Virginia,VA,15,1914,746,972,64,72,60,444,1342,398,207,1914,0.3897596656217346,0.5412748171368861,0.06896551724137931,0.23197492163009403,0.7011494252873564,20.794148380355278,temple_carnegie_code,117,81,36,33,69,10,4743233,10208548,6.112852664576803,1.7241379310344827,145.4636350449614,-0.15144754489289614,0.8049950247115064,98,67.88079470198676,-0.19720652474596642,-1.902153795293191,43.262411347517734,1.4184397163120568,-1.7049472705472246,125,12.056737588652481
UNIVERSITY OF WASHINGTON,University of Washington,WA,15,3827,2111,348,127,992,249,868,2501,699,436,3827,0.5516070028743141,0.12411810817873008,0.32427488894695583,0.2268095113666057,0.6535145022210609,18.264959498301543,temple_carnegie_code,341,233,108,96,177,26,16615918,38867223,8.910373660830938,2.508492291612229,370.7761012287333,-0.06223382567188343,0.9198006520479242,90,70.52980132450331,0.8708422861600598,-0.555669116628268,80.85106382978722,27.659574468085108,-1.4265114027883277,116,18.439716312056735
UNIVERSITY OF WEST ALABAMA,"University of West Alabama, The",AL,18,0,0,0,0,0,0,0,0,0,0,0,NA,NA,NA,NA,NA,NA,other_doctoral,0,0,0,0,0,0,0,0,NA,NA,NA,NA,NA,NA,NA,NA,NA,NA,NA,NA,NA,NA
UNIVERSITY OF WEST FLORIDA,University of West Florida,FL,18,0,0,0,0,0,0,0,0,0,0,0,NA,NA,NA,NA,NA,NA,other_doctoral,0,0,0,0,0,0,0,0,NA,NA,NA,NA,NA,NA,NA,NA,NA,NA,NA,NA,NA,NA
UNIVERSITY OF WEST GEORGIA,University of West Georgia,GA,17,8,3,0,0,1,4,0,5,0,0,8,0.375,0,0.625,0,0.625,0,other_doctoral,0,0,0,0,0,0,0,0,0,0,NA,NA,NA,NA,NA,NA,NA,NA,NA,NA,NA,NA
UNIVERSITY OF WISCONSIN GREEN BAY,University of Wisconsin-Green Bay,WI,19,0,0,0,0,0,0,0,0,0,0,0,NA,NA,NA,NA,NA,NA,other_doctoral,0,0,0,0,0,0,0,0,NA,NA,NA,NA,NA,NA,NA,NA,NA,NA,NA,NA,NA,NA
UNIVERSITY OF WISCONSIN LA CROSSE,University of Wisconsin-La Crosse,WI,18,0,0,0,0,0,0,0,0,0,0,0,NA,NA,NA,NA,NA,NA,other_doctoral,0,0,0,0,0,0,0,0,NA,NA,NA,NA,NA,NA,NA,NA,NA,NA,NA,NA,NA,NA
UNIVERSITY OF WISCONSIN MADISON,University of Wisconsin-Madison,WI,15,4036,2218,533,157,778,350,1691,1550,911,526,4036,0.5495540138751239,0.1709613478691774,0.2794846382556987,0.41897918731417244,0.3840436075322101,22.57185332011893,temple_carnegie_code,197,123,74,75,104,19,8505417,32625557,4.881070366699703,1.8582755203171457,340.99078254930225,-0.32721389178071564,0.5783465033100453,127,58.27814569536424,0.8572943804817211,-0.791889925549014,79.43262411347519,19.148936170212767,-1.6491843060307352,123,13.47517730496454
UNIVERSITY OF WISCONSIN MILWAUKEE,University of Wisconsin-Milwaukee,WI,15,653,91,105,0,274,183,42,442,42,13,653,0.13935681470137826,0.16079632465543645,0.6998468606431854,0.06431852986217458,0.6768759571209801,6.431852986217458,temple_carnegie_code,14,9,5,0,8,0,704193,0,2.1439509954058193,0,4.034808297739916,1.78693951135388,3.1974890773721554,18,94.37086092715232,-1.8496431462740295,1.4250725312268138,3.546099290780142,90.0709219858156,3.2747156775008435,8,95.0354609929078
UNIVERSITY OF WISCONSIN OSHKOSH,University of Wisconsin-Oshkosh,WI,17,0,0,0,0,0,0,0,0,0,0,0,NA,NA,NA,NA,NA,NA,other_doctoral,0,0,0,0,0,0,0,0,NA,NA,NA,NA,NA,NA,NA,NA,NA,NA,NA,NA,NA,NA
UNIVERSITY OF WISCONSIN PARKSIDE,University of Wisconsin-Parkside,WI,19,0,0,0,0,0,0,0,0,0,0,0,NA,NA,NA,NA,NA,NA,other_doctoral,0,0,0,0,0,0,0,0,NA,NA,NA,NA,NA,NA,NA,NA,NA,NA,NA,NA,NA,NA
UNIVERSITY OF WISCONSIN STEVENS POINT,University of Wisconsin-Stevens Point,WI,19,0,0,0,0,0,0,0,0,0,0,0,NA,NA,NA,NA,NA,NA,other_doctoral,0,0,0,0,0,0,0,0,NA,NA,NA,NA,NA,NA,NA,NA,NA,NA,NA,NA,NA,NA
UNIVERSITY OF WISCONSIN WHITEWATER,University of Wisconsin-Whitewater,WI,18,0,0,0,0,0,0,0,0,0,0,0,NA,NA,NA,NA,NA,NA,other_doctoral,0,0,0,0,0,0,0,0,NA,NA,NA,NA,NA,NA,NA,NA,NA,NA,NA,NA,NA,NA
UNIVERSITY OF WYOMING,University of Wyoming,WY,16,452,283,0,0,142,27,148,247,60,45,452,0.6261061946902655,0,0.37389380530973454,0.3274336283185841,0.5464601769911505,13.274336283185841,other_doctoral,0,0,0,0,0,0,0,0,0,0,0.9367782134060969,-0.605231537612736,0.34800082248928,230,24.17218543046358,NA,NA,NA,NA,NA,NA,NA
UTAH STATE UNIVERSITY,Utah State University,UT,15,149,106,0,0,25,18,0,127,51,27,149,0.7114093959731543,0,0.28859060402684567,0,0.8523489932885906,34.22818791946309,temple_carnegie_code,2,2,0,0,1,0,46554,0,1.342281879194631,0,1.7665561011961892,0.08852053879520606,1.1029949793347755,76,75.16556291390728,1.9253962802291433,-0.7438656665357722,98.581560283687935,21.27659574468085,-2.6692619467649155,136,4.25531914893617
VALDOSTA STATE UNIVERSITY,Valdosta State University,GA,17,0,0,0,0,0,0,0,0,0,0,0,NA,NA,NA,NA,NA,NA,other_doctoral,0,0,0,0,0,0,0,0,NA,NA,NA,NA,NA,NA,NA,NA,NA,NA,NA,NA,NA,NA
VALPARAISO UNIVERSITY,Valparaiso University,IN,17,0,0,0,0,0,0,0,0,0,0,0,NA,NA,NA,NA,NA,NA,other_doctoral,0,0,0,0,0,0,0,0,NA,NA,NA,NA,NA,NA,NA,NA,NA,NA,NA,NA,NA,NA
VAN ANDEL RESEARCH INSTITUTE,Van Andel Research Institute,MI,-2,59,0,5,54,0,0,5,54,65,36,59,0,1,0,0.0847457627118644,0.9152542372881356,110.16949152542372,other,9,5,4,4,5,1,474116,1398287,15.254237288135593,6.779661016949152,7.2926301289554205,0.1745241070239633,1.2191005915577116,67,78.1456953642384,NA,NA,NA,NA,NA,NA,NA
VANDERBILT UNIVERSITY,Vanderbilt University,TN,15,1758,867,121,562,159,49,829,833,417,250,1758,0.4931740614334471,0.38850967007963594,0.11831626848691695,0.47155858930602956,0.4738339021615472,23.72013651877133,temple_carnegie_code,367,291,76,131,197,35,12782513,44627352,20.87599544937429,7.45164960182025,390.06865344787246,-0.04583201906968628,0.9409357273190606,88,71.19205298013244,0.4852367230221048,-1.6418812091800943,68.08510638297872,7.092198581560284,-2.127117932202199,131,7.801418439716312
VERMONT STATE UNIVERSITY,Vermont State University,VT,23,0,0,0,0,0,0,0,0,0,0,0,NA,NA,NA,NA,NA,NA,other,0,0,0,0,0,0,0,0,NA,NA,NA,NA,NA,NA,NA,NA,NA,NA,NA,NA,NA,NA
VILLANOVA UNIVERSITY,Villanova University,PA,16,89,70,0,0,0,19,34,31,16,12,89,0.7865168539325843,0,0.21348314606741572,0.38202247191011235,0.34831460674157305,17.97752808988764,other_doctoral,0,0,0,0,0,0,0,0,0,0,0.5736316922212803,-0.5418678071670752,0.4657090542526084,198,34.7682119205298,NA,NA,NA,NA,NA,NA,NA
VIRGINIA COMMONWEALTH UNIVERSITY,Virginia Commonwealth University,VA,15,827,265,30,15,141,376,149,353,185,138,827,0.32043530834340994,0.05441354292623942,0.6251511487303507,0.18016928657799275,0.4268440145102781,22.370012091898428,temple_carnegie_code,110,98,12,16,57,6,4514728,4096366,13.301088270858525,1.9347037484885128,40.52141517093201,1.3200459293011584,2.6937149666718687,25,92.05298013245033,-0.654685767931718,1.0311323049801013,23.404255319148938,86.52482269503547,1.6858180729118193,21,85.81560283687944
VIRGINIA POLYTECHNIC INSTITUTE AND STATE UNIVERSITY,Virginia Polytechnic Institute and State University,VA,15,2575,1440,70,0,877,188,807,1514,308,146,2575,0.5592233009708738,0.027184466019417475,0.41359223300970877,0.31339805825242717,0.5879611650485437,11.96116504854369,temple_carnegie_code,37,37,0,7,20,2,1354761,1577102,1.4368932038834952,0.27184466019417475,35.22014315066128,0.03886324688929386,1.0498278196095574,79,74.17218543046357,0.9211030952881184,-0.08461537302253166,81.56028368794325,46.808510638297875,-1.0057184683106501,99,30.49645390070922
VIRGINIA STATE UNIVERSITY,Virginia State University,VA,19,12,12,0,0,0,0,7,5,0,0,12,1,0,0,0.5833333333333334,0.4166666666666667,0,other_doctoral,0,0,0,0,0,0,0,0,0,0,NA,NA,NA,NA,NA,NA,NA,NA,NA,NA,NA,NA
WAKE FOREST UNIVERSITY,Wake Forest University,NC,16,346,23,12,243,54,14,28,317,109,56,346,0.06647398843930635,0.7369942196531792,0.19653179190751446,0.08092485549132948,0.9161849710982659,31.502890173410403,other_doctoral,59,57,2,44,32,13,2631112,11509752,17.052023121387283,12.716763005780347,31.63210279251731,0.6647300043293191,1.8517306627643408,43,86.09271523178808,NA,NA,NA,NA,NA,NA,NA
WALLA WALLA UNIVERSITY,Walla Walla University,WA,20,0,0,0,0,0,0,0,0,0,0,0,NA,NA,NA,NA,NA,NA,other_doctoral,0,0,0,0,0,0,0,0,NA,NA,NA,NA,NA,NA,NA,NA,NA,NA,NA,NA,NA,NA
WASHINGTON STATE UNIVERSITY,Washington State University,WA,15,1003,553,27,8,373,42,176,799,160,61,1003,0.551345962113659,0.03489531405782652,0.4137587238285145,0.17547357926221335,0.7966101694915254,15.952143569292124,temple_carnegie_code,20,18,2,1,12,1,733811,549359,1.9940179461615155,0.09970089730807577,8.284434794783797,1.0590155249328264,2.3336731934276425,30,90.39735099337747,0.869119648773814,-0.08373731149598972,80.1418439716312,47.5177304964539,-0.9528569602698037,96,32.62411347517731
WASHINGTON UNIVERSITY IN ST LOUIS,"George Washington University, The",DC,15,2842,1301,462,309,224,546,613,1712,1118,745,2842,0.4577762139338494,0.2712878254750176,0.270935960591133,0.21569317382125264,0.6023926812104152,39.33849401829698,temple_carnegie_code,267,190,77,119,148,30,11201377,38171560,9.394792399718508,4.187192118226601,479.72133233436637,-0.34369427784074397,0.5570348128844603,130,57.284768211920536,0.2516423397448745,-0.8369750840815291,59.57446808510638,17.02127659574468,-1.0886174238264035,104,26.95035460992908
WAYNE STATE UNIVERSITY,Wayne State University,MI,15,879,316,91,7,303,162,149,592,130,68,879,0.3594994311717861,0.11149032992036405,0.5290102389078498,0.1695108077360637,0.6734926052332195,14.78953356086462,temple_carnegie_code,30,20,10,14,15,4,1557674,4192219,3.4129692832764507,1.5927189988623436,40.437126299926035,-0.19870862413179016,0.7450449691202459,105,65.56291390728477,-0.3968972207477625,0.5240915285130777,31.914893617021278,74.46808510638297,0.9209887492608402,35,75.88652482269504
WEBER STATE UNIVERSITY,Weber State University,UT,18,0,0,0,0,0,0,0,0,0,0,0,NA,NA,NA,NA,NA,NA,other_doctoral,0,0,0,0,0,0,0,0,NA,NA,NA,NA,NA,NA,NA,NA,NA,NA,NA,NA,NA,NA
WESLEYAN UNIVERSITY,Wesleyan University,CT,21,75,7,0,0,68,0,6,68,26,5,75,0.09333333333333334,0,0.9066666666666666,0.08,0.9066666666666666,34.666666666666664,other_doctoral,0,0,0,0,0,0,0,0,0,0,0.49363817356525214,-0.520702651502194,0.5032012792000136,182,40.06622516556291,NA,NA,NA,NA,NA,NA,NA
WEST CHESTER UNIVERSITY OF PENNSYLVANIA,West Chester University of Pennsylvania,PA,16,0,0,0,0,0,0,0,0,0,0,0,NA,NA,NA,NA,NA,NA,other_doctoral,0,0,0,0,0,0,0,0,NA,NA,NA,NA,NA,NA,NA,NA,NA,NA,NA,NA,NA,NA
WEST TEXAS A AND M UNIVERSITY,West Texas A&M University,TX,18,3,3,0,0,0,0,0,3,0,0,3,1,0,0,0,1,0,other_doctoral,0,0,0,0,0,0,0,0,0,0,NA,NA,NA,NA,NA,NA,NA,NA,NA,NA,NA,NA
WEST VIRGINIA STATE UNIVERSITY,West Virginia State University,WV,20,0,0,0,0,0,0,0,0,13,13,0,NA,NA,NA,NA,NA,NA,other_doctoral,0,0,0,0,0,0,0,0,NA,NA,NA,NA,NA,NA,NA,NA,NA,NA,NA,NA,NA,NA
WEST VIRGINIA UNIVERSITY,West Virginia University,WV,15,832,419,0,0,164,249,223,527,62,30,832,0.5036057692307693,0,0.4963942307692308,0.26802884615384615,0.6334134615384616,7.451923076923077,temple_carnegie_code,16,15,1,16,10,4,681733,5286563,1.9230769230769231,1.9230769230769231,21.87065576337875,-0.20537880210444057,0.7375733717654741,106,65.23178807947019,0.554076737926159,0.35207686667564964,70.2127659574468,66.66666666666666,-0.20199987125050933,73,48.93617021276596
WESTERN CAROLINA UNIVERSITY,Western Carolina University,NC,17,0,0,0,0,0,0,0,0,0,0,0,NA,NA,NA,NA,NA,NA,other_doctoral,0,0,0,0,0,0,0,0,NA,NA,NA,NA,NA,NA,NA,NA,NA,NA,NA,NA,NA,NA
WESTERN COLORADO UNIVERSITY,Western Colorado University,CO,19,0,0,0,0,0,0,0,0,0,0,0,NA,NA,NA,NA,NA,NA,other_doctoral,0,0,0,0,0,0,0,0,NA,NA,NA,NA,NA,NA,NA,NA,NA,NA,NA,NA,NA,NA
WESTERN CONNECTICUT STATE UNIVERSITY,Western Connecticut State University,CT,19,0,0,0,0,0,0,0,0,0,0,0,NA,NA,NA,NA,NA,NA,other_doctoral,0,0,0,0,0,0,0,0,NA,NA,NA,NA,NA,NA,NA,NA,NA,NA,NA,NA,NA,NA
WESTERN ILLINOIS UNIVERSITY,Western Illinois University,IL,18,2,2,0,0,0,0,0,2,0,0,2,1,0,0,0,1,0,other_doctoral,0,0,0,0,0,0,0,0,0,0,NA,NA,NA,NA,NA,NA,NA,NA,NA,NA,NA,NA
WESTERN KENTUCKY UNIVERSITY,Western Kentucky University,KY,17,0,0,0,0,0,0,0,0,0,0,0,NA,NA,NA,NA,NA,NA,other_doctoral,0,0,0,0,0,0,0,0,NA,NA,NA,NA,NA,NA,NA,NA,NA,NA,NA,NA,NA,NA
WESTERN MICHIGAN UNIVERSITY,Western Michigan University,MI,16,355,72,14,0,151,118,22,224,11,4,355,0.2028169014084507,0.03943661971830986,0.7577464788732394,0.061971830985915494,0.6309859154929578,3.0985915492957745,other_doctoral,2,0,2,0,1,0,143164,0,0.5633802816901409,0,1.0689274179427983,0.5404012814267504,1.5934452871491265,50,83.77483443708608,NA,NA,NA,NA,NA,NA,NA
WESTERN NEW ENGLAND UNIVERSITY,Western New England University,MA,17,16,0,8,0,0,8,0,8,0,0,16,0,0.5,0.5,0,0.5,0,other_doctoral,0,0,0,0,0,0,0,0,0,0,NA,NA,NA,NA,NA,NA,NA,NA,NA,NA,NA,NA
WESTERN UNIVERSITY OF,Western University of Health Sciences,CA,25,1,0,0,0,1,0,0,1,6,3,1,0,0,1,0,1,600,other,0,0,0,0,0,0,0,0,0,0,NA,NA,NA,NA,NA,NA,NA,NA,NA,NA,NA,NA
WICHITA STATE UNIVERSITY,Wichita State University,KS,16,80,24,0,0,52,4,13,61,2,0,80,0.3,0,0.7,0.1625,0.7625,2.5,other_doctoral,0,0,0,0,0,0,0,0,0,0,0.45202792353341253,-0.5080183348037087,0.5251946793159916,176,42.05298013245033,NA,NA,NA,NA,NA,NA,NA
WIDENER UNIVERSITY,Widener University,PA,17,8,0,0,0,0,8,0,0,0,0,8,0,0,1,0,0,0,other_doctoral,0,0,0,0,0,0,0,0,0,0,NA,NA,NA,NA,NA,NA,NA,NA,NA,NA,NA,NA
WILKES UNIVERSITY,Wilkes University,PA,17,0,0,0,0,0,0,0,0,0,0,0,NA,NA,NA,NA,NA,NA,other_doctoral,0,0,0,0,0,0,0,0,NA,NA,NA,NA,NA,NA,NA,NA,NA,NA,NA,NA,NA,NA
WILLIAM AND MARY,William and Mary,VA,16,246,132,3,1,97,13,91,142,30,18,246,0.5365853658536586,0.016260162601626018,0.44715447154471544,0.3699186991869919,0.5772357723577236,12.195121951219512,other_doctoral,0,0,0,0,0,0,0,0,0,0,0.9448250518960606,-0.6062418557686728,0.34606265951981124,231,23.841059602649008,NA,NA,NA,NA,NA,NA,NA
WILLIAM PATERSON UNIVERSITY,William Paterson University,NJ,18,0,0,0,0,0,0,0,0,0,0,0,NA,NA,NA,NA,NA,NA,other_doctoral,0,0,0,0,0,0,0,0,NA,NA,NA,NA,NA,NA,NA,NA,NA,NA,NA,NA,NA,NA
WINTHROP UNIVERSITY,Winthrop University,SC,18,0,0,0,0,0,0,0,0,0,0,0,NA,NA,NA,NA,NA,NA,other_doctoral,0,0,0,0,0,0,0,0,NA,NA,NA,NA,NA,NA,NA,NA,NA,NA,NA,NA,NA,NA
WOODS HOLE OCEANOGRAPHIC INSTITUTION,Woods Hole Oceanographic Institution,MA,-2,0,0,0,0,0,0,0,0,132,61,0,NA,NA,NA,NA,NA,NA,other,0,0,0,0,0,0,0,0,NA,NA,NA,NA,NA,NA,NA,NA,NA,NA,NA,NA,NA,NA
WORCESTER POLYTECHNIC INSTITUTE,Worcester Polytechnic Institute,MA,16,374,146,35,0,154,39,71,222,33,10,374,0.39037433155080214,0.09358288770053476,0.516042780748663,0.18983957219251338,0.5935828877005348,8.823529411764707,other_doctoral,0,0,0,0,0,0,0,0,0,0,1.3755801141035047,-0.6469218380623574,0.2665841870684321,246,18.874172185430464,NA,NA,NA,NA,NA,NA,NA
WORCESTER STATE UNIVERSITY,Worcester State University,MA,18,0,0,0,0,0,0,0,0,0,0,0,NA,NA,NA,NA,NA,NA,other_doctoral,0,0,0,0,0,0,0,0,NA,NA,NA,NA,NA,NA,NA,NA,NA,NA,NA,NA,NA,NA
WRIGHT STATE UNIVERSITY,Wright State University,OH,16,108,35,0,0,17,56,28,55,8,5,108,0.32407407407407407,0,0.6759259259259259,0.25925925925925924,0.5092592592592593,7.407407407407407,other_doctoral,0,0,0,0,0,0,0,0,0,0,0.520454235506418,-0.5282307047508411,0.4899778771086843,186,38.741721854304636,NA,NA,NA,NA,NA,NA,NA
XAVIER UNIVERSITY,Xavier University,OH,17,0,0,0,0,0,0,0,0,0,0,0,NA,NA,NA,NA,NA,NA,other_doctoral,0,0,0,0,0,0,0,0,NA,NA,NA,NA,NA,NA,NA,NA,NA,NA,NA,NA,NA,NA
YALE UNIVERSITY,Yale University,CT,15,2227,686,859,163,472,47,725,1365,1458,790,2227,0.30803771890435566,0.4589133363268972,0.23304894476874718,0.3255500673551863,0.612932195779075,65.46924113156713,temple_carnegie_code,383,271,112,96,207,25,17715867,44092409,17.198024247867085,4.310731926358329,449.69388351718817,-0.11494793064380565,0.8518551984844063,96,68.54304635761589,-0.736498857249454,-1.0367886905479922,21.27659574468085,14.184397163120568,-0.3002898332985382,79,44.680851063829785
YESHIVA UNIVERSITY,Yeshiva University,NY,17,68,0,0,0,0,68,0,0,0,0,68,0,0,1,0,0,0,other_doctoral,0,0,0,0,0,0,0,0,0,0,0.3072180002798251,-0.45094972586788634,0.6194113607806977,148,51.324503311258276,NA,NA,NA,NA,NA,NA,NA
YOUNGSTOWN STATE UNIVERSITY,Youngstown State University,OH,18,10,4,0,0,1,5,0,5,0,0,10,0.4,0,0.6,0,0.5,0,other_doctoral,0,0,0,0,0,0,0,0,0,0,NA,NA,NA,NA,NA,NA,NA,NA,NA,NA,NA,NA
