anonymous_department_id,Area,Productivity,expected_productivity,productivity_residual,productivity_residual_z,productivity_ratio,funded_per_faculty,unfunded_per_faculty,tt_headcount,uniform_percentile100,CONTROL,AreaHasCollabNorm,productivity_direction
dept_001,Economics,1.07072510822511,0.6291180149257678,0.23986006653097214,0.7355287930479067,1.6502656145082717,0.125,5.875,8,55.0898203592814,1,FALSE,near_expected
dept_002,Anthropology,0.483843537414966,0.7111831624202165,-0.1425493329268145,-0.43712628080967203,0.7013338756963385,0,0.651162790697674,43,50.7246376811594,1,FALSE,near_expected
dept_003,Mathematical Sciences,1.24061613600075,1.1813721067837673,0.026796803170137662,0.0821721622041178,1.0481122066113084,0.271428571428571,1.02857142857143,70,42.713567839196,0,FALSE,near_expected
dept_004,Biological Sciences,2.24094848484849,1.288889132531994,0.3477994242954512,1.0665238881760986,1.7110815445309067,0.857142857142857,1.80952380952381,21,29.4478527607362,0,TRUE,near_expected
dept_005,Political Science,0.941126262626263,0.8474712799155135,0.04945052402595418,0.15163959878123295,1.104354295013837,1.45454545454545,15.1818181818182,11,45.679012345679,0,FALSE,near_expected
dept_006,Chemical Sciences,1.577969348659,1.9470285187748444,-0.1337953660664245,-0.4102823181095591,0.8151958439019898,0.366666666666667,0.866666666666667,30,34.5971563981043,0,TRUE,near_expected
dept_007,Physical Sciences,1.05880647130647,1.1896746704554912,-0.06162654845654958,-0.18897727104608064,0.8944334330063092,2,8.5,2,29.8507462686567,0,TRUE,near_expected
dept_008,Biological Sciences,2.19002976190476,1.5703417130968584,0.21599139414101642,0.6623357182332914,1.3824428167213756,3.27272727272727,0.545454545454545,11,56.9148936170213,0,TRUE,near_expected
dept_009,Engineering,1.83793356848912,1.8825617287621323,-0.015603217337921693,-0.04784712929588035,0.9769072523744956,0.4,0.866666666666667,15,42.1875,0,TRUE,near_expected
dept_010,Health,0,0.8280541682112517,-0.6032521050936092,-1.8498672962963494,0.05694409503443126,0,1.04166666666667,24,18.4782608695652,1,TRUE,anonymous_underperformer
dept_011,Sociology,1.05925099206349,0.8049105249410629,0.13183130071231464,0.40425952890471484,1.297505364248453,0.170731707317073,1.04878048780488,41,55.6291390728477,1,FALSE,near_expected
dept_012,Political Science,1.79668664668665,0.8300953969038547,0.4240672810616444,1.300398602908345,2.0982800877986976,0.0845070422535211,0.0563380281690141,71,72.2222222222222,1,FALSE,near_expected
dept_013,Physical Sciences,1.40230158730159,1.6631389357360034,-0.1030782055879843,-0.31608841455851255,0.8477430271454593,22.5,5.25,4,79.6019900497513,1,TRUE,near_expected
dept_014,Sociology,1.49777777777778,1.0059364462131994,0.21929044049926516,0.6724522149940328,1.4657868693977016,5.33333333333333,4,3,75.4966887417219,1,FALSE,near_expected
dept_015,Biological Sciences,0.90009805009805,1.20363544583561,-0.14820298175326563,-0.45446314541484956,0.7578742713873751,0.947368421052632,0.263157894736842,19,42.6470588235294,1,TRUE,near_expected
dept_016,Sociology,1.46277399848828,1.0888947772002644,0.16465324492769362,0.5049077333489763,1.328282497007423,3.44444444444444,0.444444444444444,9,45.0331125827815,0,FALSE,near_expected
dept_017,Psychological Sciences,1.66205096073517,1.762228055934552,-0.036940757140570324,-0.11327850820207808,0.94472158464199385,1.21428571428571,0.464285714285714,28,74.5614035087719,1,TRUE,near_expected
dept_018,Political Science,0.412244897959184,1.115623638959034,-0.40416906927721974,-1.2393809107627485,0.3965644505734236,10.8,4.13333333333333,15,79.6296296296296,1,FALSE,near_expected
dept_019,Anthropology,0.535714285714286,0.8690161730463286,-0.19641657623294495,-0.6023097105768777,0.6373275061882502,1.3,3.8,10,89.1304347826087,1,FALSE,near_expected
dept_020,Sociology,1.39444444444444,0.9962746770530846,0.18186845703811694,0.5576980304950349,1.3805594994546098,0.851851851851852,0.037037037037037,27,88.0794701986755,1,FALSE,near_expected
dept_021,Physical Sciences,1.80173992673993,1.4128258346579994,0.14944202048852295,0.4582626468435937,1.2658649326991527,3.3,1.1,10,79.1044776119403,1,TRUE,near_expected
dept_022,Computational Sciences,0.968154761904762,2.156279997548943,-0.4722976834528786,-1.4482967093839347,0.461480303060299,0.8,1.73333333333333,15,70.4081632653061,1,TRUE,near_expected
dept_023,Computational Sciences,1.85056966842681,1.9747212616717604,-0.04263148308735487,-0.13072906947199403,0.9386821309208551,1.25,4.66666666666667,12,37.7551020408163,1,TRUE,near_expected
dept_024,Physical Sciences,1.64603380158936,1.0674782107917378,0.24673223126587385,0.7566022260131893,1.5177332186080956,0,0.169811320754717,53,34.8258706467662,1,TRUE,near_expected
dept_025,Medical Sciences,1.0133477633477601,0.9899426698369831,0.011693061284372086,0.035856670007296504,1.0225061382609157,0.307692307692308,0.230769230769231,13,3.92156862745098,1,TRUE,near_expected
dept_026,Engineering,3.09359977324263,1.7382895315515987,0.4020912562039347,1.2330093151733863,1.7578807669444356,1.24137931034483,0.96551724137931,29,30.6748466257669,1,TRUE,near_expected
dept_027,Chemical Sciences,2.92070494864612,1.8324440468515992,0.3251315117276068,0.9970129328383572,1.5781106235878004,0.75,0.375,8,55.7377049180328,1,TRUE,near_expected
dept_028,Chemical Sciences,0.814087301587302,1.6988370591757653,-0.3972384843014837,-1.2181283326406587,0.4940925153968033,0,0.210526315789474,19,43.6018957345972,1,TRUE,near_expected
dept_029,Physical Sciences,0.684457671957672,1.0977605830267754,-0.21942673110467725,-0.672870148941741,0.6399049443053912,0,0.0333333333333333,60,40.2985074626866,1,TRUE,near_expected
dept_030,Computational Sciences,2.46455342902711,2.62343371139887,-0.04483837149483616,-0.13749647344307786,0.9405707043738046,3.33333333333333,0.222222222222222,18,97.4489795918367,1,TRUE,near_expected
dept_031,Biological Sciences,1.7413394145537,1.385685627013686,0.13896008071999455,0.4261198703562411,1.247724000887155,2.5,2.16666666666667,18,71.2328767123288,1,TRUE,near_expected
dept_032,Engineering,2.01136173767753,1.6626219230662098,0.12308105831271887,0.37742698723100426,1.2036291897904414,0.6,2.3,10,2.45398773006135,0,TRUE,near_expected
dept_033,Chemical Sciences,1.1342632675966,1.9982255549681067,-0.3398991185928135,-1.0422976699388917,0.5781898701166437,0.95,1.7,20,36.4928909952607,0,TRUE,near_expected
dept_034,Psychological Sciences,0.683952621452621,1.3618751537467544,-0.3383120793217973,-1.037431027915429,0.5198424375589435,0,8.875,8,12.280701754386,0,TRUE,near_expected
dept_035,Physical Sciences,1.21507936507936,1.572670710887229,-0.1496563128508397,-0.45891977249562127,0.779627903918751,7.33333333333333,3.5,6,54.726368159204,0,TRUE,near_expected
dept_036,Anthropology,0.873626373626374,0.788587124166191,0.04644979813630745,0.14243789912442714,1.1014077691029869,0.5,3.21428571428571,14,34.7826086956522,0,FALSE,near_expected
dept_037,Computational Sciences,3.31986461251167,2.5879052586441826,0.1856555232807675,0.5693110359566571,1.2774774990378905,3.66666666666667,5.55555555555555,9,69.8979591836735,0,TRUE,near_expected
dept_038,Chemical Sciences,2.37023809523809,2.054677296275784,0.09830943756398436,0.30146502918325024,1.1499331035312106,1.94444444444444,1.22222222222222,18,27.4881516587678,0,TRUE,near_expected
dept_039,Psychological Sciences,2.08579810712164,1.7620209185941351,0.11084770093984186,0.33991350400083903,1.1786829198300364,0.444444444444444,1.51851851851852,27,55.7017543859649,0,TRUE,near_expected
dept_040,Chemical Sciences,2.79986772486773,2.1157564344101303,0.19849429803492447,0.6086810262835781,1.3158763744566346,0.225806451612903,0.0645161290322581,31,63.9344262295082,0,TRUE,near_expected
dept_041,Mathematical Sciences,1.77113095238095,1.1566323704293446,0.2507076056414581,0.7687926767150342,1.5092674430182527,0.222222222222222,2,9,63.2075471698113,0,FALSE,near_expected
dept_042,Economics,1.27466153127918,0.7937180520868992,0.23754067419082825,0.7284163967527514,1.5700286701258654,0.2,2.13333333333333,15,46.7065868263473,0,FALSE,near_expected
dept_043,Computational Sciences,2.91929522497704,2.307251218249854,0.16979445137398264,0.5206731978839443,1.2596430970058419,0.526315789473684,1.84210526315789,19,57.6530612244898,0,TRUE,near_expected
dept_044,Health,1.5647747314414,1.1981791665469022,0.15424128466450526,0.4729795484017883,1.2937042811799908,0.25,2.1,20,73.3333333333333,0,TRUE,near_expected
dept_045,Sociology,0.93640873015873,0.8574977994422541,0.04160477460006029,0.1275806768887933,1.086954404478969,0.166666666666667,0.708333333333333,24,31.1258278145695,0,FALSE,near_expected
dept_046,Political Science,1.02114197530864,0.7170734688098963,0.1630413159267352,0.49996476718665867,1.396400760634443,0.153846153846154,1.38461538461538,13,16.0493827160494,0,FALSE,near_expected
dept_047,Engineering,2.50788363934916,2.2622900220846436,0.07258349434619138,0.22257664964317816,1.1062122895133637,1.64,0.88,25,77.6470588235294,0,TRUE,near_expected
dept_048,Physical Sciences,1.09886243386243,1.3779648568482,-0.12484951991318016,-0.382849959238607,0.8045453138098903,1,1.61538461538462,13,60.6965174129353,0,TRUE,near_expected
dept_049,Medical Sciences,0,1.407085945845624,-0.8784168647881565,-2.693657621691402,0.03431506572591527,1.5,0.72,50,70.8333333333333,1,TRUE,anonymous_underperformer
dept_050,Engineering,1,2.1049900403092168,-0.4398633271904705,-1.348837040002519,0.48724123098468564,3.83333333333333,9.83333333333333,12,93.8650306748466,1,TRUE,near_expected
dept_051,Computational Sciences,2.2,2.5265274878429627,-0.09716286248279915,-0.2979490667398156,0.8732683856921211,7.14285714285714,24.2142857142857,14,89.7959183673469,1,TRUE,near_expected
dept_052,Sociology,0.166666666666667,1.0205163827634953,-0.549202433948221,-1.684124453157972,0.20239453609047126,1.9375,2.6875,16,93.3774834437086,1,FALSE,anonymous_underperformer
dept_053,Agriculture,3.88885193397389,1.569165644673809,0.6433763032751831,1.9729077985664385,2.4326429769125912,0.862745098039216,0.607843137254902,51,86.7469879518072,1,TRUE,anonymous_overperformer
dept_054,Biological Sciences,3.48132665945166,1.5617359714003878,0.5592339894266892,1.7148861301648355,2.19100815649315,4.8125,5.5,16,97.2602739726027,1,TRUE,anonymous_overperformer
dept_055,Sociology,0.825632440476191,1.0321434243789867,-0.10716464035998408,-0.3286194309931715,0.8091648673822448,2.21052631578947,1.68421052631579,19,87.4172185430464,1,FALSE,near_expected
dept_056,Chemical Sciences,4.36155913978495,2.401632029401913,0.4549994919698763,1.3952519567186898,1.7994377161327795,4.48387096774194,0.774193548387097,31,95.7345971563981,1,TRUE,near_expected
dept_057,Computational Sciences,2.88897058823529,2.6161118572785043,0.07274511630250968,0.22307226195655797,1.1023433169962016,5.57894736842105,6.15789473684211,19,96.4285714285714,1,TRUE,near_expected
dept_058,Political Science,1.37413983585859,0.9593643435824468,0.19201509136794104,0.58881259579159,1.4109274266653975,2.225,9.6,40,92.5925925925926,1,FALSE,near_expected
dept_059,Health,1.31208264915161,1.229954383840357,0.036167568488298274,0.11090753197235668,1.0641649939623914,0.784615384615385,0.323076923076923,65,88.3333333333333,1,TRUE,near_expected
dept_060,Engineering,3.18732938282119,2.4191627829159867,0.20266743113113717,0.6214779023700326,1.3111040735022046,14.2727272727273,8.63636363636364,11,95.8823529411765,1,TRUE,near_expected
dept_061,Economics,0.712208994708995,0.9065021430679565,-0.10748587778224794,-0.32960450273477815,0.7968711834395152,0.594202898550725,0.782608695652174,69,90.4191616766467,1,FALSE,near_expected
dept_062,Computational Sciences,3.26288336663337,2.096015884281158,0.31982969165537023,0.9807549480262593,1.543736647477366,0.2,3.45,20,80.1020408163265,1,TRUE,near_expected
dept_063,Chemical Sciences,1.95365497076023,1.6318890734514637,0.11534150936720267,0.35369372818141726,1.19131219911457,0.625,3.375,8,30.8056872037915,1,TRUE,near_expected
dept_064,Psychological Sciences,2.03950712886471,1.5279501680208063,0.18428660953769305,0.5651132739540344,1.324190821238379,4.4,3,5,14.0845070422535,1,TRUE,near_expected
dept_065,Physical Sciences,1.3609871031746,1.1890008014380422,0.07563461098524404,0.23193287209165736,1.138810484655815,0.313725490196078,0.392156862745098,51,56.7164179104478,1,TRUE,near_expected
dept_066,Economics,0.963955026455027,0.610874949088928,0.19818283269462655,0.6077259205457249,1.5342615541001359,0,0.476190476190476,21,27.5449101796407,1,FALSE,near_expected
dept_067,Chemical Sciences,1.52029914529915,1.9196893165363327,-0.14709960924292798,-0.4510796632764999,0.7972318944494738,7,7,3,34.1232227488152,1,TRUE,near_expected
dept_068,Biological Sciences,0.887868480725624,1.0279509373402145,-0.0715774881389799,-0.2194917404205207,0.8700474652768183,0.538461538461538,2,13,20.2127659574468,1,TRUE,near_expected
dept_069,Psychological Sciences,2.88835125448029,1.8117998960252075,0.32416041506236537,0.9940350734203718,1.5782315063790864,1.55,0.35,20,80.7017543859649,1,TRUE,near_expected
dept_070,Anthropology,1.62527056277056,0.9612681297426757,0.2915926932680226,0.8941664398034466,1.6566037369306241,2.84615384615385,0.923076923076923,13,80.4347826086957,1,FALSE,near_expected
dept_071,Biological Sciences,4.14583333333333,1.4956994936275376,0.7236182776422609,2.2189691101119218,2.714520740047798,7,0,5,60,1,TRUE,anonymous_overperformer
dept_072,Political Science,1.16663929939792,0.9460038252349006,0.10739930765360395,0.32933903619357036,1.221520709632801,2.75,1.5,8,82.7160493827161,1,FALSE,near_expected
dept_073,Physical Sciences,1.6812925170068,1.1622403942494959,0.2151540570116961,0.6597680312605888,1.4281759007697907,1.47058823529412,0,17,29.3532338308458,1,TRUE,near_expected
dept_074,Engineering,0,1.8237342681254822,-1.0380602175142535,-3.1832025644865594,0.026684680346920755,0,0.5,8,49.6932515337423,0,TRUE,anonymous_underperformer
dept_075,Physical Sciences,0.934391534391534,1.1988693313072059,-0.12815046341642045,-0.3929722735778476,0.7882262056680983,0.214285714285714,1.42857142857143,14,37.8109452736318,0,TRUE,near_expected
dept_076,Engineering,1.51790674603175,1.7566634714862266,-0.09059316129231565,-0.2778031355841692,0.8678465972093481,1.16666666666667,1.5,6,10.4294478527607,0,TRUE,near_expected
dept_077,Computational Sciences,1.46547619047619,1.832227480675546,-0.1386785281446581,-0.4252564918501333,0.8051503901814641,0.363636363636364,2.36363636363636,22,20.9183673469388,1,TRUE,near_expected
dept_078,Mathematical Sciences,0.74015873015873,0.9707415314658385,-0.12443355054138316,-0.38157439280352795,0.7741026555704269,0,0.634615384615385,52,41.7085427135678,1,FALSE,near_expected
dept_079,Physical Sciences,0.998400673400673,1.022667843917917,-0.01207015748826823,-0.03701303221350471,0.9773768080633346,1.13333333333333,1.06666666666667,15,7.96019900497512,1,TRUE,near_expected
dept_080,Engineering,2.47905982905983,1.4626397078957036,0.3455282665966022,1.0595594029859798,1.6719512358816169,0.0909090909090909,3.15909090909091,44,7.64705882352941,1,TRUE,near_expected
dept_081,Biological Sciences,2.01743057234076,1.1425518991862185,0.3424080705331559,1.0499913490876742,1.7336189508830158,0,0.148148148148148,27,7.97546012269939,0,TRUE,near_expected
dept_082,Political Science,0.683899554551728,0.7325997590937978,-0.02851076433031352,-0.08742800908896256,0.9377712502768188,0.233333333333333,5.06666666666667,30,19.7530864197531,0,FALSE,near_expected
dept_083,Sociology,0.713819875776398,0.8810075669314554,-0.09308284846005699,-0.28543773947651485,0.8204228439237096,0.0975609756097561,0.878048780487805,41,36.4238410596027,0,FALSE,near_expected
dept_084,Chemical Sciences,2.63636363636364,1.997951035882179,0.1930551140293144,0.5920018161729812,1.3117323555572495,1.75862068965517,2.44827586206897,29,19.9052132701422,0,TRUE,near_expected
dept_085,Economics,0.716736694677871,0.6203450113497999,0.05778612165333763,0.17720063589288854,1.1437941383855126,0.357142857142857,1.21428571428571,14,25.748502994012,1,FALSE,near_expected
dept_086,Psychological Sciences,1.42595785440613,1.5775951203639589,-0.06063040243744622,-0.1859225980038885,0.9068335459718507,1.41666666666667,3,12,51.7543859649123,1,TRUE,near_expected
dept_087,Sociology,0.744066515495087,0.8776853104054632,-0.07382033602276028,-0.22636941381070136,0.8559653867409246,0.666666666666667,1.5,12,32.4503311258278,0,FALSE,near_expected
dept_088,Biological Sciences,0.394330798146691,1.1649422022653604,-0.4399790791015813,-1.3491919922240523,0.3657217580541686,0.0625,0.34375,32,11.0429447852761,0,TRUE,near_expected
dept_089,Economics,1.68715106732348,1.0243271023410103,0.2832441994139183,0.8685658565255114,1.6169666236085307,2.82352941176471,3.58823529411765,17,65.2694610778443,0,FALSE,near_expected
dept_090,Mathematical Sciences,1.15504201680672,0.8515439695458842,0.15179035156728726,0.46546378352724993,1.336642534932279,0,14.2105263157895,19,41.5094339622641,1,FALSE,near_expected
dept_091,Economics,0.71923740510697,0.658885090858746,0.03573507867452708,0.10958130574666869,1.085136949593781,0.142857142857143,6.10714285714286,28,52.0958083832335,1,FALSE,near_expected
dept_092,Psychological Sciences,1.44372026917276,1.4789434508049708,-0.01431086288988137,-0.04388413570088587,0.9769624039308542,0,0.142857142857143,21,50,1,TRUE,near_expected
dept_093,Mathematical Sciences,0,1.1595903582990816,-0.76991855477483,-2.3609485043880634,0.041336308326985746,0.285714285714286,12.8571428571429,14,73.8693467336683,0,FALSE,anonymous_underperformer
dept_094,Engineering,0.166666666666667,2.5545926451378733,-1.1140897904033085,-3.4163465837967246,0.08318639272483926,11.5384615384615,0.846153846153846,13,62.5,0,TRUE,anonymous_underperformer
dept_095,Physical Sciences,0,1.6514802318862993,-0.9751180621217717,-2.9901909962950364,0.02938617743714182,6.5,4,10,72.1393034825871,0,TRUE,anonymous_underperformer
dept_096,Computational Sciences,5.3236075036075,2.5258009984558303,0.5841822087878679,1.7913896263107962,2.086188920195671,9.58333333333333,6.58333333333333,12,22.4489795918367,0,TRUE,anonymous_overperformer
dept_097,Sociology,1.04522222222222,0.8995002652189985,0.07391561644314093,0.22666159038522216,1.1534722657182317,2.23076923076923,2.38461538461538,13,11.9205298013245,0,FALSE,near_expected
dept_098,Health,0.112698412698413,0.7493147460085718,-0.45243606989201907,-1.3873912453703299,0.20354736793091543,0,0,5,2.17391304347826,1,TRUE,near_expected
dept_099,Economics,1.0516323953824,1.2416854641857191,-0.08859225558525863,-0.27166737575970384,0.8528642815353435,25.1666666666667,8.33333333333333,6,98.8023952095808,1,FALSE,near_expected
dept_100,Biological Sciences,0.628099747474748,1.1040231037880015,-0.2564377400519515,-0.7863640836937302,0.5875963360256239,0.136363636363636,0.954545454545455,22,44.1489361702128,1,TRUE,near_expected
dept_101,Health,0,0.9251984962273665,-0.6550290773470765,-2.0086409281895525,0.05127161310587435,0.0967741935483871,0.225806451612903,31,35,1,TRUE,anonymous_underperformer
dept_102,Engineering,1.26756613756614,1.62211011033737,-0.14527230905258193,-0.44547626324839273,0.7879661329840915,0.142857142857143,0.19047619047619,21,34.3558282208589,1,TRUE,near_expected
dept_103,Medical Sciences,0.867836718020542,1.011240715602849,-0.07397087714860551,-0.22683104685449407,0.8648713760470029,0.227272727272727,0.136363636363636,22,6.45161290322581,1,TRUE,near_expected
dept_104,Computational Sciences,16,1.7797813837556689,1.8108410583826835,5.552928244109464,8.771539672710519,0,0.128205128205128,39,6.63265306122449,1,TRUE,anonymous_overperformer
dept_105,Economics,0.775297619047619,0.6564184431917193,0.06931037444390598,0.21253965613255477,1.1682843603555753,1.05,0.8,20,13.7724550898204,1,FALSE,near_expected
dept_106,Sociology,0.279464285714286,0.7205060839652833,-0.29617701887127834,-0.9082242341110548,0.42759465832995375,1.3,1.3,10,14.5695364238411,1,FALSE,near_expected
dept_107,Psychological Sciences,0.577380952380952,1.5494537974437668,-0.4801132925630248,-1.4722632062621375,0.39224699918411327,0.225,0.575,40,53.5087719298246,1,TRUE,near_expected
dept_108,Physical Sciences,0.789010989010989,1.0536009105481017,-0.13793184691427296,-0.42296680039744716,0.7602485472708567,0.329268292682927,0.0609756097560976,82,12.9353233830846,1,TRUE,near_expected
dept_109,Political Science,0.148809523809524,0.7102215220013295,-0.3978966976527261,-1.220146738116857,0.26151525319376095,0,1.47222222222222,36,54.320987654321,1,FALSE,near_expected
dept_110,Chemical Sciences,0.970890022675737,1.6728225594505566,-0.30464982352124526,-0.9342060153556462,0.592568292698303,0.454545454545454,0.666666666666667,33,19.4312796208531,1,TRUE,near_expected
dept_111,Physical Sciences,0.62962962962963,1.2370900591498644,-0.31682317267947463,-0.9715354839212151,0.5280358004462656,0.833333333333333,0.375,24,17.4129353233831,0,TRUE,near_expected
dept_112,Biological Sciences,1.20271672771673,1.367889804951444,-0.07230770610118398,-0.2217309474055338,0.8835078179856365,1.86666666666667,1,15,28.7234042553192,0,TRUE,near_expected
dept_113,Biological Sciences,1.10111607142857,1.2387201071102685,-0.06343565567422482,-0.1945248824828477,0.8932242657482455,0.818181818181818,2.36363636363636,11,26.5957446808511,0,TRUE,near_expected
dept_114,Political Science,1.30498945498945,1.0522493784107607,0.11613965223189915,0.3561412262849592,1.2292948234120065,2.88888888888889,28.5555555555556,18,85.1851851851852,0,FALSE,near_expected
dept_115,Sociology,0.880145929339478,1.1212944905065458,-0.12067711524925484,-0.3700553168833812,0.7941179070493373,1.15384615384615,2.53846153846154,26,84.7682119205298,0,FALSE,near_expected
dept_116,Engineering,3.25708902208902,2.0305789300528816,0.33983193126352806,1.0420916405821403,1.589504235729699,0.369565217391304,0.369565217391304,46,56.25,0,TRUE,near_expected
dept_117,Economics,1.0233669627075,0.9269116755431048,0.048844383875165764,0.1497808753181103,1.0987349108206448,0.961538461538462,2.19230769230769,26,59.281437125748504,0,FALSE,near_expected
dept_118,Biological Sciences,1.07498024850966,1.4397393642953982,-0.1619395808411167,-0.4965863061968693,0.7551523947558046,1.36842105263158,0.263157894736842,19,46.4285714285714,0,TRUE,near_expected
dept_119,Psychological Sciences,0.627380952380952,1.404119578868806,-0.3902118121752565,-1.1965811041132295,0.4658357966047763,0,2.6875,16,4.3859649122807,0,TRUE,near_expected
dept_120,Physical Sciences,1,1.38171252609057,-0.17467259714988204,-0.5356319891773506,0.7333874509480802,2.48571428571429,0.657142857142857,35,65.9340659340659,1,TRUE,near_expected
dept_121,Engineering,0,2.183609624079148,-1.1580156549626874,-3.551044862715004,0.02238529036631168,3.22222222222222,0,18,83.75,1,TRUE,anonymous_underperformer
dept_122,Medical Sciences,0,1.6522594280653697,-0.9754118910932652,-2.9910920202624305,0.029372726140119175,5.6,1.76,25,93.75,1,TRUE,anonymous_underperformer
dept_123,Biological Sciences,0,1.5707583942585992,-0.9442009504174068,-2.8953839440610936,0.03084975538434403,3.03333333333333,0.133333333333333,30,90.0900900900901,1,TRUE,anonymous_underperformer
dept_124,Agriculture,1.82234126984127,1.5038207217143325,0.1197489241106181,0.3672090268869119,1.2049918267118445,1.1304347826087,0,23,25.3012048192771,0,TRUE,near_expected
dept_125,Geography,1.26851851851852,0.9172335139356123,0.16824371460251575,0.5159178771573707,1.3631853110150733,0.357142857142857,1.35714285714286,14,17.8571428571429,0,FALSE,near_expected
dept_126,Chemical Sciences,3.05359668109668,2.2977771330890584,0.20635591095362948,0.6327885934377725,1.3219298532877188,1.92,0.6,25,63.5071090047393,0,TRUE,near_expected
dept_127,Mathematical Sciences,1.95367063492063,1.1269535870290404,0.32835796477789625,1.006906822856097,1.702421112440342,0.130434782608696,1.65217391304348,23,48.1132075471698,0,FALSE,near_expected
dept_128,Biological Sciences,1.92981150793651,1.4733676309560129,0.16935745381893463,0.5193331487091148,1.299628184100281,2.33333333333333,0.733333333333333,15,44.6808510638298,0,TRUE,near_expected
dept_129,Engineering,2.75192901234568,2.1078794138543264,0.18832947789293653,0.5775106943533148,1.2984641284199359,2.27272727272727,2.72727272727273,11,56.9230769230769,0,TRUE,near_expected
dept_130,Political Science,1.22555916305916,0.664978537600327,0.29019596026620575,0.8898833702875633,1.7840523819642227,0.125,1.375,8,4.9382716049382704,0,FALSE,near_expected
dept_131,Geography,3.54808802308802,0.98165291181963,0.8307756295412502,2.5475661911032925,3.4876924030018097,0.625,4.375,8,42.8571428571429,0,FALSE,anonymous_overperformer
dept_132,Computational Sciences,2.17402797819464,2.2771493021073437,-0.03197249241378475,-0.09804336793514573,0.9556877060619521,0.181818181818182,1.54545454545455,33,57.1428571428571,0,TRUE,near_expected
dept_133,Mathematical Sciences,0.73405695611578,1.0155289523097384,-0.1504179438162233,-0.4612553071797334,0.7358382467376284,0.0357142857142857,1.03571428571429,28,61.3065326633166,1,FALSE,near_expected
dept_134,Physical Sciences,1.65266439909297,1.289508274463198,0.14722750130798679,0.45147184317377614,1.271111520214614,1.75,0.9375,16,64.1791044776119,1,TRUE,near_expected
dept_135,Psychological Sciences,1.19642857142857,1.4681299002862542,-0.11662807384825613,-0.35763896689336305,0.8210289325001419,0.0869565217391304,0.521739130434783,23,46.0526315789474,1,TRUE,near_expected
dept_136,Engineering,2.75502645502646,2.1130704694042834,0.18748580213206845,0.574923570022492,1.296779968430235,2.28571428571429,0,14,85,1,TRUE,near_expected
dept_137,Medical Sciences,3.90983625179127,1.0249192599780939,0.885710763161777,2.7160242971657875,3.6838452888749695,0,0.225806451612903,31,16.6666666666667,1,TRUE,anonymous_overperformer
dept_138,Biological Sciences,1.34263668430335,0.9576899145871811,0.17951192006114047,0.5504717304963878,1.3820091519660285,0,0.192307692307692,26,2.7027027027027,1,TRUE,near_expected
dept_139,Psychological Sciences,1.27291666666667,1.3154581751516496,-0.018543701856553296,-0.05686409931613125,0.9688445173501892,0,2.33333333333333,24,22.3684210526316,1,TRUE,near_expected
dept_140,Health,0.313888888888889,0.8363935036917403,-0.3348122388213387,-1.0266987976763864,0.41052747721336874,0,0,22,14.1304347826087,1,TRUE,near_expected
dept_141,Psychological Sciences,2.60704365079365,1.7672739573150933,0.2650257988463012,0.8126992907625421,1.4621040708244468,0.961538461538462,2.73076923076923,26,47.8070175438597,0,TRUE,near_expected
dept_142,Anthropology,1.31728738832811,0.7040155672981543,0.30740970832384473,0.9426691779285825,1.8133410603543343,0.25,0.833333333333333,24,1.44927536231884,0,FALSE,near_expected
dept_143,Mathematical Sciences,1.56141895141895,1.3395336560432844,0.09060976561517509,0.2778540525947766,1.159683282524791,1.94117647058824,3.70588235294118,17,67.8391959798995,0,FALSE,near_expected
dept_144,Geography,1.22222222222222,1.1334237979705781,0.04077959012062493,0.125050255910516,1.0750351855387057,1,2,24,57.1428571428571,0,FALSE,near_expected
dept_145,Engineering,2.22266992266992,2.325901986788228,-0.031530727024615235,-0.09668869823874492,0.9565503692103652,9.625,2.125,8,43.558282208589,0,TRUE,near_expected
dept_146,Physical Sciences,1.92943722943723,1.5327723004957536,0.14549585894879447,0.446161777047021,1.2506140199807854,4.4,0.45,20,40.7960199004975,0,TRUE,near_expected
dept_147,Biological Sciences,0.729563492063492,1.3031452538150643,-0.2864066304688363,-0.8782634236552238,0.5761122021938051,0.107142857142857,0.25,28,44.1717791411043,0,TRUE,near_expected
dept_148,Biological Sciences,0.708201058201058,1.2999229131322498,-0.29743480233113917,-0.9120812160736091,0.5616624851872399,0.3,0.45,40,34.2465753424658,0,TRUE,near_expected
dept_149,Sociology,1.17792207792208,0.823211706390051,0.17777162725361706,0.5451351378455958,1.406213486301551,0.666666666666667,1.3030303030303,33,49.0066225165563,1,FALSE,near_expected
dept_150,Political Science,0.741878306878307,0.6999889887635158,0.024342243868033075,0.07464527760405713,1.0558532441707615,0.541666666666667,0.75,24,32.0987654320988,1,FALSE,near_expected
dept_151,Biological Sciences,0.701851851851852,1.1508186633448667,-0.2341315605150911,-0.7179623795270289,0.6261160613190148,1.64285714285714,0.928571428571429,14,23.2876712328767,1,TRUE,near_expected
dept_152,Health,1.32380952380952,0.9872851129399074,0.15643843271015545,0.4797170836386343,1.3244280735079905,0.0625,0.0625,32,52.1739130434783,1,TRUE,near_expected
dept_153,Chemical Sciences,0,1.8162189304828318,-1.0353951804736639,-3.1750302517450395,0.026792140612925786,0.791666666666667,1.20833333333333,24,45.4976303317536,1,TRUE,anonymous_underperformer
dept_154,Psychological Sciences,2.5,1.3999650562942056,0.3773087911248785,1.1570141030816878,1.7586630718654996,0.363636363636364,0.431818181818182,44,13.1578947368421,1,TRUE,near_expected
dept_155,Engineering,1.14271708683473,1.68212004662871,-0.2245328535391401,-0.68852802866175,0.6885880047148926,0.727272727272727,1.18181818181818,11,41.7177914110429,1,TRUE,near_expected
dept_156,Economics,1.13816137566138,1.1023293186357788,0.016900360111104074,0.051824806247979964,1.0310953270442014,8.55555555555556,5.22222222222222,9,99.4011976047904,1,FALSE,near_expected
dept_157,Political Science,1.14575066137566,1.066114098339467,0.03781985398050847,0.11597425096160954,1.07135163255681,4.63636363636364,1.90909090909091,11,96.2962962962963,1,FALSE,near_expected
dept_158,Biological Sciences,4.03703703703704,1.255201310659599,0.8035787777419029,2.464167283281787,3.1313461024427007,5.5,0,2,22.2222222222222,1,TRUE,anonymous_overperformer
dept_159,Economics,1.20226308691406,1.1274766489677588,0.03454890191301585,0.10594390509738984,1.0635141580190683,3.16666666666667,0.25,24,71.4285714285714,0,FALSE,near_expected
dept_160,Anthropology,0.844312169312169,1.0171075650410444,-0.08955818675081428,-0.2746293952181483,0.8380712484947765,2.16666666666667,1.91666666666667,12,65.9420289855072,0,FALSE,near_expected
dept_161,Sociology,1.06241998741999,1.008363316041247,0.026559924749667507,0.08144577660259872,1.0510757228254464,0.678571428571429,1.21428571428571,28,59.6026490066225,0,FALSE,near_expected
dept_162,Psychological Sciences,2.45333259086205,2.164553599512732,0.08732773032118368,0.26778972011357793,1.1304005427607884,4.92307692307692,2.30769230769231,13,78.9473684210526,0,TRUE,near_expected
dept_163,Political Science,0.972883597883598,1.0523106833763665,-0.03947009322682393,-0.12103469515575095,0.9279449190771841,2.64285714285714,2.85714285714286,14,68.5185185185185,0,FALSE,near_expected
dept_164,Engineering,3.74517558191251,2.718287163960361,0.24386531248705556,0.7478108446897028,1.370947216503025,24.1428571428571,1.57142857142857,7,66.4705882352941,0,TRUE,near_expected
dept_165,Medical Sciences,2.2867673992674,1.3659241841019747,0.32873580721125384,1.008065473368411,1.6503478261793048,1.23809523809524,0,21,25,0,TRUE,near_expected
dept_166,Chemical Sciences,2.69631242740999,2.3842238254166923,0.08821109961323192,0.2704985643100834,1.1282086711725756,2.18918918918919,3.05405405405405,37,80.0947867298578,0,TRUE,near_expected
dept_167,Computational Sciences,4.20470110087046,2.6726917283839726,0.3486374408262658,1.0690936585275326,1.562681906480759,2.72413793103448,1.58620689655172,29,70.9183673469388,0,TRUE,near_expected
dept_168,Chemical Sciences,1.55585731262202,1.7666003998276123,-0.07923156350378813,-0.24296289548354225,0.8839903991953372,0.153846153846154,1.92307692307692,13,20.3791469194313,0,TRUE,near_expected
dept_169,Computational Sciences,1.62649936868687,2.148972594749818,-0.18142431818982707,-0.5563360826070323,0.7624012107698002,3,6.75,4,14.2857142857143,0,TRUE,near_expected
dept_170,Biological Sciences,1.84882154882155,1.2306440889927237,0.24461504421411706,0.7501098904637273,1.4827082443452708,0.535714285714286,0.5,28,13.8297872340426,0,TRUE,near_expected
dept_171,Economics,0.468137254901961,0.6357845495167145,-0.10812811234748276,-0.3315739094036445,0.7555394114187937,0,2.13333333333333,15,3.59281437125748,0,FALSE,near_expected
dept_172,Health,1.09940794499618,1.0802880596680824,0.009148999675794078,0.028055327368398855,1.0169159402902233,0.0294117647058824,0.794117647058823,34,40,0,TRUE,near_expected
dept_173,Sociology,1.26886446886447,0.8129679268479246,0.22431423138991013,0.6878576257560782,1.5282890914402256,0.227272727272727,0.863636363636364,22,17.2185430463576,0,FALSE,near_expected
dept_174,Physical Sciences,0.827857142857143,1.1117719718117063,-0.14438307156643915,-0.44274942428609676,0.755619143994482,0.222222222222222,0.833333333333333,18,9.45273631840796,0,TRUE,near_expected
dept_175,Economics,0.76047619047619,0.6656291706388819,0.05538140290788307,0.16982658692323446,1.132536547878048,0,0.25,16,2.9940119760479,0,FALSE,near_expected
dept_176,Engineering,2.31950204813108,2.023176217461958,0.09350677983160516,0.2867377213140892,1.1429332577584228,5.5,4.66666666666667,6,21.7647058823529,0,TRUE,near_expected
dept_177,Physical Sciences,1.68337585034014,1.4242233222425411,0.10156445388268565,0.3114465082133849,1.175789192985622,3.75,0.666666666666667,12,28.8557213930348,0,TRUE,near_expected
dept_178,Engineering,1.5952380952381,1.9499010704337056,-0.12809337039742408,-0.3927971983351813,0.8226597403047081,1.53846153846154,11.7692307692308,13,50.920245398773,0,TRUE,near_expected
dept_179,Chemical Sciences,2.69399092970522,1.97576484028556,0.2162063312338096,0.6629948209456764,1.3545456388306234,2.18181818181818,1.36363636363636,11,15.1658767772512,0,TRUE,near_expected
dept_180,Chemical Sciences,0.666666666666667,1.7905133485746592,-0.5153999510470088,-1.5804694354222841,0.3893841178721535,0.166666666666667,1.08333333333333,12,21.8009478672986,0,TRUE,anonymous_underperformer
dept_181,Mathematical Sciences,0.752142857142857,0.9637906700769849,-0.11403709213285695,-0.34969374415787835,0.7912312480464474,0.125,0.8125,16,3.51758793969849,0,FALSE,near_expected
dept_182,Engineering,0.365740740740741,1.9596689638777174,-0.7733804768983451,-2.3715644582563415,0.20687025983550872,1.07142857142857,0.642857142857143,14,38.75,0,TRUE,anonymous_underperformer
dept_183,Engineering,0.706031746031746,1.6789739502000889,-0.4512638094565974,-1.3837965190131094,0.43727191259547477,0.5,6.66666666666667,6,23.0769230769231,0,TRUE,near_expected
dept_184,Physical Sciences,1.24511494252874,1.4110200821286214,-0.07129320931339844,-0.21862000189191486,0.8864456815965409,2.125,2,8,54.9450549450549,0,TRUE,near_expected
dept_185,Chemical Sciences,3.61119047619048,1.9121432285861064,0.4595967466905744,1.4093493980516856,1.8659139775584495,0.705882352941177,0.588235294117647,17,22.1311475409836,0,TRUE,near_expected
dept_186,Anthropology,1.1133658008658,1.0425898766411983,0.03406329281331122,0.10445478904666654,1.0647781255691098,7.4,7,5,93.4782608695652,1,FALSE,near_expected
dept_187,Sociology,1.13350340136054,1.073048283968403,0.028745292893134433,0.08814718887258163,1.0538312717762346,3,1.42857142857143,14,90.728476821192,1,FALSE,near_expected
dept_188,Biological Sciences,1.99109149862228,1.3721020236935066,0.2318618786089356,0.7110024198422766,1.43526376069779,3,6.625,16,72.8723404255319,1,TRUE,near_expected
dept_189,Political Science,1.12871085371085,1.1188088946970511,0.0046624748268476734,0.014297438217230443,1.0084718374909059,22.6666666666667,39.3333333333333,3,88.2716049382716,1,FALSE,near_expected
dept_190,Health,1.60342025699169,1.2690170992300343,0.13747932220588222,0.4215791373428955,1.2535245054494448,1.72413793103448,1.10344827586207,29,48.3333333333333,0,TRUE,near_expected
dept_191,Engineering,3.2691144898462,2.1188457239243363,0.3139434532187857,0.9627048494188941,1.5303598837083503,4.14285714285714,5.85714285714286,7,50,0,TRUE,near_expected
dept_192,Anthropology,1.12059082892416,0.7265907232239113,0.20554595879786575,0.6303048822466121,1.5073458823517882,0.181818181818182,0.863636363636364,22,12.3188405797101,0,FALSE,near_expected
dept_193,Computational Sciences,2.61373317246479,2.6714614713165266,-0.01584844605708824,-0.04859912101521044,0.9787877581732545,4.90909090909091,18.5454545454545,22,75,0,TRUE,near_expected
dept_194,Mathematical Sciences,0.821957671957672,1.0580340252408642,-0.12183960350294809,-0.37362007693092736,0.7869412419606212,0.12,0.36,50,15.0753768844221,0,FALSE,near_expected
dept_195,Biological Sciences,2.34027777777778,1.1385837144654114,0.44591017626303353,1.3673796497182988,2.0110302275619296,0,0.789473684210526,19,15.3374233128834,0,TRUE,near_expected
dept_196,Computational Sciences,2.25214285714286,2.082730889556436,0.05349826313665451,0.1640519553094581,1.0794342916942785,0.266666666666667,2.06666666666667,15,30.1020408163265,0,TRUE,near_expected
dept_197,Agriculture,1.61452380952381,1.464663997544719,0.059026492435046096,0.1810042220304089,1.0989393107791658,0.282608695652174,0.0434782608695652,46,32.5301204819277,0,TRUE,near_expected
dept_198,Engineering,2.08495514147688,1.6378757237173254,0.15656317325486102,0.48009959942635333,1.2648769761170096,0.3,3,10,8.58895705521472,0,TRUE,near_expected
dept_199,Economics,0.746666666666667,0.5960790790082486,0.09015916361391596,0.2764722855048042,1.2330791888348636,0,4.83333333333333,18,38.9221556886228,1,FALSE,near_expected
dept_200,Biological Sciences,1.30815018315018,1.2131143200067638,0.04204569909782674,0.12893276799907208,1.0752393204938944,1.68,1.8,25,36.7021276595745,1,TRUE,near_expected
dept_201,Chemical Sciences,2.8546281333046,2.0278969146223442,0.241406247939993,0.7402701447954406,1.397869217122599,6.6,3.6,10,38.388625592417,1,TRUE,near_expected
dept_202,Political Science,0.264021164021164,0.7211767631484192,-0.3087101822404932,-0.9466570698029455,0.40719738849383363,1,4.83333333333333,6,10.4938271604938,0,FALSE,near_expected
dept_203,Economics,0.20487012987013,0.7682016048797782,-0.38359120253093504,-1.1762790626298034,0.3115004032625665,0.444444444444444,5.55555555555555,9,43.7125748502994,0,FALSE,near_expected
dept_204,Physical Sciences,0.546974206349206,1.2366759705290877,-0.3686899238909422,-1.1305844222027392,0.46396623549573807,1.5,3.625,8,27.8606965174129,0,TRUE,near_expected
dept_205,Mathematical Sciences,0.957787698412698,1.0165697112675716,-0.029582794708864157,-0.09071538085471759,0.9448868534012522,0.0769230769230769,4.15384615384615,13,33.6683417085427,0,FALSE,near_expected
dept_206,Chemical Sciences,1.7914241622575,1.7413034297583017,0.01811840643888374,0.0555599346430708,1.0279800349100885,0.375,7.625,8,24.1706161137441,0,TRUE,near_expected
dept_207,Geography,0.501488095238095,0.9255747087531943,-0.24876779335376403,-0.7628442593259205,0.5652956050315294,0.375,0.8125,16,15.4761904761905,0,FALSE,near_expected
dept_208,Biological Sciences,1.00335317460317,1.2109454631411714,-0.09859787146256238,-0.30234950920680653,0.8353677501476843,0.826086956521739,1.21739130434783,23,7.4468085106383,0,TRUE,near_expected
dept_209,Psychological Sciences,1.92940476190476,1.7533624665658856,0.061976369571098644,0.1900499944297098,1.0976189194367059,0.597014925373134,1.07462686567164,67,38.1578947368421,0,TRUE,near_expected
dept_210,Psychological Sciences,2.90217097717098,1.782620822603449,0.3381398335263759,1.036902837692494,1.6109011426472175,0.941176470588235,0.705882352941177,17,91.2280701754386,1,TRUE,near_expected
dept_211,Chemical Sciences,3.36055996472663,2.4894114567895618,0.22286739642050812,0.6834209189954455,1.3430513419193648,9.22222222222222,0,9,88.5245901639344,1,TRUE,near_expected
dept_212,Engineering,4.27149785597835,2.2505198694752386,0.4834996019273512,1.4826472942666653,1.8784875163734653,5.5,0.818181818181818,22,80.5882352941177,1,TRUE,near_expected
dept_213,Anthropology,1.55530990173847,0.9107723750220458,0.2906659634205757,0.8913246308436126,1.6708535168922136,0.571428571428571,0.428571428571429,56,87.6811594202899,1,FALSE,near_expected
dept_214,Biological Sciences,1.80639593991867,1.6524770335854044,0.05640714340715125,0.17297201117962965,1.0904088004107246,5.08333333333333,0.5,24,94.5205479452055,1,TRUE,near_expected
dept_215,Economics,0.639002267573696,1.03291623744569,-0.2153836490730014,-0.6604720733055525,0.6362470556345783,5.42857142857143,6.42857142857143,14,95.8083832335329,1,FALSE,near_expected
dept_216,Engineering,1.89111111111111,1.7607621971562026,0.04613409575386185,0.14146980053394093,1.0719856611539715,1.08333333333333,3.75,12,12.9411764705882,0,TRUE,near_expected
dept_217,Biological Sciences,0.81832298136646,1.2725917431669669,-0.2230062797918132,-0.6838468036370542,0.6565313792805381,1.1,0.25,20,11.7021276595745,0,TRUE,near_expected
dept_218,Mathematical Sciences,1.20443722943723,1.0096944825633876,0.09248953978508612,0.28361836362159254,1.183772540178526,0.25,1.5,12,18.0904522613065,0,FALSE,near_expected
dept_219,Physical Sciences,2.35357142857143,1.1320147172539685,0.45295846673205165,1.3889931707045382,2.0334530471459407,0.555555555555556,0,9,4.47761194029851,0,TRUE,near_expected
dept_220,Psychological Sciences,0.107142857142857,2.141596582331786,-1.0429484420960926,-3.198192262350097,0.07170245583047141,3.72222222222222,4.11111111111111,18,86.4035087719298,0,TRUE,anonymous_underperformer
dept_221,Biological Sciences,0.15,1.590050801610536,-0.8119155476653679,-2.4897319152291097,0.12194744199606455,1.71052631578947,0.447368421052632,38,68.0981595092024,0,TRUE,anonymous_underperformer
dept_222,Mathematical Sciences,0,1.3339367921833474,-0.8475564521709007,-2.5990244367114435,0.036128817647168875,1.9,4.4,20,66.9811320754717,0,FALSE,anonymous_underperformer
dept_223,Geography,0,1.2463594784324878,-0.809310896239584,-2.481744774446465,0.03856954867214628,0.317460317460317,0.19047619047619,63,84.5238095238095,0,FALSE,anonymous_underperformer
dept_224,Anthropology,0,0.8638787241376524,-0.6226596519888536,-1.9093803688570816,0.054711854734533445,0.857142857142857,3.07142857142857,14,47.8260869565217,0,FALSE,anonymous_underperformer
dept_225,Sociology,0.05,1.0878877364541752,-0.6873627383395055,-2.1077918164075817,0.08788213177480464,0.666666666666667,0.846153846153846,39,76.158940397351,0,FALSE,anonymous_underperformer
dept_226,Agriculture,0,1.7322866212233041,-1.0051388488056399,-3.0822494757046677,0.028053849142222486,3,1.44444444444444,9,65.0602409638554,0,TRUE,anonymous_underperformer
dept_227,Political Science,0,1.2184348318860825,-0.7968019165512341,-2.4433860978001185,0.039418658919712225,6.92307692307692,7.38461538461538,13,86.4197530864197,0,FALSE,anonymous_underperformer
dept_228,Engineering,0.166666666666667,2.721070656543872,-1.1598607579470754,-3.556702854855103,0.07818879181409885,22.2,0.8,5,70,0,TRUE,anonymous_underperformer
dept_229,Chemical Sciences,1.97444653299916,1.6896017547977928,0.1006648462519123,0.3086878692934129,1.1637413720788508,1,12,5,6.16113744075829,0,TRUE,near_expected
dept_230,Mathematical Sciences,0.889756944444444,0.9437850666653094,-0.028188917532098068,-0.08644106870133794,0.9456339966929075,0,4.6,10,20.1005025125628,0,FALSE,near_expected
dept_231,Chemical Sciences,1.88975669392336,2.1403508488459813,-0.08316221935310897,-0.2550162172162965,0.8855917740052238,2.36363636363636,3.18181818181818,11,48.8151658767773,0,TRUE,near_expected
dept_232,Engineering,1.17574404761905,1.961934497251129,-0.30847190433592453,-0.9459263926956967,0.6092365577973651,2.07142857142857,2.28571428571429,14,29.1970802919708,0,TRUE,near_expected
dept_233,Economics,1.17732216343327,1.0422041851269612,0.06406604888428025,0.1964579777397752,1.1237112804970641,5.85714285714286,2,7,48.5714285714286,0,FALSE,near_expected
dept_234,Mathematical Sciences,0,1.126775259910176,-0.7546068700386237,-2.3139953572617675,0.042488996585309365,0.736842105263158,0.631578947368421,19,25.6281407035176,0,FALSE,anonymous_underperformer
dept_235,Chemical Sciences,2.81333678398896,2.115902863672818,0.2019856480568436,0.6193872205445489,1.3220060936313056,0.529411764705882,1,51,55.9241706161137,0,TRUE,near_expected
dept_236,Agriculture,1.72739262371615,1.3289558107552026,0.15792605268877424,0.4842788572727884,1.2889409579722053,0.315789473684211,0,19,8.43373493975904,0,TRUE,near_expected
dept_237,Mathematical Sciences,1.00504201680672,1.2021021550354285,-0.09374741260465969,-0.28747561960492474,0.8426165649214679,0.0317460317460317,0.587301587301587,63,55.6603773584906,0,FALSE,near_expected
dept_238,Psychological Sciences,0,1.2582625418224769,-0.8145957308118587,-2.4979506733717085,0.03821862844926175,0.0344827586206896,14.7586206896552,29,21.9298245614035,1,TRUE,anonymous_underperformer
dept_239,Physical Sciences,1.09716931216931,1.6285518421525613,-0.22584457533074076,-0.6925504120461309,0.6834279903432648,4.09090909090909,1.27272727272727,11,75,0,TRUE,near_expected
dept_240,Health,2.34499007936508,1.3041671027768849,0.37274446031507014,1.14301762263305,1.7686074890269157,1.53846153846154,2.23076923076923,13,72.8260869565217,0,TRUE,near_expected
dept_241,Political Science,1.23607006020799,1.0771256078782039,0.07373486893919556,0.22610732974756745,1.1410175150123654,1.25641025641026,0.794871794871795,39,77.7777777777778,0,FALSE,near_expected
dept_242,Anthropology,0.650390266299357,0.9493035736182971,-0.16646038207638347,-0.5104493035864572,0.7008783764911105,1.36363636363636,0,22,86.231884057971,1,FALSE,near_expected
dept_243,Biological Sciences,0.457142857142857,1.6956845903513185,-0.6151746232616332,-1.8864275938275188,0.2905123067167561,4.66666666666667,0.666666666666667,15,68.4931506849315,0,TRUE,anonymous_underperformer
dept_244,Sociology,0,1.02170578442324,-0.7039416028019987,-2.1586307590651246,0.04665459562384326,0.904761904761905,1.28571428571429,21,60.9271523178808,0,FALSE,anonymous_underperformer
dept_245,Political Science,0,0.914111024670452,-0.6492532979683245,-1.990929551315504,0.05186124701466905,0.209302325581395,0.720930232558139,43,58.641975308642,0,FALSE,anonymous_underperformer
dept_246,Health,0,1.4298670998266743,-0.8878365644274742,-2.7225430481268456,0.03378681775265909,1.80952380952381,0.142857142857143,21,81.6666666666667,0,TRUE,anonymous_underperformer
dept_247,Mathematical Sciences,0.35,1.4011578544875736,-0.5758464679369268,-1.7658281500053574,0.27564196325233425,2,3.58823529411765,17,81.1320754716981,0,FALSE,anonymous_underperformer
dept_248,Economics,0,1.072358518916214,-0.7286873397941778,-2.234513344800121,0.04454904485269256,1.61111111111111,0.888888888888889,18,85.0299401197605,0,FALSE,anonymous_underperformer
dept_249,Biological Sciences,1.90226757369615,1.1843579151294095,0.2841704284054354,0.8714061296150236,1.581605748030931,0.117647058823529,0.117647058823529,34,55.2147239263804,1,TRUE,near_expected
dept_250,Biological Sciences,0.553698979591837,1.0689871041236252,-0.286420639485443,-0.8783063821819412,0.53950485878445,0.0853658536585366,0,82,16.2162162162162,1,TRUE,near_expected
dept_251,Psychological Sciences,2.27528735632184,1.4263116669040534,0.30003333589849557,0.9200495964969716,1.5750653526962624,0.45,0.05,20,21.1267605633803,1,TRUE,near_expected
dept_252,Geography,0,1.2404547622104305,-0.8066788641053539,-2.4736736709612024,0.03874603082897272,0.777777777777778,1,18,88.0952380952381,0,FALSE,anonymous_underperformer
dept_253,Engineering,1.5107654889913,1.8927261674549722,-0.14161168568280313,-0.43425099374890025,0.8033893376934065,0.117647058823529,3.76470588235294,17,63.0769230769231,0,TRUE,near_expected
dept_254,Sociology,0.364285714285714,1.0946419746273786,-0.4287516381666039,-1.3147631429397373,0.36193475642947537,2.33333333333333,5,9,74.8344370860927,0,FALSE,near_expected
dept_255,Economics,0.562318121693122,0.9443051602996533,-0.21873397544490775,-0.6707458197790057,0.6158251471898104,0.327586206896552,1.08620689655172,58,68.8622754491018,0,FALSE,near_expected
dept_256,Mathematical Sciences,0.406179138321995,1.2459372129221795,-0.4682467056853197,-1.4358744215428205,0.35200712949153373,1.125,12,8,78.3018867924528,0,FALSE,near_expected
dept_257,Physical Sciences,1.09346764346764,1.0311657825204237,0.0302119453225993,0.09264466570091302,1.0576247065477578,1.14285714285714,0.857142857142857,7,16.6666666666667,1,TRUE,near_expected
dept_258,Mathematical Sciences,0.649819870388756,0.8752116930844869,-0.12805544353599563,-0.3926808959468179,0.7563889168495961,0,1.8,10,36.6834170854271,1,FALSE,near_expected
dept_259,Health,1.02362637362637,0.9949371036353936,0.014278613529184803,0.04378524331878535,1.027455499370407,0.0909090909090909,0.454545454545454,11,67.3913043478261,1,TRUE,near_expected
dept_260,Chemical Sciences,1.1468253968254,1.9625789933261708,-0.322069979184598,-0.9876247701116323,0.594672507660143,0.315789473684211,1.68421052631579,38,40.7582938388626,0,TRUE,near_expected
dept_261,Psychological Sciences,1.89774801587302,1.9084352477297348,-0.003681331932230636,-0.011288772124862418,0.9945429741069541,3,0.0833333333333333,24,31.140350877193,0,TRUE,near_expected
dept_262,Biological Sciences,1.67564935064935,1.3983074996334772,0.10942881870438514,0.3355625140540075,1.191493761570702,4.66666666666667,16.3333333333333,6,38.2978723404255,0,TRUE,near_expected
dept_263,Geography,1.27972883597884,1.093684853317543,0.08513090303144855,0.26105316847193594,1.1626706711395451,0.294117647058824,0.0588235294117647,34,51.1904761904762,0,FALSE,near_expected
dept_264,Engineering,1.50573192239859,1.6509803041901367,-0.05634862125234352,-0.1727925535045172,0.9146090160869313,0,1.89473684210526,19,57.0552147239264,1,TRUE,near_expected
dept_265,Biological Sciences,0.696990740740741,0.9921077030788594,-0.1603366955260368,-0.49167107241808305,0.7168076183812777,0,0.5,18,18.6170212765957,1,TRUE,near_expected
dept_266,Chemical Sciences,0.757896825396825,1.679699973622923,-0.42158672919968143,-1.2927920123511527,0.4670733871288985,0.333333333333333,1.06666666666667,15,35.0710900473934,1,TRUE,near_expected
dept_267,Medical Sciences,0.69031746031746,1.2363779370652486,-0.2799412071064137,-0.8584372595459414,0.5755054086254194,0.454545454545454,1.09090909090909,11,27.4509803921569,0,TRUE,near_expected
dept_268,Engineering,3.17331932773109,1.8925818668605094,0.3665622381883642,1.1240598926324918,1.6592965180615196,1.33333333333333,3.14814814814815,27,24.1176470588235,0,TRUE,near_expected
dept_269,Anthropology,0.843225623582766,0.9086811306141032,-0.03489540291036197,-0.1070064473707003,0.9317233802344599,1.4,2.45,20,44.2028985507246,0,FALSE,near_expected
dept_270,Economics,1.0120634920634899,0.8787782566659914,0.06853910631766191,0.2101745691790774,1.143505981584828,0.736842105263158,1.57894736842105,19,51.497005988024,0,FALSE,near_expected
dept_271,Political Science,0.950396825396825,0.864204477830437,0.04519844342194179,0.13860063085362337,1.0942812572641702,1.85714285714286,1.14285714285714,7,26.5432098765432,0,FALSE,near_expected
dept_272,Mathematical Sciences,0.852669552669553,1.0118113665643547,-0.08240789324249209,-0.2527030828053423,0.8501223297225305,0,1.66666666666667,21,23.6180904522613,0,FALSE,near_expected
dept_273,Sociology,0.870811287477954,0.9416789664548668,-0.0371808650637756,-0.11401479704544673,0.9285376806667018,0.2,0.433333333333333,30,50.3311258278146,0,FALSE,near_expected
dept_274,Computational Sciences,1.61494708994709,2.068809846904184,-0.16004595039434244,-0.4907795050184213,0.7857935398873864,0.269230769230769,3.26923076923077,26,25.5102040816326,0,TRUE,near_expected
dept_275,Biological Sciences,1.19467120181406,1.5733606309254844,-0.15918044204020043,-0.4881254312315588,0.7667250135938481,6,0.333333333333333,12,33.1288343558282,0,TRUE,near_expected
dept_276,Mathematical Sciences,0.865608465608466,0.9856930771388588,-0.06238075554261413,-0.1912900404692877,0.8840538628855847,0.0161290322580645,0.274193548387097,62,40.7035175879397,1,FALSE,near_expected
dept_277,Engineering,2.55842670401494,1.5949416189526198,0.3157544912551765,0.9682583816943402,1.5857260062979,0,2.52941176470588,17,48.4662576687116,1,TRUE,near_expected
dept_278,Anthropology,1.27838827838828,0.6891769934452674,0.29922687336255427,0.9175765861944306,1.797117997675669,0.875,6.125,8,48.5507246376812,1,FALSE,near_expected
dept_279,Biological Sciences,0.744135802469136,1.088313386006106,-0.1800975569980684,-0.5522675810337991,0.6976425053345338,0.25,0.4375,16,35.6382978723404,1,TRUE,near_expected
dept_280,Psychological Sciences,3.09869281045752,1.5500076726567875,0.4745717281057178,1.4552700473931757,1.9679235695346167,1.47368421052632,0,19,25,1,TRUE,near_expected
dept_281,Economics,0.709350198412698,0.7090763051109441,1.602452485419681e-4,4.91390651041755e-4,1.0003608244650897,0.0526315789473684,1.55263157894737,38,58.0838323353293,1,FALSE,near_expected
dept_282,Computational Sciences,1.06631794131794,2.0632454103975997,-0.3937066944944386,-1.2072981301328174,0.5282481323870042,0.428571428571429,3.42857142857143,7,77.0408163265306,1,TRUE,near_expected
dept_283,Chemical Sciences,2.56169296653168,1.6929850166248683,0.2795857342302126,0.8573472050847082,1.4984024197689232,0.727272727272727,1.90909090909091,11,33.175355450237,1,TRUE,near_expected
dept_284,Biological Sciences,1.33333333333333,0.9422554072432434,0.18344798153277653,0.562541628522623,1.394130304793811,0.111111111111111,1.38888888888889,18,4.9079754601227,1,TRUE,near_expected
dept_285,Engineering,2.94652777777778,1.7580877762805907,0.35829854379982584,1.0987193461729439,1.657291098965297,1.25,9.78571428571429,28,53.3742331288344,1,TRUE,near_expected
dept_286,Physical Sciences,2.01962481962482,1.2336739750203582,0.30148483953064187,0.924500619671016,1.6122667124976158,1,1.61111111111111,18,66.6666666666667,1,TRUE,near_expected
dept_287,Psychological Sciences,1.58974358974359,1.2895521378084172,0.1232026452817846,0.3777998326066463,1.2240983709871145,0.3125,3.5,16,11.4035087719298,1,TRUE,near_expected
dept_288,Chemical Sciences,2.48395445134576,1.9558403983337813,0.16438497605453373,0.5040850891992378,1.2632881726037,1,1,21,23.696682464455,0,TRUE,near_expected
dept_289,Economics,0.807777777777778,0.9552659168834667,-0.07842785915909811,-0.24049834315031393,0.8532844527715288,1.22222222222222,1.77777777777778,18,64.0718562874251,0,FALSE,near_expected
dept_290,Medical Sciences,0.630877976190476,1.2106118147184701,-0.3041508109496657,-0.9326757976758213,0.5401170830233216,1.28571428571429,2.28571428571429,7,10.4166666666667,0,TRUE,near_expected
dept_291,Anthropology,0.781587301587302,0.8924662193994843,-0.06037614704462391,-0.18514292606885896,0.8823523692097617,1.1,3.7,10,55.7971014492754,0,FALSE,near_expected
dept_292,Sociology,1.61916971916972,1.101141235511916,0.22037672387076412,0.6757832934378198,1.4500129677201907,0.6,0.2,30,79.4701986754967,0,FALSE,near_expected
dept_293,Biological Sciences,0.444444444444444,1.18716213085282,-0.4148800927277135,-1.2722261703542703,0.39966018366857525,0.296296296296296,1.22222222222222,27,15.0684931506849,0,TRUE,near_expected
dept_294,Economics,0.666666666666667,0.7802015169083463,-0.0659009458762988,-0.20208467329367097,0.8632442269384416,0.111111111111111,2.77777777777778,18,46.1077844311377,0,FALSE,near_expected
dept_295,Sociology,0.98891093474426806,0.8632106539110993,0.06528606231405176,0.20019913823589391,1.137646533463905,0.0689655172413793,1.68965517241379,29,39.7350993377483,0,FALSE,near_expected
dept_296,Physical Sciences,1.90737433862434,1.5211917991429371,0.1425186588509053,0.4370322190245739,1.2457895590417796,3.90909090909091,3.63636363636364,11,61.1940298507463,0,TRUE,near_expected
dept_297,Engineering,2.46440166975881,1.9320396135866202,0.1668416447447718,0.5116184422195333,1.2685930455289176,0.571428571428571,1.78571428571429,14,51.5625,0,TRUE,near_expected
dept_298,Chemical Sciences,3.48122093955427,2.3068913316613293,0.30388696708414376,0.9318667227732439,1.4982536072484842,2.06451612903226,1.25806451612903,31,64.4549763033175,0,TRUE,near_expected
dept_299,Political Science,1.33021541950113,0.8727123966537182,0.21857285859425735,0.6702517563677309,1.4958240774769893,0,0.885714285714286,35,58.0246913580247,0,FALSE,near_expected
dept_300,Anthropology,1.20542328042328,0.9948431336336392,0.10035403689410904,0.30773477512013375,1.2015423559872653,0.411764705882353,1.88235294117647,17,92.0289855072464,0,FALSE,near_expected
dept_301,Biological Sciences,1.85677186177186,1.4381576190901368,0.1584495877381349,0.48588427291593295,1.2812969791047166,1.36363636363636,2,11,61.1111111111111,0,TRUE,near_expected
dept_302,Chemical Sciences,1.83092286501377,2.846489760148409,-0.30655822258404086,-0.9400581043657631,0.6493801189607508,61.5,39,2,73.4597156398104,0,TRUE,near_expected
dept_303,Medical Sciences,1.36075139146568,1.5892810520121912,-0.09240029650396098,-0.2833446998817186,0.8605915317169104,0.878787878787879,0.121212121212121,33,79.5698924731183,0,TRUE,near_expected
dept_304,Political Science,1.41708683473389,0.885032205325148,0.24861812192746613,0.7623852932081705,1.5690227848608973,0.0454545454545455,2.45454545454545,22,70.9876543209877,0,FALSE,near_expected
dept_305,Engineering,2.38108608058608,2.1330433316491244,0.07619214090260606,0.23364253269976212,1.1136224578508838,2.17647058823529,3.35294117647059,17,60,0,TRUE,near_expected
dept_306,Biological Sciences,0.968662818662819,1.2253142455855488,-0.12254359958931982,-0.37577887476338184,0.7987543636314588,0.529411764705882,1.23529411764706,17,22.0858895705521,0,TRUE,near_expected
dept_307,Physical Sciences,0.895253968253968,1.4011570031707987,-0.23659785610164796,-0.7255252533405626,0.6513795310835248,2.66666666666667,0.857142857142857,21,74.6268656716418,1,TRUE,near_expected
dept_308,Anthropology,0.593101343101343,0.765523867422155,-0.10276480841357227,-0.31512738486826963,0.7885745209814226,0.264705882352941,1.17647058823529,34,63.0434782608696,1,FALSE,near_expected
dept_309,Engineering,1.42093253968254,1.7210252630212612,-0.1168559313022941,-0.3583376897803338,0.830554239058803,0.272727272727273,1.59090909090909,44,51.0948905109489,1,TRUE,near_expected
dept_310,Mathematical Sciences,1.11715367965368,0.9248975202479097,0.09519985255898256,0.291929514002721,1.1972065323921235,0.285714285714286,6.42857142857143,7,54.2713567839196,1,FALSE,near_expected
dept_311,Sociology,0.790178571428571,0.796288793229073,-0.003407379513597375,-0.010448699432712727,0.9927799802509637,0.384615384615385,2.07692307692308,13,61.5894039735099,1,FALSE,near_expected
dept_312,Economics,1.01458916900093,0.740521227777903,0.14623066369646653,0.4484150493694954,1.3466927029820717,0.5,3.125,16,66.4670658682635,1,FALSE,near_expected
dept_313,Political Science,1.41038832199546,0.9673070075104684,0.20312225769373138,0.6228726240403356,1.4355433622435085,4.5,9.25,24,75.9259259259259,1,FALSE,near_expected
dept_314,Sociology,0.74796626984127,0.9457237799994258,-0.10718105062500694,-0.32866975292712414,0.8013932034863426,0.0701754385964912,0.56140350877193,57,50.9933774834437,0,FALSE,near_expected
dept_315,Economics,0.643681318681319,0.8415005876885733,-0.11364234327948514,-0.3484832502566765,0.778105284798356,0.533333333333333,1.93333333333333,15,49.7005988023952,0,FALSE,near_expected
dept_316,Political Science,0.984544695071011,0.8874936918351977,0.050139655007612416,0.15375281290028914,1.1035217666860566,0.210526315789474,1,38,53.7037037037037,0,FALSE,near_expected
dept_317,Anthropology,0.396279761904762,0.8938730406681292,-0.3048125733620699,-0.9347050863169853,0.4728175746908278,0.25,0.916666666666667,36,56.5217391304348,0,FALSE,near_expected
dept_318,Mathematical Sciences,1.30532212885154,1.1522668043896607,0.06869880454777222,0.21066428240289053,1.127305622930826,0.173913043478261,1.60869565217391,23,52.8301886792453,0,FALSE,near_expected
dept_319,Psychological Sciences,0.15,1.5040014483970472,-0.7781280892958516,-2.3861229700882656,0.12870000874600215,0.55,3,20,6.14035087719298,0,TRUE,anonymous_underperformer
dept_320,Psychological Sciences,2.10159503195217,1.5154032523839929,0.20948337598507638,0.6423789375627819,1.3744669488040544,0.333333333333333,1.27777777777778,18,54.3859649122807,1,TRUE,near_expected
dept_321,Chemical Sciences,2.01967120181406,1.6072704736051477,0.1468440733328259,0.45029606464644684,1.2488433449923204,0.666666666666667,0.666666666666667,15,7.58293838862559,1,TRUE,near_expected
dept_322,Biological Sciences,0.616666666666667,1.0368161330960524,-0.23102145331356366,-0.7084252630354277,0.613412560197749,0.125,3,8,0.531914893617021,0,TRUE,near_expected
dept_323,Anthropology,1.04513888888889,0.8405894606083382,0.10537982417247238,0.32314630778763087,1.2296786985788373,0.3,1.35,20,47.1014492753623,0,FALSE,near_expected
dept_324,Biological Sciences,1.71723675385647,1.3854002806281631,0.13024852180847268,0.3994059512598748,1.2311804433276883,0.5625,0.4375,16,55.5555555555556,0,TRUE,near_expected
dept_325,Engineering,3.85817281968967,2.065052675040852,0.46059764896930555,1.4124186561223657,1.8477898285035308,1.42105263157895,2,19,54.7058823529412,0,TRUE,near_expected
dept_326,Agriculture,1.4780505952381,1.4600850985256328,0.007276258527591506,0.022312583041048616,1.0118970094665578,0.578947368421053,0.0526315789473684,19,31.3253012048193,0,TRUE,near_expected
dept_327,Physical Sciences,0.782043650793651,1.5193272888465121,-0.3462310928722321,-1.0617146136040423,0.5301912843210802,4.44444444444445,1.55555555555556,9,51.7412935323383,0,TRUE,near_expected
dept_328,Health,2.27608225108225,1.342561110212543,0.3354034504493688,1.0285117429552304,1.670362782662533,0.8125,1.0625,16,90,0,TRUE,near_expected
dept_329,Economics,0.682456140350877,0.8550512469745131,-0.097657608024309,-0.2994661996093072,0.8092979737881114,1.13333333333333,1.73333333333333,15,38.3233532934132,0,FALSE,near_expected
dept_330,Political Science,0.874624060150376,0.7670847253761979,0.05907699716493642,0.18115909434223926,1.1316134440338061,0.714285714285714,4.42857142857143,7,29.6296296296296,0,FALSE,near_expected
dept_331,Sociology,0.966468253968254,0.8872206044284219,0.041134002300788675,0.12613705775664014,1.0845560257269016,0.2,1.15,20,43.046357615894,0,FALSE,near_expected
dept_332,Geography,1.4093253968254,1.0399829634805156,0.1664053334021942,0.5102804973092339,1.3388515653175956,0.260869565217391,1.78260869565217,23,52.3809523809524,0,FALSE,near_expected
dept_333,Psychological Sciences,1.83332341269841,1.8895866406430755,-0.019663087553622338,-0.06029668575133083,0.970992155356354,2.85714285714286,3.64285714285714,14,50.4385964912281,0,TRUE,near_expected
dept_334,Engineering,2.17632850241546,2.1650909676683123,0.0035441738441075454,0.010868178049019309,1.0050731707686826,6.16666666666667,3.33333333333333,6,40,0,TRUE,near_expected
dept_335,Computational Sciences,3.06517003867276,2.3439460726458967,0.1953040035654121,0.5988980162370732,1.3012699301240875,1.58620689655172,5.72413793103448,29,45.4081632653061,0,TRUE,near_expected
dept_336,Physical Sciences,2.12165286404417,1.2483445878724067,0.32816841895825066,1.0063255822604131,1.6726321227270264,1.18181818181818,0.909090909090909,22,16.9154228855721,0,TRUE,near_expected
dept_337,Chemical Sciences,3.56489040060469,2.1568592662209447,0.3688168748738758,1.1309737162799216,1.6380248871940424,7,1.625,8,11.3744075829384,0,TRUE,near_expected
dept_338,Psychological Sciences,1.8625140291807,1.639623268557839,0.08106406422059731,0.2485822428804951,1.1319174308087667,0.823529411764706,2.82352941176471,17,29.3859649122807,0,TRUE,near_expected
dept_339,Sociology,1.60913580246914,1.1743251474227137,0.18230071699271055,0.5590235518595682,1.3551431218755343,3.66666666666667,6.77777777777778,9,83.4437086092715,0,FALSE,near_expected
dept_340,Engineering,3.03988808349274,2.3180450458429,0.19684122160408846,0.6036118818879571,1.304826565236601,2.11764705882353,0.882352941176471,34,76.5625,0,TRUE,near_expected
dept_341,Physical Sciences,2.26566859066859,1.675630340977626,0.19927952277891925,0.61108891108314,1.3419262142532147,4.375,0.375,8,80.2197802197802,0,TRUE,near_expected
dept_342,Biological Sciences,1.05468253968254,1.3106655519964,-0.11741424667478129,-0.3600497589797,0.811869263583343,2.33333333333333,10,9,32.1428571428571,0,TRUE,near_expected
dept_343,Chemical Sciences,2.82017316017316,2.2145040048261575,0.17262268101769074,0.529345939313499,1.267462170107091,2.16,0.2,25,42.654028436019,0,TRUE,near_expected
dept_344,Engineering,5.4341846188,2.3051166987278315,0.6661533402229531,2.0427533828593853,2.328625423004475,8.375,16.0625,16,57.0588235294118,0,TRUE,anonymous_overperformer
dept_345,Economics,0.488871635610766,0.8006241927671269,-0.19011483701862547,-0.5829854824740203,0.6335014218885394,1,8.14285714285714,7,45.5089820359281,0,FALSE,near_expected
dept_346,Computational Sciences,3.1426253485077,2.456034959085685,0.18120776263884042,0.555672016906772,1.2739747851213195,6,118.785714285714,14,58.1632653061224,0,TRUE,near_expected
dept_347,Computational Sciences,0,2.2756649277650847,-1.186520879857786,-3.6384558851743996,0.021499227770549457,2.33333333333333,11.5555555555556,9,41.3265306122449,0,TRUE,anonymous_underperformer
dept_348,Health,0.358333333333333,0.9345260029899962,-0.35360387875441,-1.0843231969324336,0.4147511920388374,0,4,5,31.5217391304348,0,TRUE,near_expected
dept_349,Mathematical Sciences,1.50880952380952,1.0217942938817588,0.21582296589032202,0.6618192344778246,1.4543924451808,0.7,3,10,58.7939698492462,1,FALSE,near_expected
dept_350,Economics,0.751322751322751,0.6987196152479762,0.0304965605295775,0.09351743574012555,1.0702574568683532,0,1.29166666666667,24,60.4790419161677,1,FALSE,near_expected
dept_351,Physical Sciences,1.99733893557423,1.3278278301820636,0.25278930252956844,0.7751761819885378,1.4859178271233628,2,1.71428571428571,7,81.592039800995,1,TRUE,near_expected
dept_352,Psychological Sciences,2.87411351013836,1.6953789375247283,0.362778062963413,1.1124557524513219,1.6753459362156025,1.38461538461538,1.76923076923077,13,72.3684210526316,1,TRUE,near_expected
dept_353,Engineering,2.54887467424781,1.8879165846634924,0.20609522287806148,0.631989195737448,1.3410663259786741,2.3,2.5,10,60.1226993865031,1,TRUE,near_expected
dept_354,Health,0.519444444444444,1.0762986328756945,-0.31224203411917945,-0.957487462652931,0.5055892174800247,6.33333333333333,58,3,58.3333333333333,1,TRUE,near_expected
dept_355,Sociology,1.50132275132275,0.7071448393561497,0.3819974020282664,1.1713916873486998,2.0489114772834514,0.0294117647058824,0,34,24.5033112582781,1,FALSE,near_expected
dept_356,Psychological Sciences,1.18858024691358,1.5914985961019203,-0.1689832723980097,-0.5181857246593596,0.7545423735693995,0.515151515151515,0.878787878787879,33,57.0175438596491,1,TRUE,near_expected
dept_357,Biological Sciences,2.5,1.124292368182874,0.49932422478492755,1.5311733616492427,2.1715205421507813,0.545454545454545,3.18181818181818,11,51.1111111111111,1,TRUE,anonymous_overperformer
dept_358,Political Science,1.62321428571429,0.756935461076802,0.40082931636924213,1.2291395877238167,2.0735416479051447,0.12280701754386,0.157894736842105,57,51.2345679012346,1,FALSE,near_expected
dept_359,Sociology,0.891294642857143,0.7864523947578799,0.057029839873963595,0.17488150444082048,1.1253415600891559,0,1.4,20,21.8543046357616,0,FALSE,near_expected
dept_360,Engineering,5.54808590102708,1.8560680461855243,0.8297269082004399,2.5443502962976012,2.9369811388581444,1.28571428571429,1.85714285714286,14,20.5882352941176,0,TRUE,anonymous_overperformer
dept_361,Health,0.396218487394958,0.9883192244017565,-0.3535221693092249,-1.0840726356344785,0.42975077115812205,0,0,13,19.5652173913043,0,TRUE,near_expected
dept_362,Biological Sciences,2.32258064516129,1.3210525249397245,0.35872102640246706,1.1000148853733565,1.7304812193578036,0.75,2.75,16,45.7446808510638,0,TRUE,near_expected
dept_363,Chemical Sciences,2.48256403318903,1.8124044506556234,0.21372901978209402,0.655398167078123,1.3598356856898026,0.625,0.5,16,4.91803278688525,0,TRUE,near_expected
dept_364,Anthropology,0.861798941798942,0.7609285721749146,0.05570192557891385,0.1708094668864455,1.1243887231072554,0.153846153846154,0.961538461538462,26,23.1884057971014,0,FALSE,near_expected
dept_365,Engineering,1.58535617499032,1.8082716504053624,-0.08270593931681702,-0.2536170384816307,0.880041502346325,0.575757575757576,1.03030303030303,33,15.3284671532847,0,TRUE,near_expected
dept_366,Physical Sciences,0.995970695970696,1.2970348064076647,-0.14048858017355037,-0.43080700054222165,0.7764986405660441,2.08333333333333,1.58333333333333,12,22.8855721393035,0,TRUE,near_expected
dept_367,Psychological Sciences,2.55656565656566,1.8842793339248147,0.20952030487068973,0.6424921796670497,1.3475642379307853,1.5,0.53125,32,48.2456140350877,0,TRUE,near_expected
dept_368,Political Science,1.01727357609711,0.7351693009214657,0.15064189650419157,0.46194205613575245,1.3592910151282915,0.214285714285714,2.07142857142857,14,21.6049382716049,0,FALSE,near_expected
dept_369,Biological Sciences,2.11580802299552,1.2903303992332078,0.3077924297320107,0.9438427897744108,1.615876222933212,0.529411764705882,0.176470588235294,17,31.1111111111111,0,TRUE,near_expected
dept_370,Medical Sciences,4.9202380952381,1.50786250931858,0.8589458664552847,2.633949975852964,3.190421533035105,1.06451612903226,0.129032258064516,31,58.3333333333333,0,TRUE,anonymous_overperformer
dept_371,Chemical Sciences,1.35910609857978,1.890627522388503,-0.20319083883121192,-0.6230829274977089,0.7261084789962516,2.4,5,5,14.218009478673,0,TRUE,near_expected
dept_372,Engineering,1.28331128747795,1.744488066021395,-0.1839678522328514,-0.5641358074707806,0.7430037082576249,0.363636363636364,0.242424242424242,33,3.64963503649635,0,TRUE,near_expected
dept_373,Mathematical Sciences,1.13945578231293,1.0147595891292758,0.0600516116870099,0.18414774123738678,1.1171120640346865,0.1875,1.9375,16,20.6030150753769,0,FALSE,near_expected
dept_374,Psychological Sciences,1.37310405643739,1.800374060538748,-0.16555417465246913,-0.5076704264586269,0.769089929861557,3.11111111111111,1.55555555555556,9,28.169014084507,0,TRUE,near_expected
dept_375,Computational Sciences,2.15853174603175,2.433963655505025,-0.08360789640940869,-0.25638288200568926,0.8891159663858788,1.77777777777778,0.555555555555556,18,45.9183673469388,0,TRUE,near_expected
dept_376,Sociology,0,0.8599306416296892,-0.6205391975834376,-1.902878013996243,0.05494924306587787,0.653846153846154,0.153846153846154,26,11.2582781456954,0,FALSE,anonymous_underperformer
dept_377,Chemical Sciences,0.766214516708588,1.865983655147501,-0.4840730611759504,-1.4844058020294828,0.4260028599491117,0.75,1,8,22.2748815165877,0,TRUE,near_expected
dept_378,Anthropology,0.533333333333333,0.7198444832395838,-0.11478985518941198,-0.35200208547724293,0.7577287959233104,0.5,3,8,18.1159420289855,0,FALSE,near_expected
dept_379,Biological Sciences,1.47723577235772,1.5077176230624594,-0.012229695327182544,-0.037502253599120246,0.9804317225064115,4.625,3.25,8,45.2127659574468,0,TRUE,near_expected
dept_380,Engineering,3.33173180497124,2.108391639188901,0.33186198241060727,1.0176518622346034,1.5667832211590924,2.33333333333333,0.966666666666667,30,39.0625,0,TRUE,near_expected
dept_381,Computational Sciences,2.65210932857992,2.7741602858308054,-0.03287301820124289,-0.10080482237454935,0.9567832754170393,8,13.7,10,76.530612244898,0,TRUE,near_expected
dept_382,Medical Sciences,3.10581461929501,1.2956109425533002,0.5814051548511502,1.7828738147384722,2.345265276534422,0.233333333333333,0.8,30,37.5,0,TRUE,anonymous_overperformer
dept_383,Computational Sciences,2.88924394319131,2.1549447343839483,0.2092438006591586,0.6416442819243302,1.3330238610322909,1.2,1,15,13.7755102040816,0,TRUE,near_expected
dept_384,Economics,1.25124716553288,0.798612299933783,0.22446893535318757,0.6883320241043939,1.5333824004606296,0.846153846153846,0.230769230769231,13,20.3592814371257,0,FALSE,near_expected
dept_385,Physical Sciences,2.09139142750254,1.2578124587104047,0.31422488381221403,0.9635678538685505,1.6373841778614822,0.595744680851064,0.25531914893617,47,20.8955223880597,0,TRUE,near_expected
dept_386,Anthropology,1.3481684981685,0.7515572217302071,0.29313042856342375,0.8988818916175463,1.744315265665592,0.5,2.3,10,23.9130434782609,0,FALSE,near_expected
dept_387,Biological Sciences,1.28616622574956,1.333324120292804,-0.02041763452833434,-0.06261049744009814,0.9659097287096664,0.214285714285714,0.0714285714285714,14,52.6595744680851,0,TRUE,near_expected
dept_388,Engineering,2.4015306122449,1.9851422693146552,0.13057810327275643,0.4004166099332488,1.2045991325562049,3.05263157894737,0.736842105263158,19,11.1764705882353,0,TRUE,near_expected
dept_389,Chemical Sciences,1.55292945326279,1.927341142100682,-0.13685304600428128,-0.4196586668563322,0.8106489159275139,1.2,0.0666666666666667,15,10.655737704918,0,TRUE,near_expected
dept_390,Economics,1.68216374269006,1.1063465582429335,0.2416688777090894,0.7410754966819623,1.4979624666519349,0.538461538461538,0.307692307692308,91,97.1428571428571,0,FALSE,near_expected
dept_391,Engineering,1.82430555555556,2.3603784867181927,-0.17379109915058244,-0.5329288832836679,0.7775980269835079,2.72727272727273,3.63636363636364,11,96.9230769230769,0,TRUE,near_expected
dept_392,Mathematical Sciences,2.32292768959436,1.5504581797780967,0.2645732071817377,0.8113114223874747,1.4826552293439905,1.88461538461538,0.269230769230769,26,98.1132075471698,0,FALSE,near_expected
dept_393,Biological Sciences,1.6012843858082,2.006683029076513,-0.14483216984088432,-0.44412658021096557,0.8028871549300701,18.8,4.6,5,97.8723404255319,0,TRUE,near_expected
dept_394,Economics,0.874799182299183,0.9906432920796857,-0.05995629793729185,-0.1838554624587448,0.8886802897186866,0.954545454545455,3.13636363636364,22,82.0359281437126,0,FALSE,near_expected
dept_395,Computational Sciences,4.02208243145743,2.8324315647667637,0.27034519961726056,0.8290111866332817,1.412724756844983,5.28571428571429,1.95238095238095,21,76.0204081632653,0,TRUE,near_expected
dept_396,Chemical Sciences,3.88817571317571,2.3189192863021324,0.38717995532810545,1.187283941647916,1.6624355823128008,1.04444444444444,0.288888888888889,45,74.5901639344262,0,TRUE,near_expected
dept_397,Anthropology,1.07164502164502,1.0268356583688876,0.021867200222817074,0.06705557794527067,1.0416120723045208,0.375,0.9375,32,91.304347826087,0,FALSE,near_expected
dept_398,Sociology,1.04250208855472,1.1134216681964393,-0.034132707438892074,-0.10466764838799876,0.9390422393011982,4,7,5,70.8609271523179,0,FALSE,near_expected
dept_399,Political Science,1.00603174603175,1.0189004994853983,-0.006394541084956296,-0.019608804226300822,0.9879607564409937,1.17647058823529,1.88235294117647,17,77.1604938271605,0,FALSE,near_expected
dept_400,Psychological Sciences,2.49281305114638,2.0991086752071815,0.11959289737081935,0.36673057225598,1.1831942611749235,3.53333333333333,2.4,15,78.0701754385965,0,TRUE,near_expected
dept_401,Chemical Sciences,2.12127667653983,2.3554165385578045,-0.07233380795562239,-0.22181098851353925,0.902661406760612,5.125,5.625,8,67.2131147540984,0,TRUE,near_expected
dept_402,Biological Sciences,2.61947698765881,1.4810913784785376,0.3776310015115848,1.158002158410235,1.7435125200113781,3.07407407407407,0.962962962962963,27,32.8767123287671,0,TRUE,near_expected
dept_403,Mathematical Sciences,2.52559523809524,1.2555627719123477,0.4466497758032504,1.3696476252301135,1.972785448165459,0.428571428571429,0.952380952380952,21,67.9245283018868,0,FALSE,near_expected
dept_404,Economics,0.623851294903926,1.1245121924859052,-0.26874154917746723,-0.824093606606265,0.5737286502558062,3.13333333333333,4.66666666666667,15,92.2155688622754,0,FALSE,near_expected
dept_405,Engineering,4.1646862974988,2.192069040850955,0.4811750558287009,1.4755190940161924,1.8798200326155692,0.466666666666667,1.33333333333333,30,92.1875,0,TRUE,near_expected
dept_406,Medical Sciences,3.00429894179894,1.775279008086354,0.36661723385615685,1.124228536366063,1.6733326402526845,3.33333333333333,1.26666666666667,30,89.5833333333333,0,TRUE,near_expected
dept_407,Mathematical Sciences,2.77430555555556,1.4721930405959567,0.42311077958278287,1.2974654995015522,1.8554187808202107,3.16666666666667,3.41666666666667,12,85.8490566037736,0,FALSE,near_expected
dept_408,Computational Sciences,4.23645828466791,2.905193235118483,0.2933381038445424,0.8995187260480385,1.4504832488546398,4.96428571428571,6.42857142857143,28,95.9183673469388,0,TRUE,near_expected
dept_409,Political Science,1.58991702741703,0.915784704842475,0.30149853320939035,0.9245426112169534,1.6980151157855723,0.333333333333333,1.2,30,61.1111111111111,0,FALSE,near_expected
dept_410,Engineering,2.96637004970338,2.119062904411008,0.24031872571107082,0.7369352674062166,1.3906328136308486,1.51851851851852,1.22222222222222,27,55.8282208588957,0,TRUE,near_expected
dept_411,Sociology,1.22490981240981,1.108772502674396,0.053610355130848775,0.16439568442782468,1.1002244266820054,7,13.3333333333333,3,60.2649006622517,0,FALSE,near_expected
dept_412,Chemical Sciences,4.08958053440812,2.4215133679761127,0.397112458969451,1.2177418770638535,1.6749173150529888,3.44,1.28,25,69.1943127962085,0,TRUE,near_expected
dept_413,Physical Sciences,2.0481746031746,1.6353987081725303,0.145508437743606,0.44620034981113105,1.2449129057715016,4,1.84210526315789,19,74.1293532338308,0,TRUE,near_expected
dept_414,Computational Sciences,3.70340067340067,2.9197887467145383,0.1822480334078096,0.5588619981079326,1.2638611677524327,23.5,15,4,63.265306122449,0,TRUE,near_expected
dept_415,Economics,0.853650793650794,0.8223150586530283,0.017049393445887073,0.05228181566368731,1.0359224969085736,0,3.05,20,63.4730538922156,0,FALSE,near_expected
dept_416,Mathematical Sciences,1.79154135338346,1.3354575068846506,0.17838609334106326,0.5470193927205514,1.329193673737683,1.71428571428571,1.71428571428571,21,62.3115577889447,0,FALSE,near_expected
dept_417,Sociology,0.841450216450216,1.079175643174362,-0.12141806745934225,-0.37232744034550574,0.7894699304212343,0.523809523809524,1.16666666666667,42,78.8079470198676,0,FALSE,near_expected
dept_418,Physical Sciences,2.08562717770035,1.7903090912178437,0.10060256070762041,0.30849687121741004,1.1604720032584723,3.44736842105263,0.131578947368421,38,94.0298507462687,0,TRUE,near_expected
dept_419,Economics,0.961473429951691,0.9718998258130913,-0.005301515825646863,-0.016257051842596168,0.9897970470313914,0.347826086956522,2.08695652173913,46,82.6347305389222,0,FALSE,near_expected
dept_420,Political Science,0.836624649859944,1.0197944286163385,-0.09506628065192302,-0.2915199169197001,0.8287803956940545,1.11111111111111,2.11111111111111,18,79.0123456790123,0,FALSE,near_expected
dept_421,Engineering,5.72733523421023,2.6595147445126224,0.6088485567776103,1.8670287663652005,2.1322398211379494,11.3571428571429,5.92857142857143,14,92.9411764705882,0,TRUE,anonymous_overperformer
dept_422,Biological Sciences,0.798250360750361,1.553107275622529,-0.3504969864362881,-1.074795938852636,0.5291288821710094,3.16666666666667,0.75,12,54.7619047619048,0,TRUE,near_expected
dept_423,Anthropology,1.66652661064426,0.9812495585308803,0.2970489948041488,0.9108981406714363,1.6645113653087293,0.222222222222222,1.19444444444444,36,84.0579710144928,0,FALSE,near_expected
dept_424,Mathematical Sciences,0.904777167277167,1.488454697298979,-0.2672968851492462,-0.8196635570177482,0.6206079184219347,3.18181818181818,1.36363636363636,11,83.4170854271357,0,FALSE,near_expected
dept_425,Geography,2.19325396825397,1.3350456201959768,0.3130090211534958,0.9598394216755095,1.6196246069761664,1.05405405405405,0.648648648648649,37,95.2380952380952,0,FALSE,near_expected
dept_426,Chemical Sciences,3.38427248677249,2.298040388846763,0.28469523201468006,0.873015435285941,1.4626121863513721,1.15686274509804,0.450980392156863,51,68.7203791469194,0,TRUE,near_expected
dept_427,Psychological Sciences,1.50667388167388,1.8945546455865956,-0.14387453585280496,-0.4411900039745761,0.8005297692234783,1.33333333333333,2.86666666666667,15,71.0526315789474,0,TRUE,near_expected
dept_428,Anthropology,0.678111946532999,1.0630424226187913,-0.2065124773524979,-0.6332687029285159,0.6541636973906896,1.78571428571429,0.714285714285714,14,76.8115942028985,0,FALSE,near_expected
dept_429,Biological Sciences,1.96092549923195,1.3519529020355412,0.2302558829336212,0.7060776481710754,1.4343745045302316,0.981818181818182,0.490909090909091,55,25,0,TRUE,near_expected
dept_430,Engineering,3.22829494478951,1.8025696282932833,0.41126210473882163,1.2611316418768168,1.7695933770703693,0.173913043478261,0.565217391304348,23,28.125,0,TRUE,near_expected
dept_431,Political Science,0.85625,1.293555060158039,-0.21154471824319698,-0.6487000255417125,0.6745164577724116,15.3333333333333,0.533333333333333,15,96.9135802469136,1,FALSE,near_expected
dept_432,Anthropology,0.698065476190476,1.099929699158873,-0.21241421966052654,-0.6513663440218638,0.6505314861748989,3.12765957446809,0.468085106382979,47,99.2753623188406,1,FALSE,near_expected
dept_433,Health,0.909206349206349,1.2692712217344257,-0.17277110052358624,-0.5298010664283008,0.7270728970691069,0.607142857142857,0,28,64.1304347826087,0,TRUE,near_expected
dept_434,Biological Sciences,0.0416666666666667,1.400039852727907,-0.8346633479990728,-2.559487845701114,0.06321665331764334,0.673469387755102,0.346938775510204,49,43.8356164383562,0,TRUE,anonymous_underperformer
dept_435,Physical Sciences,1.14736507936508,1.3965890697090422,-0.10980495944248048,-0.33671594633270663,0.8277161112560532,1.46666666666667,2.13333333333333,15,56.2189054726368,0,TRUE,near_expected
dept_436,Mathematical Sciences,1.52485380116959,1.1613428105344177,0.1554534604420469,0.4766966748059952,1.300089279000054,1.36363636363636,6.63636363636364,11,43.21608040201,0,FALSE,near_expected
dept_437,Geography,2.01421957671958,0.9973039077697512,0.4115427248000799,1.261992160836673,1.9709843164009242,1.14285714285714,3.57142857142857,7,34.5238095238095,0,FALSE,near_expected
dept_438,Political Science,0.68047619047619,0.8906712113748398,-0.11785470435468426,-0.3614004185970893,0.7765478326997604,0.105263157894737,0.5,38,55.5555555555556,0,FALSE,near_expected
dept_439,Psychological Sciences,1.9955069124424,1.832646695619005,0.055901967412345765,0.17142289341646888,1.0865059903179801,0.958333333333333,0.625,24,52.6315789473684,0,TRUE,near_expected
dept_440,Chemical Sciences,2.45127865961199,2.2090905537552312,0.07275720793987439,0.22310934085662443,1.107206019455119,1.80952380952381,2.76190476190476,21,61.1374407582938,0,TRUE,near_expected
dept_441,Geography,1.63040027605245,1.2404313386569883,0.16046762159693884,0.4920725560677022,1.3022004547729913,1.45454545454545,4.27272727272727,11,89.2857142857143,0,FALSE,near_expected
dept_442,Biological Sciences,1.99011228792782,1.5121506478022604,0.17417172312174278,0.5340960633572889,1.3059638587341038,3.7,3.6,10,52.7777777777778,0,TRUE,near_expected
dept_443,Engineering,3.85906525573192,2.750711657580749,0.25890048787014575,0.793916078306654,1.395739988138788,59.5,83.5,2,82.9411764705882,0,TRUE,near_expected
dept_444,Geography,0.917460317460317,1.0605808018361107,-0.07198632659283999,-0.22074543995820697,0.8711300572284572,0.423076923076923,0.423076923076923,26,44.0476190476191,0,FALSE,near_expected
dept_445,Mathematical Sciences,3.59199346405229,1.2549261792091326,0.7111969997565248,2.1808793702750973,2.7909574672335618,0.447368421052632,0.815789473684211,38,60.377358490566,0,FALSE,anonymous_overperformer
dept_446,Health,0.9505291005291,1.2605242415634095,-0.14749608230193256,-0.45229544443917213,0.7634571485190565,0.148148148148148,0.333333333333333,27,80.4347826086957,0,TRUE,near_expected
dept_447,Physical Sciences,1.1141240446796,1.5358363917134996,-0.1818829567483965,-0.5577424937296034,0.7340757538183125,4.6,3.3,10,58.7064676616915,0,TRUE,near_expected
dept_448,Chemical Sciences,1.11944444444444,1.5864762836592439,-0.19914244130585468,-0.6106685519467054,0.7146112999752755,0.279069767441861,0.418604651162791,43,2.45901639344262,1,TRUE,near_expected
dept_449,Biological Sciences,0.855877976190476,1.0735495591904356,-0.11090401502821634,-0.3400861906595774,0.8062643688305116,0.714285714285714,2,7,34.0425531914894,1,TRUE,near_expected
dept_450,Biological Sciences,0.790740740740741,1.5578614189095945,-0.3565421702310294,-1.0933334420085634,0.5228937835394466,3.27272727272727,4.27272727272727,11,67.5531914893617,0,TRUE,near_expected
dept_451,Computational Sciences,2.30181552986983,2.5709565900860114,-0.07836103454754961,-0.240293426064327,0.8973118970248382,5.4,5.8,10,52.5510204081633,0,TRUE,near_expected
dept_452,Psychological Sciences,0.770021645021645,1.3056127747241995,-0.26435471164843793,-0.8106414077484465,0.6049084667179233,0.333333333333333,2.11111111111111,27,5.26315789473684,1,TRUE,near_expected
dept_453,Political Science,0.99000892270123,0.8798348016359359,0.056955220985124067,0.1746526862717918,1.1184878441540964,0.409090909090909,4.13636363636364,22,60.4938271604938,0,FALSE,near_expected
dept_454,Mathematical Sciences,1.59615672587371,1.3109923409335766,0.11635515197352508,0.35680205435506146,1.209526810962451,1.08,2.36,25,68.8442211055276,0,FALSE,near_expected
dept_455,Chemical Sciences,3.82435832489024,2.623006497855505,0.2863735308742732,0.8781619240384189,1.4494384237369247,7.08695652173913,4.30434782608696,23,84.3601895734597,0,TRUE,near_expected
dept_456,Geography,1.15,1.1188199585644951,0.014608531746554299,0.04479693464254711,1.026676513527198,0.857142857142857,1.64285714285714,14,60.7142857142857,0,FALSE,near_expected
dept_457,Biological Sciences,2.20794327200577,1.4612559969439096,0.26495821904571937,0.8124920578959993,1.4940839120386125,1.44736842105263,0.894736842105263,38,47.2222222222222,0,TRUE,near_expected
dept_458,Physical Sciences,1.33577612863327,1.417397660346122,-0.0343473895756673,-0.10532596927998783,0.9443766785796841,0.304347826086956,0.115942028985507,69,62.6373626373626,0,TRUE,near_expected
dept_459,Health,2.04955357142857,1.2590434000898685,0.30005376050093835,0.9201122283614602,1.6038838523493044,1,0.851063829787234,47,53.3333333333333,0,TRUE,near_expected
dept_460,Economics,1.23469135802469,0.8650397979057254,0.18082073145828592,0.5544851891816642,1.4039732052802463,0.441860465116279,0.697674418604651,43,42.8571428571429,0,FALSE,near_expected
dept_461,Anthropology,1.11933124346917,0.914619411299149,0.10158172567986079,0.31149947202813627,1.2122203117334278,0.705882352941177,4.64705882352941,17,68.1159420289855,0,FALSE,near_expected
dept_462,Mathematical Sciences,1.57700892857143,1.2057879582593563,0.15554460063078956,0.47697615539646443,1.2956080028244752,1.44444444444444,5.77777777777778,9,53.7735849056604,0,FALSE,near_expected
dept_463,Psychological Sciences,3.50078849721707,1.892340718617438,0.4421864914905129,1.3559610029796627,1.8280976469177501,0.361111111111111,0.444444444444444,36,75,0,TRUE,near_expected
dept_464,Sociology,1.62893894300144,0.9662833395020729,0.29043518993053086,0.8906169659577687,1.6520382434135295,0.25,1.5625,16,68.2119205298013,0,FALSE,near_expected
dept_465,Political Science,1.37176434676435,0.8023594521787663,0.2745375149821221,0.8418668849785276,1.6680337657194912,0,3.78571428571429,14,56.1728395061728,0,FALSE,near_expected
dept_466,Engineering,2.79389709906951,2.315332836631955,0.13483572732355564,0.4134725767918743,1.2023242797064417,8.33333333333333,3.83333333333333,6,55.2147239263804,0,TRUE,near_expected
dept_467,Geography,2.43916666666667,1.1277498806742394,0.48016416668228346,1.4724192113032288,2.1134934568973756,0.722222222222222,0.277777777777778,18,55.952380952381,0,FALSE,near_expected
dept_468,Physical Sciences,1.83035714285714,1.1507903420949712,0.274567527016893,0.8419589166202729,1.5659329334516094,0.347826086956522,0.695652173913043,23,11.9402985074627,0,TRUE,near_expected
dept_469,Computational Sciences,1.17666666666667,2.176188061724385,-0.37788710040090423,-1.158787483411127,0.5510166403985229,1.05555555555556,0.944444444444444,18,18.3673469387755,0,TRUE,near_expected
dept_470,Engineering,1.30686985686986,1.844665802055995,-0.20955402683640245,-0.6425955877795335,0.7161526087595258,0.470588235294118,0.333333333333333,51,16.5644171779141,0,TRUE,near_expected
dept_471,Chemical Sciences,3.90899470899471,1.9606704713623708,0.5056534239762882,1.550581795531171,1.9689923164347325,1.88888888888889,1.88888888888889,9,20.8530805687204,0,TRUE,anonymous_overperformer
dept_472,Physical Sciences,1.1182917611489,1.4599672596517088,-0.14953804993967623,-0.4585571203144206,0.7737199291449405,1.82352941176471,2.05882352941176,17,63.18407960199,0,TRUE,near_expected
dept_473,Computational Sciences,1.91418521954236,2.4262508232762188,-0.1618763412098314,-0.49639238242145806,0.793209315098231,1.88,9.72,25,60.7142857142857,0,TRUE,near_expected
dept_474,Political Science,0.814241622574956,0.8901302700793778,-0.04097821106800992,-0.12565932530592358,0.9192785830648615,0.358490566037736,2.43396226415094,53,51.8518518518518,0,FALSE,near_expected
dept_475,Mathematical Sciences,1.93963993331739,1.1903461243845248,0.2942275231852125,0.9022461226656496,1.6041005766069323,0.538461538461538,8.46153846153846,13,70.3517587939699,0,FALSE,near_expected
dept_476,Anthropology,0.839781746031746,0.9372750994237327,-0.051635449492710705,-0.15833965358696228,0.9012500634839338,2.5,4.83333333333333,6,53.6231884057971,0,FALSE,near_expected
dept_477,Biological Sciences,1.5416323953824,1.4861230274677926,0.0220820699658697,0.06771447413026611,1.03613601705204,0.17142857142857101,0.0285714285714286,35,79.7619047619048,0,TRUE,near_expected
dept_478,Economics,0.777380952380952,0.9709970508139762,-0.10339862617842754,-0.317070981492496,0.8103656633692855,0.421052631578947,1.26315789473684,19,85.6287425149701,0,FALSE,near_expected
dept_479,Engineering,3.38153183621934,2.4147974103046037,0.24928022976245656,0.7644156410846695,1.3922165861880167,4.36363636363636,1.63636363636364,11,83.5294117647059,0,TRUE,near_expected
dept_480,Chemical Sciences,2.47013227513228,2.4459041794534073,0.007006381458437572,0.0214850073723807,1.00970714175581,5.06666666666667,4,15,72.9857819905213,0,TRUE,near_expected
dept_481,Geography,0.368571428571429,1.1992885940257758,-0.47436649879072135,-1.4546407134963741,0.33504782687769646,0.75,0.916666666666667,12,82.1428571428571,0,FALSE,near_expected
dept_482,Psychological Sciences,2.66888674388674,2.114908151231876,0.1636886106655142,0.5019496908333755,1.2558901135549971,4,2,4,88.5964912280702,0,TRUE,near_expected
dept_483,Biological Sciences,1.8731135694371,1.4266180413705833,0.1688977736848536,0.5179235436043608,1.3023771317679984,2.23809523809524,1.42857142857143,21,35.6164383561644,0,TRUE,near_expected
dept_484,Mathematical Sciences,1.50798611111111,1.247314996230699,0.1097439163042887,0.3365287580841259,1.2009312430965349,0.866666666666667,4.6,15,68.8679245283019,0,FALSE,near_expected
dept_485,Chemical Sciences,1.80607142857143,2.3829663867031643,-0.18696751679319012,-0.5733342525705598,0.7628841231491628,3.66666666666667,3.2,15,72.5118483412322,0,TRUE,near_expected
dept_486,Engineering,1.34027777777778,1.9316655668123888,-0.22530108358149636,-0.6908837993575965,0.701570336115853,1.55555555555556,2.22222222222222,9,35.9375,0,TRUE,near_expected
dept_487,Economics,0.811068211068211,0.9156810160301285,-0.05615633830625877,-0.1722029195345827,0.8916693988746138,0.144736842105263,0.368421052631579,76,59.8802395209581,0,FALSE,near_expected
dept_488,Engineering,1.4349057073195,2.098761448020994,-0.24109446686877978,-0.7393140708715026,0.6910519121082965,2.3,4.2,10,59.5092024539877,0,TRUE,near_expected
dept_489,Health,2.12167366946779,1.2626543844522438,0.321830660028682,0.9868909000162459,1.6544139075679127,0.233333333333333,0.7,30,79.3478260869565,0,TRUE,near_expected
dept_490,Political Science,1.50893550893551,0.9842669570467022,0.2346090083881195,0.7194264692476334,1.5072854240523865,1.40625,3.59375,32,61.7283950617284,0,FALSE,near_expected
dept_491,Physical Sciences,1.08772780717225,1.4713227425853845,-0.16867722963934095,-0.517247247220575,0.7478543344713029,2.84615384615385,2.84615384615385,13,57.2139303482587,0,TRUE,near_expected
dept_492,Biological Sciences,1.272549760645,1.4166616477793226,-0.06148465971209616,-0.18854217045403843,0.9017415588983847,0.555555555555556,2.61111111111111,18,71.8085106382979,0,TRUE,near_expected
dept_493,Mathematical Sciences,1.48835125448029,1.1944401601931967,0.12569338267356311,0.38543765700180294,1.2361793710044395,0.526315789473684,2.73684210526316,19,57.7889447236181,0,FALSE,near_expected
dept_494,Psychological Sciences,0.77008377425044106,1.6344449713611886,-0.3976456472009485,-1.2193768941054683,0.48685696962111913,0.461538461538462,1.53846153846154,13,36.4035087719298,0,TRUE,near_expected
dept_495,Physical Sciences,0.783730158730159,1.3362320407892625,-0.2698326261622298,-0.8274393846231368,0.6014362200540885,0.947368421052632,1,19,45.273631840796,0,TRUE,near_expected
dept_496,Anthropology,0.856292517006803,0.737894242074671,0.06590705345942782,0.20210340214383754,1.1502717859955003,0.142857142857143,5.14285714285714,7,42.0289855072464,0,FALSE,near_expected
dept_497,Biological Sciences,2.51307043650794,1.4544603129328872,0.35858351804620425,1.0995932172033323,1.7036477562584107,0.418604651162791,0.697674418604651,43,67.4846625766871,0,TRUE,near_expected
dept_498,Economics,0.775637325637326,0.9451154885432171,-0.09116193727166488,-0.27954728214285185,0.829689955731675,0.5,5.15,20,86.2275449101796,0,FALSE,near_expected
dept_499,Health,1.03780952380952,1.0162717310757095,0.01062533975526081,0.03258251129060543,1.0201991594694928,0.111111111111111,0.444444444444444,18,23.3333333333333,0,TRUE,near_expected
dept_500,Political Science,0.833040027605245,0.8569500379975155,-0.012959571493551647,-0.03974041247019927,0.9736369045806954,0.142857142857143,2.35714285714286,14,62.962962962963,0,FALSE,near_expected
dept_501,Computational Sciences,2.74380341880342,3.1260753153027085,-0.0972246167370967,-0.2981384356197045,0.8796401663847652,13.9,2.1,10,86.734693877551,0,TRUE,near_expected
dept_502,Anthropology,0.924047619047619,0.946428264576783,-0.011564931883368823,-0.035463762321425465,0.9775391301864869,1.5,7,6,74.6376811594203,0,FALSE,near_expected
dept_503,Chemical Sciences,2.92745535714286,2.73635657858593,0.04988076458755941,0.15295892769485556,1.0685837484066423,22.75,7.75,4,76.7772511848341,0,TRUE,near_expected
dept_504,Physical Sciences,1.43018776616338,1.680854036479451,-0.0981668896929494,-0.3010279073853205,0.8551776955000058,3.76470588235294,1,17,83.0845771144279,0,TRUE,near_expected
dept_505,Biological Sciences,2.14423601090268,1.5990465078788585,0.1904262888030991,0.5839405466430556,1.3306089309300861,4.8,1.8,5,63.963963963964,0,TRUE,near_expected
dept_506,Computational Sciences,3.26518737672584,1.972679277221538,0.36102245386292253,1.1070721925223042,1.6390079307480527,0,1.27272727272727,22,13.265306122449,0,TRUE,near_expected
dept_507,Engineering,1.60338624338624,1.8576064696849959,-0.09317137678404341,-0.28570921080658673,0.8667334010768294,1.91666666666667,1.33333333333333,12,9.41176470588235,0,TRUE,near_expected
dept_508,Computational Sciences,2.28542087542088,2.2223923359413043,0.019370718931989384,0.059400139933991424,1.0277366449810117,0.866666666666667,2,15,37.2448979591837,0,TRUE,near_expected
dept_509,Engineering,1.38543417366947,1.9497196288229044,-0.21232897351837132,-0.6511049374736282,0.717817714533517,2.5,0.5,8,18.2481751824818,0,TRUE,near_expected
dept_510,Psychological Sciences,2.56529017857143,1.9859182973176197,0.1773381102412166,0.5438057617243085,1.2845752120883973,1.42307692307692,0.115384615384615,26,67.5438596491228,0,TRUE,near_expected
dept_511,Biological Sciences,1.12079365079365,1.1711597835837906,-0.023471105049905683,-0.07197393804870286,0.9587554933701395,0.129032258064516,1.16129032258065,31,15.4255319148936,0,TRUE,near_expected
dept_512,Political Science,0.0625,0.6510853761671702,-0.44080825357568637,-1.3517346484860353,0.160465477992191,0,2.31578947368421,19,44.4444444444444,1,FALSE,near_expected
dept_513,Sociology,0.215986394557823,0.7382253802587844,-0.3573091015798242,-1.095685230271979,0.3374496701317792,0.113636363636364,0.363636363636364,44,31.7880794701987,1,FALSE,near_expected
dept_514,Biological Sciences,0.267857142857143,1.2306594859472666,-0.5649690890539367,-1.7324727629372167,0.2481980154326763,1.9375,1.6875,16,41.0958904109589,1,TRUE,anonymous_underperformer
dept_515,Health,0.291071428571429,1.007946116510312,-0.4416399286326484,-1.3542849727634463,0.32239017020684385,0.666666666666667,10.6666666666667,12,73.9130434782609,1,TRUE,near_expected
dept_516,Engineering,1.10568783068783,1.7300631593126412,-0.25968257002705075,-0.7963143263904329,0.6492397894095459,0.466666666666667,1.1,30,48.2352941176471,1,TRUE,near_expected
dept_517,Physical Sciences,1.68741496598639,1.1361912930354277,0.2295552786374886,0.7039292512336801,1.464700488182136,0.242424242424242,0.484848484848485,33,50.7462686567164,1,TRUE,near_expected
dept_518,Political Science,0.950118203309693,1.4312869752276103,-0.2205307487684055,-0.676255609437312,0.6751684312595928,28.4444444444444,22.3333333333333,9,93.8271604938272,0,FALSE,near_expected
dept_519,Chemical Sciences,3.24305555555556,2.6491202789738804,0.15079754051026417,0.4624193371170655,1.22004772488593,4.8695652173913,0.347826086956522,23,87.7049180327869,0,TRUE,near_expected
dept_520,Mathematical Sciences,1.63044105652801,1.677014225996948,-0.01755054444944182,-0.05381859082643454,0.9730325501852466,11.125,6.5,8,92.462311557789,0,FALSE,near_expected
dept_521,Engineering,2.63057142857143,2.482531367034264,0.041630620550754394,0.1276599332702083,1.0584553713585507,3.37142857142857,0,35,81.25,0,TRUE,near_expected
dept_522,Health,2.69627496159754,1.3848967132453542,0.4381697287967703,1.3436436353627113,1.913918218814647,0.791666666666667,0.75,24,94.5652173913044,0,TRUE,near_expected
dept_523,Mathematical Sciences,0.342857142857143,1.3052587698051963,-0.5403933944843419,-1.6571116108016486,0.2898761119351487,0.37037037037037,2.25925925925926,27,84.9056603773585,0,FALSE,anonymous_underperformer
dept_524,Engineering,1.2687003968254,1.9483500636329842,-0.2620385582877003,-0.8035389437552698,0.6598945904542938,0.588235294117647,0.470588235294118,17,45.2554744525547,0,TRUE,near_expected
dept_525,Chemical Sciences,1.1827380952381,1.78295378493099,-0.24293278052666778,-0.7449512436013586,0.6725418313176467,0.166666666666667,0.125,24,6.55737704918033,0,TRUE,near_expected
dept_526,Economics,1.04513888888889,0.761654257103185,0.14921241710404187,0.457558570076212,1.3492677199741043,0.263157894736842,0.578947368421053,19,24.5508982035928,0,FALSE,near_expected
dept_527,Computational Sciences,2.76444444444444,2.0849742724633353,0.19905697468313233,0.6104064692967407,1.3182568430659032,0.692307692307692,1.61538461538462,13,17.3469387755102,0,TRUE,near_expected
dept_528,Political Science,1.26095679012346,0.9499091860020576,0.14800528194481055,0.45385690068390216,1.3110758541633822,1.96551724137931,3.13793103448276,29,42.5925925925926,0,FALSE,near_expected
dept_529,Sociology,1.16361111111111,0.940159373200359,0.10900851564052383,0.33427365839017265,1.2256724967300143,0.714285714285714,2.19047619047619,21,46.3576158940397,0,FALSE,near_expected
dept_530,Anthropology,1.40658068783069,0.9400377606727854,0.21549950117022276,0.660827332746915,1.4712375079924858,1.07692307692308,3.38461538461538,13,66.6666666666667,0,FALSE,near_expected
dept_531,Mathematical Sciences,2.36284722222222,1.3088714520212648,0.3760291464648464,1.1530900839402938,1.7756258096622826,3.4,7.4,5,61.3207547169811,0,FALSE,near_expected
dept_532,Health,2.98137254901961,1.214731036096182,0.5864956536829223,1.7984837848176796,2.396851553810589,0.264705882352941,0.411764705882353,34,63.0434782608696,0,TRUE,anonymous_overperformer
dept_533,Physical Sciences,2.29117063492063,1.6822144338938676,0.20460058293106753,0.6274058954317605,1.3515478159698056,13.5,2.5,2,61.6915422885572,0,TRUE,near_expected
dept_534,Chemical Sciences,2.85860805860806,2.0148124993987784,0.2467688728731492,0.7567145871809499,1.4086548097974871,2.75,3.25,4,31.7535545023697,0,TRUE,near_expected
dept_535,Economics,0.36734693877551,0.7332615361086547,-0.23713259330526354,-0.7271650202916086,0.5328321633779489,0.175438596491228,0.701754385964912,57,8.38323353293413,0,FALSE,near_expected
dept_536,Health,1.60738095238095,1.1046876902825749,0.2141791605387119,0.6567785197654431,1.435349979331083,0.027027027027027,0.0810810810810811,37,40.2173913043478,0,TRUE,near_expected
dept_537,Mathematical Sciences,1.19836219336219,1.0028176938278262,0.09315758957531317,0.28566693245177827,1.185734435012585,0.04,0.6,25,12.0603015075377,0,FALSE,near_expected
dept_538,Sociology,0.613095238095238,0.8977895557412334,-0.16253497571533682,-0.49841207936351467,0.6996228583429095,0.0344827586206896,0.172413793103448,29,42.3841059602649,0,FALSE,near_expected
dept_539,Chemical Sciences,0,1.9867670384829008,-1.094191544388939,-3.3553287866853005,0.024548708347736634,1,0.482758620689655,29,22.9508196721311,0,TRUE,anonymous_underperformer
dept_540,Engineering,0.0833333333333333,2.2554510022078182,-1.1002881151347703,-3.3740238674766396,0.057833947980523756,5.60869565217391,2.39130434782609,23,42.9411764705882,0,TRUE,anonymous_underperformer
dept_541,Computational Sciences,0,2.3953329748019825,-1.2224018341989655,-3.7484845173751125,0.020447113139693742,2.43478260869565,1.1304347826087,23,31.1224489795918,0,TRUE,anonymous_underperformer
dept_542,Biological Sciences,1.70271577380952,1.2291191609151988,0.19265059730607426,0.5907613691843863,1.3702521448865381,0.3,1.1,10,34.9693251533742,0,TRUE,near_expected
dept_543,Psychological Sciences,1.37562014704872,1.5432905579757716,-0.06820021991758418,-0.20913537700159582,0.8947646993276155,0.409090909090909,1,22,10.5263157894737,0,TRUE,near_expected
dept_544,Political Science,0.601388888888889,0.8244301587800662,-0.13039638825354005,-0.3998593824184915,0.7449295776779403,1.5,3,8,25.9259259259259,0,FALSE,near_expected
dept_545,Physical Sciences,0.821712018140589,1.1572753366418977,-0.1690692789724817,-0.5184494630666339,0.7220490568169011,0.260869565217391,0.391304347826087,23,14.4278606965174,0,TRUE,near_expected
dept_546,Health,2,1.1201499566667374,0.3471254682089767,1.0644572077402044,1.7519122128924254,0.0833333333333333,0.125,24,46.7391304347826,0,TRUE,near_expected
dept_547,Psychological Sciences,2.4832918344282,2.0631533636597643,0.12853287975820593,0.39414494994029087,1.198820624188298,4.42857142857143,1.71428571428571,7,68.859649122807,0,TRUE,near_expected
dept_548,Chemical Sciences,3.61518592518593,2.321156267164693,0.32903915875313094,1.0089956982144765,1.5457378224880014,4.625,6.625,8,66.824644549763,0,TRUE,near_expected
dept_549,Political Science,1.51873015873016,0.8849280162672921,0.2898652367403992,0.8888692094925331,1.677915445290995,1.33333333333333,4,6,52.4691358024691,0,FALSE,near_expected
dept_550,Mathematical Sciences,2.30342261904762,1.1135451814521482,0.4465923699372558,1.3694715906448676,2.02263105598569,1.1,7.9,10,38.6792452830189,0,FALSE,near_expected
dept_551,Computational Sciences,3.28029428483974,2.584644058620072,0.177362582546172,0.5438808058330977,1.2640395479395512,2.68,1.64,25,59.6938775510204,0,TRUE,near_expected
dept_552,Sociology,2.09266817838246,0.9015023265645878,0.48638993454074275,1.4915104739087854,2.251879074346137,1.2,4.4,5,44.3708609271523,0,FALSE,near_expected
dept_553,Engineering,2.97614538239538,2.099960321149951,0.2489235413344859,0.7633218591445835,1.407535456643583,3.66666666666667,4.53333333333333,15,40.8759124087591,0,TRUE,near_expected
dept_554,Economics,0.717614638447972,0.848144385738709,-0.0732456108147227,-0.22460702399435606,0.8546673014235029,1,0.2,10,34.2857142857143,0,FALSE,near_expected
dept_555,Health,3.19475308641975,1.5978546027492708,0.4791485275562313,1.4693047628193212,1.9690772966293404,17.75,4.5,4,68.3333333333333,0,TRUE,near_expected
dept_556,Mathematical Sciences,1.23013888888889,0.9513673237402029,0.13353354702825593,0.40947945232232497,1.2783909146420402,0,2.31578947368421,19,10.0502512562814,0,FALSE,near_expected
dept_557,Engineering,2.17673059964727,1.8730237219123484,0.10048751779569165,0.3081440931356581,1.157931945547141,2,2.85714285714286,7,22.0858895705521,0,TRUE,near_expected
dept_558,Political Science,0.790873015873016,0.79036884660959,2.81561137793207e-4,8.634047628071051e-4,1.0005999380694084,0.344827586206897,0.96551724137931,29,22.2222222222222,0,FALSE,near_expected
dept_559,Chemical Sciences,1.74847097347097,2.0757719814802273,-0.11251117323748305,-0.34501452723096054,0.846031930583002,3.1,0.4,10,17.5355450236967,0,TRUE,near_expected
dept_560,Psychological Sciences,2.03467243867244,1.6618451801784304,0.13108393166715027,0.4019677282740328,1.2177926268163741,0.833333333333333,4.25,12,40.7894736842105,0,TRUE,near_expected
dept_561,Health,1.03417874396135,0.9764869865790902,0.028771152159467572,0.08822648608628711,1.0562031064558601,0,0.333333333333333,27,11.9565217391304,0,TRUE,near_expected
dept_562,Anthropology,1.65898692810458,0.7714343496117502,0.4061556107262855,1.2454726227159008,2.0804911906987216,0.333333333333333,2.44444444444444,9,36.9565217391304,0,FALSE,near_expected
dept_563,Geography,0.95,1.0244019263320858,-0.037444939338724725,-0.11482457849651312,0.9307503788772163,0.875,0.875,8,36.9047619047619,0,FALSE,near_expected
dept_564,Engineering,2.29792602575621,2.2802762281836646,0.005366159094634115,0.016455279860724398,1.0075741224834545,5,1.81818181818182,11,56.9343065693431,0,TRUE,near_expected
dept_565,Political Science,0.909347442680776,0.7242657624195203,0.10196021573852887,0.3126601084777923,1.23904154005582,0.166666666666667,1.05555555555556,18,12.962962962963,0,FALSE,near_expected
dept_566,Anthropology,1.46309523809524,0.7982010557739496,0.31463203421161,0.9648163770020085,1.7838874731352474,0.185185185185185,0.388888888888889,54,22.463768115942,0,FALSE,near_expected
dept_567,Chemical Sciences,1.97246031746032,2.0349977937762667,-0.020820697977605773,-0.06384648797679743,0.970005974825191,0.458333333333333,1.625,24,54.0284360189574,0,TRUE,near_expected
dept_568,Economics,0.729417989417989,0.7028830330062388,0.015462213192340979,0.04741474131853163,1.035244460624643,0.037037037037037,1.2962962962963,27,14.9700598802395,0,FALSE,near_expected
dept_569,Mathematical Sciences,1.05133928571429,1.1519217002522661,-0.04786836705575659,-0.14678792829046716,0.9163153352528162,1.2,8,5,53.7688442211055,0,FALSE,near_expected
dept_570,Sociology,2.1949938949939,0.8949626646862523,0.5223860406998706,1.6018922181506052,2.375748777058071,0.347826086956522,1.21739130434783,23,39.0728476821192,0,FALSE,anonymous_overperformer
dept_571,Chemical Sciences,1.03715728715729,1.7125466346633114,-0.28633256185834755,-0.8780362929099378,0.6168105091670174,0.333333333333333,1.66666666666667,6,9.83606557377049,0,TRUE,near_expected
dept_572,Computational Sciences,1.84013949013949,2.5167980891757638,-0.21369777467202544,-0.6553023542217795,0.7363802778684636,10,9.4,5,31.6326530612245,0,TRUE,near_expected
dept_573,Political Science,0.972842261904762,0.7283642380679141,0.13229984140552475,0.4056963048364274,1.3140920559810156,0.235294117647059,5.05882352941176,17,24.0740740740741,0,FALSE,near_expected
dept_574,Psychological Sciences,2.10697032436163,1.5986631847261745,0.1786509260646958,0.5478314999478622,1.308314726952479,1,1.27272727272727,11,15.3508771929825,0,TRUE,near_expected
dept_575,Economics,1.41473214285714,0.6847534569563547,0.35996913026967303,1.1038421849498197,1.99350153305117,0.666666666666667,6.16666666666667,6,15.5688622754491,0,FALSE,near_expected
dept_576,Chemical Sciences,1.81392857142857,2.1846545873441614,-0.12376225824717801,-0.37951588086329496,0.8341014230945683,3.25,2,12,41.7061611374408,0,TRUE,near_expected
dept_577,Economics,0.753556166056166,1.0053229833831088,-0.13415931584152707,-0.411398366907022,0.7614315036332863,2.33333333333333,5.66666666666667,9,76.6467065868264,0,FALSE,near_expected
dept_578,Anthropology,0.657721560846561,0.8995295943599284,-0.13616216775619172,-0.417540094760069,0.7453391290280229,0.545454545454545,5,11,73.1884057971015,0,FALSE,near_expected
dept_579,Engineering,3.09786641929499,2.039062035260073,0.29891752594822685,0.9166279750580146,1.5068324282208803,27,91,1,8.23529411764706,0,TRUE,near_expected
dept_580,Biological Sciences,1.5496766607877701,1.231769202041733,0.13317191637017844,0.4083705150769061,1.2480223883048849,1.5,1.875,8,12.2340425531915,0,TRUE,near_expected
dept_581,Psychological Sciences,2.84330572808834,2.0175707520952817,0.24188074198533482,0.7417251766293188,1.3993744712998364,4,1.57142857142857,7,63.5964912280702,0,TRUE,near_expected
dept_582,Health,1.20647321428571,1.1340569850904418,0.033370554256325735,0.10233051232946865,1.0611594121795893,0.0357142857142857,0.928571428571429,28,56.6666666666667,0,TRUE,near_expected
dept_583,Mathematical Sciences,0,0.9921595228651579,-0.689219237715651,-2.1134847554831833,0.04797729992673047,0,0.142857142857143,28,6.03015075376884,0,FALSE,anonymous_underperformer
dept_584,Physical Sciences,1.29871031746032,1.1427169266217834,0.0702736184645748,0.21549343548474081,1.1307882762093164,0.0588235294117647,1,34,18.407960199005,0,TRUE,near_expected
dept_585,Sociology,0.799145299145299,0.7904650429775724,0.004836331668204297,0.014830568698413088,1.0103279205247782,0.0227272727272727,0.636363636363636,44,9.93377483443708,0,FALSE,near_expected
dept_586,Political Science,1.27207936507936,0.7305669653074391,0.27224635163128585,0.8348410526318223,1.693742399870378,0.2,7.86666666666667,15,31.4814814814815,0,FALSE,near_expected
dept_587,Sociology,0.947420634920635,0.8921987457994345,0.028766235183798616,0.08821140822346676,1.0586095973566023,1.1875,1.9375,16,67.5496688741722,1,FALSE,near_expected
dept_588,Mathematical Sciences,1.23350754936121,1.3643275520163143,-0.05692040646499108,-0.17454592785075082,0.9075037444695164,11.3333333333333,11.6666666666667,3,82.4120603015075,1,FALSE,near_expected
dept_589,Medical Sciences,0.208333333333333,1.2444395471727678,-0.6192138454773038,-1.8988138333717361,0.1995715704897677,0.05,0.15,20,31.3725490196078,0,TRUE,anonymous_underperformer
dept_590,Economics,1.06157407407407,0.7178509468112539,0.1823957445593225,0.5593149530602234,1.4476430337036583,0,2.25,16,30.5389221556886,0,FALSE,near_expected
dept_591,Sociology,1.66956845238095,0.8066780792908455,0.39042698731300596,1.1972409367883863,2.007251608217175,0.111111111111111,3,9,37.0860927152318,0,FALSE,near_expected
dept_592,Mathematical Sciences,1.03193908193908,1.025898080708746,0.0029774510169298107,0.009130327463486715,1.0056148452522142,0.142857142857143,9.14285714285714,7,47.2361809045226,0,FALSE,near_expected
dept_593,Physical Sciences,2.06974275724276,1.4066857703798914,0.243343163623155,0.7462096797721298,1.455181893271291,1.66666666666667,1.2,15,51.2437810945274,0,TRUE,near_expected
dept_594,Computational Sciences,2.2172582972583,2.4434225095394337,-0.06793635596947856,-0.20832624051595272,0.9092956723476002,1.65,2,20,55.6122448979592,0,TRUE,near_expected
dept_595,Sociology,1.11613320541892,0.8972175961492357,0.1092020737583369,0.33486720266304265,1.2311143819114543,0.125,5.125,8,69.5364238410596,0,FALSE,near_expected
dept_596,Computational Sciences,1.85963203463203,2.427231075707538,-0.1810597112702821,-0.5552180186818928,0.7708735988977564,0.633333333333333,1.26666666666667,30,67.3469387755102,0,TRUE,near_expected
dept_597,Chemical Sciences,2.72402597402597,2.5740546563641264,0.041104624764331854,0.12604697179841742,1.0571525129242707,7,2.58333333333333,12,79.6208530805687,0,TRUE,near_expected
dept_598,Economics,1.12974206349206,0.7947684291746577,0.1711248706348789,0.5247529168941463,1.3965271697531039,0,2.5,18,54.4910179640719,0,FALSE,near_expected
dept_599,Psychological Sciences,3.49186266285549,1.931318312237308,0.4268152049347538,1.3088250873957687,1.7876292976144819,1.76,0.32,25,97.8070175438596,1,TRUE,near_expected
dept_600,Economics,0.982007909785687,0.966466071894327,0.007872367010353876,0.02414054448203825,1.0152900704913794,3.72727272727273,6.81818181818182,11,94.0119760479042,1,FALSE,near_expected
dept_601,Anthropology,0.888465608465609,1.0388236614661892,-0.07660835302884716,-0.23491884353921907,0.8619078016745972,5.57142857142857,3.71428571428571,7,94.2028985507246,1,FALSE,near_expected
dept_602,Psychological Sciences,7,2.045470568462235,0.9657861143749191,2.9615746602692035,3.364399436625663,2.08333333333333,2.25,12,87.280701754386,0,TRUE,anonymous_overperformer
dept_603,Biological Sciences,1.80505883005883,1.4481750270505587,0.1360816519653384,0.41729319379266544,1.238212356076222,0.294117647058824,0,17,73.8095238095238,0,TRUE,near_expected
dept_604,Political Science,0,1.0134865854728883,-0.6998678389941011,-2.1461385980308982,0.04701516754700491,0.941176470588235,5.47058823529412,51,78.3950617283951,0,FALSE,anonymous_underperformer
dept_605,Chemical Sciences,3.51851823886708,2.6394095915574756,0.21636264846763886,0.6634741663740084,1.3268779326396691,5.7,1.1,30,82.4644549763033,0,TRUE,near_expected
dept_606,Anthropology,0,1.0476932166424215,-0.7167138993953183,-2.1977968946941298,0.045550067397644965,1.68421052631579,1.68421052631579,19,76.0869565217391,0,FALSE,anonymous_underperformer
dept_607,Engineering,0.665625,1.9285780441280824,-0.5643165676849901,-1.7304718118748716,0.3616865162957779,0.636363636363636,0.909090909090909,11,47.4452554744526,0,TRUE,anonymous_underperformer
dept_608,Chemical Sciences,2.47665945165945,1.8986654705672992,0.1818214565637426,0.55755390395205,1.2966101620941042,0.541666666666667,0.0833333333333333,24,16.3934426229508,0,TRUE,near_expected
dept_609,Physical Sciences,1.91964285714286,1.320209163006492,0.22980396151947602,0.7046918351130449,1.4374760513359142,0.0434782608695652,0.652173913043478,23,65.1741293532338,0,TRUE,near_expected
dept_610,Mathematical Sciences,0.598420545940789,1.0982954624075552,-0.2721093476706651,-0.8344209311866178,0.5646809267897728,0.1,0.766666666666667,30,34.6733668341708,0,FALSE,near_expected
dept_611,Biological Sciences,1.98707608829695,1.3318595813127265,0.24762895922882955,0.7593520344570218,1.4741556348017553,1.53125,0.15625,32,56.1643835616438,1,TRUE,near_expected
dept_612,Political Science,0.612698412698413,0.9864702742265248,-0.208450523514692,-0.639211704509255,0.6393800470476181,1.36363636363636,0,22,94.4444444444444,1,FALSE,near_expected
dept_613,Economics,0.885606060606061,0.8030474273400274,0.044771038230855154,0.13728999657886062,1.0967808243950372,0,2.11764705882353,34,93.4131736526946,1,FALSE,near_expected
dept_614,Chemical Sciences,1.43993506493506,1.9304056845738051,-0.1831694461238842,-0.5616875021309883,0.7523383095396955,0.585365853658537,0.463414634146341,41,63.1147540983607,1,TRUE,near_expected
dept_615,Health,1.11549344375431,1.115431078356563,2.948074229436326e-5,9.040243801886377e-5,1.0000535127292425,0.208333333333333,0.25,24,85.8695652173913,1,TRUE,near_expected
dept_616,Mathematical Sciences,1.06340939153439,1.0441127766334248,0.009395813861302726,0.028812180906379662,1.0176367695479627,0.0454545454545455,1.27272727272727,22,72.3618090452261,1,FALSE,near_expected
dept_617,Engineering,2.22663024805882,1.7236562592075542,0.1694631351916016,0.5196572197127196,1.2835803083264778,1.33333333333333,1.66666666666667,9,41.1042944785276,1,TRUE,near_expected
dept_618,Computational Sciences,2.96400793650794,2.5212536876180915,0.11843853115725778,0.36319071837335554,1.17219391887387,4.125,2.375,8,93.3673469387755,1,TRUE,near_expected
dept_619,Health,0.700850340136054,1.0134859487732482,-0.16873919669273474,-0.5174372686470287,0.7060275135766246,0.0434782608695652,2.34782608695652,23,76.0869565217391,1,TRUE,near_expected
dept_620,Geography,0.701530612244898,1.0590439999897328,-0.19071359128406995,-0.5848215571844297,0.6776382291882518,0.555555555555556,3.55555555555556,9,63.0952380952381,0,FALSE,near_expected
dept_621,Computational Sciences,2.34210526315789,2.2415427551447125,0.03055155126040554,0.09368606433453791,1.0438841945180406,0.277777777777778,0.888888888888889,18,50.5102040816327,0,TRUE,near_expected
dept_622,Engineering,1.37859623015873,2.1189107945513004,-0.2709733421492764,-0.8309373802057174,0.6586698880136631,3.36363636363636,1.63636363636364,11,42.3357664233577,0,TRUE,near_expected
dept_623,Anthropology,0.311224489795918,0.7594227230080794,-0.2940243312912896,-0.9016230365027238,0.44627421436043907,0.105263157894737,0.789473684210526,19,26.8115942028986,0,FALSE,near_expected
dept_624,Chemical Sciences,1.65096153846154,2.2426788261774773,-0.20147736750943168,-0.6178285826980151,0.7419100831046224,3.28571428571429,3.76190476190476,21,50.7109004739336,0,TRUE,near_expected
dept_625,Sociology,1.27119047619048,0.9008738940027023,0.1779904082313234,0.5458060277973977,1.3894486792869352,0.538461538461538,1.15384615384615,13,40.3973509933775,0,FALSE,near_expected
dept_626,Computational Sciences,1.02380952380952,2.1327738956926807,-0.43693720253216983,-1.3398641043681927,0.4919472080587429,0.1875,0,16,29.0816326530612,0,TRUE,near_expected
dept_627,Political Science,0.757142857142857,0.7053863253992407,0.029897444441941756,0.09168025150513577,1.0685166384449198,0.363636363636364,1.18181818181818,11,5.55555555555556,0,FALSE,near_expected
dept_628,Physical Sciences,2.68887520525452,1.2732143421876114,0.48412674948923706,1.4845704367719113,2.0698651140120345,1.94117647058824,1.64705882352941,17,15.9203980099502,0,TRUE,near_expected
dept_629,Psychological Sciences,2.14136473429952,1.8929233759626727,0.08238979462460749,0.2526475835521263,1.1278698693991216,1.42105263157895,1.47368421052632,19,61.8421052631579,0,TRUE,near_expected
dept_630,Sociology,0.782967032967033,0.7798109749036528,0.0017716842766765106,0.005432854315986771,1.0038033457725075,0.0416666666666667,0.958333333333333,24,13.9072847682119,0,FALSE,near_expected
dept_631,Economics,0.360119047619048,0.7242520948253626,-0.23722115731726534,-0.727436601058667,0.5296970461688617,0.0588235294117647,1.88235294117647,17,28.1437125748503,0,FALSE,near_expected
dept_632,Chemical Sciences,2.75892336059003,1.992230523552906,0.22811347234368728,0.69950796486273,1.3754193408603523,2.63636363636364,1.36363636363636,11,12.2950819672131,0,TRUE,near_expected
dept_633,Health,1.64957580733443,1.205314939311982,0.18352922616156275,0.5627907644651624,1.3539039121656118,0.909090909090909,1,11,57.6086956521739,0,TRUE,near_expected
dept_634,Engineering,4.48965919701214,2.0218284128280386,0.5970040936512153,1.830707823935491,2.191136664071288,2.91666666666667,2.75,12,32.5153374233129,0,TRUE,anonymous_overperformer
dept_635,Anthropology,1.25400432900433,0.8220855823248865,0.2127265668304058,0.6523241538824027,1.4952710553108726,1.73076923076923,4.57692307692308,26,15.2173913043478,0,FALSE,near_expected
dept_636,Mathematical Sciences,1.76643949143949,1.060733943187938,0.29449890878653373,0.9030783242349951,1.6353506639277573,0.588235294117647,5.23529411764706,17,71.8592964824121,1,FALSE,near_expected
dept_637,Engineering,1.69159451659452,1.903747763637305,-0.07586845983754997,-0.23264996754893863,0.8914121612874848,1.5,8.59090909090909,22,78.4615384615385,1,TRUE,near_expected
dept_638,Political Science,0.906084656084656,0.8879070090845411,0.009582406972530544,0.02938436704756348,1.0193810759745334,1.86842105263158,13.2105263157895,38,80.8641975308642,1,FALSE,near_expected
dept_639,Physical Sciences,1.30963718820862,1.3557571789299963,-0.019771744690769144,-0.06062988191064779,0.9671920645950527,4.57142857142857,6.42857142857143,7,71.6417910447761,1,TRUE,near_expected
dept_640,Medical Sciences,1.68057445200302,1.25509711216207,0.1728380820281854,0.5300064646254521,1.3260120154094044,1.55555555555556,1.44444444444444,9,54.8387096774194,1,TRUE,near_expected
dept_641,Psychological Sciences,2.84723424723425,1.4760561678089301,0.4406874733376437,1.3513642769440077,1.8985108860010176,0.2,2.3,10,16.2280701754386,0,TRUE,near_expected
dept_642,Biological Sciences,1.42579365079365,1.3187953610117757,0.045110939640498726,0.1383323012742866,1.0781696759278787,1.73684210526316,1.26315789473684,19,18.0851063829787,0,TRUE,near_expected
dept_643,Mathematical Sciences,1.01343537414966,0.9486831633243438,0.032688560920949294,0.10023918574021591,1.0648375913435586,0,4.88888888888889,9,23.1155778894472,0,FALSE,near_expected
dept_644,Biological Sciences,0.912181337181337,1.3456348436452195,-0.20431143574229238,-0.6265192281100652,0.6894219799415745,2,3.25,12,31.9148936170213,0,TRUE,near_expected
dept_645,Geography,1.1843253968254,0.9971351250863196,0.08959332182120128,0.2747371366037354,1.1787641988646398,1.28571428571429,1,7,22.6190476190476,0,FALSE,near_expected
dept_646,Psychological Sciences,0.793137254901961,2.070306908165271,-0.5378107845762882,-1.649192060140059,0.39764868550635374,2.47368421052632,0,19,69.0140845070423,0,TRUE,anonymous_underperformer
dept_647,Computational Sciences,2.8125,2.3378311612166307,0.1329638987949997,0.4077326310046767,1.1987866003647927,0.75,0.4375,16,51.0204081632653,0,TRUE,near_expected
dept_648,Mathematical Sciences,1.53306878306878,1.0916894191708808,0.19145945145337806,0.5871087308605136,1.3866019571403563,0.388888888888889,0.833333333333333,18,28.1407035175879,0,FALSE,near_expected
dept_649,Chemical Sciences,1.75111111111111,2.1436163391357144,-0.13336896710358825,-0.40897476942491245,0.8210693360447655,0.342105263157895,0.684210526315789,38,67.7725118483412,0,TRUE,near_expected
dept_650,Physical Sciences,1.47606382978723,1.6288100184215017,-0.05986114543104637,-0.18356367813179772,0.9090152030556197,2.16666666666667,0.138888888888889,36,76.6169154228856,0,TRUE,near_expected
dept_651,Biological Sciences,1.3141872471790501,1.74575510366682,-0.17099757567342166,-0.524362568009834,0.7596733231571859,4.3,1.2,10,88.8297872340426,0,TRUE,near_expected
dept_652,Political Science,0.982636236312707,1.0101310951787923,-0.013772549808794943,-0.04223340335289716,0.9740646614450562,1.61111111111111,6.55555555555555,18,76.5432098765432,0,FALSE,near_expected
dept_653,Mathematical Sciences,1.06214797747056,1.2648286628368868,-0.09375096345751022,-0.28748650826408845,0.8458501163725615,0.111111111111111,1.59259259259259,27,81.9095477386935,0,FALSE,near_expected
dept_654,Chemical Sciences,2.05885225885226,2.585113818941707,-0.15875045540819155,-0.48680688099081926,0.8002888693814372,9.22222222222222,2.77777777777778,9,73.9336492890995,0,TRUE,near_expected
dept_655,Engineering,2.90226757369614,2.184636004936459,0.20321981499520114,0.623171782650774,1.3211402515552355,1.61904761904762,0.857142857142857,21,66.25,0,TRUE,near_expected
dept_656,Health,1.62598214285714,1.2837048136351137,0.13965593325085102,0.4282536960470386,1.2566364953644602,1.25,4.375,8,83.695652173913,0,TRUE,near_expected
dept_657,Anthropology,0.545530492898914,0.9661524156690224,-0.24071133197825623,-0.7381391910856465,0.5860641412802468,0.516129032258065,1.19354838709677,31,71.7391304347826,0,FALSE,near_expected
dept_658,Health,2.01678754578755,1.4078525193635412,0.22545725920827042,0.6913627105491327,1.4176931605467562,4,9,5,89.1304347826087,0,TRUE,near_expected
dept_659,Mathematical Sciences,1.74619883040936,1.3593700372405677,0.1518230619794041,0.4655640897194909,1.27446928978721,0.666666666666667,3.26666666666667,30,90.9547738693467,0,FALSE,near_expected
dept_660,Political Science,1.24343434343434,1.0536655502229695,0.08838161103594155,0.271021436094288,1.171944112211378,1.52380952380952,6.90476190476191,21,88.8888888888889,0,FALSE,near_expected
dept_661,Physical Sciences,1.876247332914,1.8091797815746276,0.02359388702946008,0.07235044791353978,1.036073731009795,4.09523809523809,0.166666666666667,42,91.044776119403,0,TRUE,near_expected
dept_662,Health,1.78988474975317,1.3650501136513142,0.16520107522389438,0.5065876501537505,1.3002258591433464,0.464285714285714,0.5,28,95.6521739130435,0,TRUE,near_expected
dept_663,Computational Sciences,3.15232632446918,2.9636548257383803,0.04650220188498677,0.14259859476074022,1.0626055436473463,4.87096774193548,2.41935483870968,31,95.4081632653061,0,TRUE,near_expected
dept_664,Agriculture,2.058170995671,1.8641887129458241,0.06553188510980257,0.20095295168586602,1.1013391633819887,1.46153846153846,0.0384615384615385,26,92.7710843373494,0,TRUE,near_expected
dept_665,Biological Sciences,2.18164983164983,1.7234560093591562,0.15549821177278544,0.47683390436972156,1.258362101948186,2.67741935483871,0.935483870967742,31,87.6712328767123,0,TRUE,near_expected
dept_666,Anthropology,1.3890289449113,0.9694584048324533,0.1931284006340085,0.5922265489043474,1.4115621962504714,0.733333333333333,4.13333333333333,15,83.3333333333333,0,FALSE,near_expected
dept_667,Economics,1.82829861111111,1.0492530220899456,0.32219998609656386,0.9880234351684247,1.7087045233134863,0.821428571428571,0.607142857142857,28,88.5714285714286,0,FALSE,near_expected
dept_668,Sociology,0.940458152958153,1.2114534936949681,-0.13072588228929316,-0.4008697729930421,0.7851721509422968,1.525,2.2,40,95.364238410596,0,FALSE,near_expected
dept_669,Psychological Sciences,2.80524943310658,2.2470457371266894,0.15863596421498238,0.48645579474968703,1.2430093954847115,3.58823529411765,0.647058823529412,17,94.2982456140351,0,TRUE,near_expected
dept_670,Political Science,1.07169312169312,0.7701315103577984,0.1573123626744729,0.48239698221933375,1.3676990915807632,0,1.93333333333333,15,40.1234567901235,0,FALSE,near_expected
dept_671,Physical Sciences,1.39875776397516,1.529979122403216,-0.0532600456808886,-0.16332146356793475,0.9169474098945924,2.16666666666667,0.75,12,71.1442786069652,0,TRUE,near_expected
dept_672,Anthropology,0.596320346320346,0.8196516211931097,-0.13094386870704727,-0.40153822643371023,0.7431945512084867,0.4,6.6,10,57.2463768115942,0,FALSE,near_expected
dept_673,Geography,0.786111111111111,1.0790095116313947,-0.1518508911772225,-0.4656494277108424,0.7405704757110046,0.181818181818182,0.5,22,59.5238095238095,0,FALSE,near_expected
dept_674,Chemical Sciences,2.03492063492063,2.134711754566473,-0.032351951315065186,-0.09920697533218631,0.9543229813098866,1.77777777777778,1.55555555555556,18,45.9715639810426,0,TRUE,near_expected
dept_675,Economics,1.3843984962406,0.7641995429058499,0.30124981894948766,0.9237799311174862,1.7617284469618855,2.66666666666667,67.6666666666667,3,37.7245508982036,0,FALSE,near_expected
dept_676,Computational Sciences,2.31407700074979,2.2552081987004127,0.01792291737292384,0.05496046913462203,1.0255373037813094,0.390243902439024,0.731707317073171,41,39.7959183673469,0,TRUE,near_expected
dept_677,Psychological Sciences,1.85984848484849,1.887598838075374,-0.009656658795874185,-0.02961205961346555,0.985677967656892,1.55,2,20,60.0877192982456,0,TRUE,near_expected
dept_678,Chemical Sciences,1.92840501792115,2.182755594461484,-0.08328944837695107,-0.25540636390349075,0.8860822128623173,1.35714285714286,1,14,61.6113744075829,0,TRUE,near_expected
dept_679,Computational Sciences,1.47723214285714,2.294953039697439,-0.2852500503874579,-0.8747167809663305,0.6512847451538702,0.238095238095238,0.761904761904762,21,58.6734693877551,0,TRUE,near_expected
dept_680,Anthropology,0.855032467532468,0.7645669896079419,0.04999686999951314,0.15331496392362742,1.1110595924935136,0,1.04761904761905,21,33.3333333333333,0,FALSE,near_expected
dept_681,Engineering,1.8,2.1437649953850575,-0.11580170757717356,-0.35510492196135113,0.8432990789313245,5.66666666666667,4.66666666666667,3,49.4117647058824,0,TRUE,near_expected
dept_682,Chemical Sciences,3.02152817942292,1.9430760375174119,0.31220666887479287,0.9573790154407876,1.5410993467408474,0.230769230769231,0.307692307692308,13,43.1279620853081,0,TRUE,near_expected
dept_683,Computational Sciences,1.62957122242837,2.083003102183488,-0.15908335552474873,-0.48782771628232113,0.7874209000019954,0.6875,1.6875,16,15.3061224489796,0,TRUE,near_expected
dept_684,Biological Sciences,1.45199456975773,1.4120259049725878,0.01643478460829595,0.050397123046662606,1.0273378636104888,1,0.555555555555556,9,57.4468085106383,0,TRUE,near_expected
dept_685,Anthropology,0.647012138188609,0.7282001619339131,-0.04811767707999931,-0.1475524352960646,0.895672054933087,0,1.06666666666667,30,62.3188405797101,1,FALSE,near_expected
dept_686,Mathematical Sciences,1.29220458553792,1.0724344841111324,0.10079006005635305,0.3090718363279645,1.1957977098332166,0.628571428571429,0.457142857142857,35,50.7537688442211,1,FALSE,near_expected
dept_687,Engineering,3.44043094382077,1.9770658527527325,0.3998132288561407,1.2260237642649499,1.721912950721756,4.83333333333333,2.75,12,50.5882352941176,1,TRUE,near_expected
dept_688,Chemical Sciences,1.91959109730849,2.296624560963965,-0.12145551337385418,-0.37244226791436236,0.839329447953705,11.2222222222222,2.33333333333333,9,62.085308056872,1,TRUE,near_expected
dept_689,Political Science,1.15390946502058,0.9319527422081519,0.10875327181912353,0.3334909554475665,1.2260360537446089,2.57142857142857,0.142857142857143,14,66.6666666666667,1,FALSE,near_expected
dept_690,Mathematical Sciences,0,1.0314192326225569,-0.7087346781473227,-2.1733286826283145,0.04623553797794466,0,0.613636363636364,44,16.0377358490566,0,FALSE,anonymous_underperformer
dept_691,Health,1.71294642857143,1.234907753206075,0.19383533380582185,0.5943943532835824,1.3720412412272887,0.363636363636364,0.545454545454545,11,77.1739130434783,0,TRUE,near_expected
dept_692,Medical Sciences,2.17082693292371,1.5860817262064808,0.2038485328132298,0.6250997403327277,1.3574058663151596,4.9,0.2,10,40.8602150537634,0,TRUE,near_expected
dept_693,Biological Sciences,2.03489941431118,1.229408726506355,0.3084418768044569,0.9458343135334654,1.6295804234541649,0.258064516129032,1.03225806451613,31,24.6575342465753,0,TRUE,near_expected
dept_694,Mathematical Sciences,2.996546635183,1.1807100903938696,0.6057800937208637,1.8576193512788028,2.475438089735658,0.588235294117647,3.11764705882353,17,54.7169811320755,0,FALSE,anonymous_overperformer
dept_695,Biological Sciences,1.73474552068302,1.510707498155552,0.08547380089041423,0.2621046617529618,1.1435490140159106,1.60869565217391,1.56521739130435,23,63.8297872340426,0,TRUE,near_expected
dept_696,Chemical Sciences,2.28949598021027,2.325800000306076,-0.010975891226840728,-0.033657474307675114,0.9847192440057542,3,2.6,25,63.0331753554502,0,TRUE,near_expected
dept_697,Agriculture,1.69227234753551,1.8239387864924557,-0.04774706734137313,-0.14641596377879218,0.9297381323733672,2.72727272727273,0.727272727272727,11,80.7228915662651,0,TRUE,near_expected
dept_698,Computational Sciences,2.71253876147493,2.6816058113182857,0.008366926101639027,0.025657105603548933,1.0113240900383487,3.45161290322581,2.80645161290323,31,67.8571428571429,0,TRUE,near_expected
dept_699,Sociology,0.923739495798319,0.7886235371381025,0.07282459550737397,0.22331598424210433,1.1611163444342558,0.3,2.9,10,23.1788079470199,0,FALSE,near_expected
dept_700,Engineering,2.47436772486772,2.4694082667773296,0.0014284616726327748,0.0043803652070235205,1.0019685011579065,6.5,5.20833333333333,24,78.8321167883212,0,TRUE,near_expected
dept_701,Anthropology,0.946904761904762,0.8470940982204651,0.052627163452213854,0.16138073575721004,1.1112599713701026,0.192307692307692,2,26,52.8985507246377,0,FALSE,near_expected
dept_702,Biological Sciences,2.23851783137497,1.4637043307567659,0.27344972284877966,0.838531179929763,1.5118658147928012,0,0,22,86.1702127659574,0,TRUE,near_expected
dept_703,Chemical Sciences,2.71514136904762,2.2423535811286803,0.13611725100319716,0.41740235793044217,1.2062455773887004,1.625,1.09375,32,59.2417061611374,0,TRUE,near_expected
dept_704,Psychological Sciences,1.37872670807453,1.632170497330664,-0.10124344207180436,-0.31046212830710807,0.8493352548636961,0.4,2.6,10,44.2982456140351,0,TRUE,near_expected
dept_705,Economics,1.13043434343434,0.8747565945448195,0.1278470412856373,0.3920418322715184,1.2764811307080965,0.657142857142857,0.942857142857143,35,43.1137724550898,0,FALSE,near_expected
dept_706,Mathematical Sciences,1.53113903005207,1.1378468469842131,0.1688702346725135,0.517839095464238,1.331096710039997,1.14285714285714,3.71428571428571,7,84.9246231155779,1,FALSE,near_expected
dept_707,Biological Sciences,1.29683035714286,1.3492298508355463,-0.022557484510219328,-0.06917232866629025,0.9625511893836485,0.75,0.0625,16,38.7387387387387,0,TRUE,near_expected
dept_708,Political Science,0.508948653685496,0.8181448608632242,-0.18640352153305684,-0.5716047660454778,0.6438426107017617,0.583333333333333,4.58333333333333,12,43.8271604938272,0,FALSE,near_expected
dept_709,Computational Sciences,3.43482652613087,2.5193662559801258,0.23120756777120843,0.7089959813895904,1.3562980824629565,2.63636363636364,5.63636363636364,11,68.3673469387755,0,TRUE,near_expected
dept_710,Medical Sciences,0.999770258980785,1.4092632901751805,-0.18628870859403468,-0.5712526931736297,0.7193837233134007,0.4,0.1,10,64.5161290322581,0,TRUE,near_expected
dept_711,Engineering,2.74946886446887,1.9350735514031827,0.24488168073997962,0.7509275290347767,1.4102595153162047,0.75,3.45,20,48.8235294117647,0,TRUE,near_expected
dept_712,Chemical Sciences,2.73886910580459,2.4152833474511457,0.0905227265578461,0.27758714808786505,1.131257025156155,4.10526315789474,3.26315789473684,19,71.563981042654,0,TRUE,near_expected
dept_713,Physical Sciences,1.30809523809524,1.4859213683361334,-0.07422075066204048,-0.22759728179476385,0.8842218528195015,5.4,5.2,5,52.7363184079602,0,TRUE,near_expected
dept_714,Economics,0.484007936507936,0.8144797664350054,-0.2010523037851506,-0.6165251285107023,0.6177217295786003,0.5,6.25,8,58.6826347305389,0,FALSE,near_expected
dept_715,Sociology,1.151665001665,0.8382218137050497,0.15744326305582468,0.4827983870921734,1.3528884149472544,0.1,2.55,20,37.7483443708609,0,FALSE,near_expected
dept_716,Psychological Sciences,1.44072636300897,1.8364457383368467,-0.1502560830445554,-0.4607589625411759,0.7902301840514342,1.03333333333333,2.13333333333333,30,56.578947368421,0,TRUE,near_expected
dept_717,Biological Sciences,1.10209523809524,1.2333000965733905,-0.06054577573524467,-0.18566309096284508,0.897759800043273,0.857142857142857,4.14285714285714,7,33.5106382978723,0,TRUE,near_expected
dept_718,Physical Sciences,1.71174392736893,1.340070163549532,0.14741103021553847,0.4520346329612269,1.26737770046825,1.80769230769231,0.538461538461538,26,23.8805970149254,0,TRUE,near_expected
dept_719,Mathematical Sciences,1.32852182539683,0.9891432081980096,0.15752965917418682,0.4830633200323747,1.3265946546360448,0.153846153846154,3.53846153846154,13,21.608040201005,0,FALSE,near_expected
dept_720,Political Science,0.963913690476191,0.7000705516639569,0.14426951200074967,0.44240119487259344,1.3517577622890595,0.166666666666667,6.05555555555555,18,18.5185185185185,0,FALSE,near_expected
dept_721,Geography,0.996256613756614,0.9364850333830033,0.030399242383695402,0.09321901049820194,1.0605904583961432,0.333333333333333,1.33333333333333,9,28.5714285714286,0,FALSE,near_expected
dept_722,Mathematical Sciences,0.874811035525321,1.0339580960987376,-0.08147582240232143,-0.24984489573810348,0.8531796928809323,0.142857142857143,5.57142857142857,7,44.7236180904523,0,FALSE,near_expected
dept_723,Economics,0.416383219954648,0.6608542734241101,-0.1592254983228048,-0.48826359592751056,0.656088367743967,0,5.63636363636364,11,23.3532934131737,0,FALSE,near_expected
dept_724,Biological Sciences,0.714285714285714,1.153973290922738,-0.22831767816731485,-0.7001341602322168,0.6348028814658814,0.157894736842105,2.36842105263158,19,19.6808510638298,0,TRUE,near_expected
dept_725,Sociology,0.805725623582767,0.7862602559641432,0.010838326663655473,0.033235633779614256,1.0232766862705698,0.111111111111111,2.88888888888889,9,30.4635761589404,0,FALSE,near_expected
dept_726,Physical Sciences,1.32933201058201,1.1738289634769945,0.0690914237861816,0.21186824585846373,1.1270627283270196,0.6875,1.3125,16,14.9253731343284,0,TRUE,near_expected
dept_727,Psychological Sciences,1.2092883967884,1.7814240564069865,-0.2302925757776152,-0.7061901664557865,0.6876006637474003,4,21,1,61.4035087719298,0,TRUE,near_expected
dept_728,Engineering,1.42066719829878,1.6187072421298527,-0.0786375730211688,-0.24114142887143938,0.8813212774349175,0,5.90909090909091,11,21.1764705882353,0,TRUE,near_expected
dept_729,Chemical Sciences,1.81642246642247,1.9563678958090787,-0.048494002021122196,-0.14870643243173284,0.9302493676862913,1.7,2.1,10,22.7488151658768,0,TRUE,near_expected
dept_730,Political Science,0.38723544973545,0.6938372291923676,-0.199683623348059,-0.6123280819388326,0.5878106561165067,0.181818181818182,11.5454545454545,11,27.1604938271605,0,FALSE,near_expected
dept_731,Computational Sciences,1.9017982017982,2.0698957216412115,-0.05631297971580285,-0.17268325904490464,0.9207048166912327,0.0869565217391304,2.82608695652174,23,32.6530612244898,0,TRUE,near_expected
dept_732,Engineering,0.867777777777778,1.8238117400334382,-0.41333828303041953,-1.2674982244224544,0.4897918815266897,1.52173913043478,0.826086956521739,23,0,0,TRUE,near_expected
dept_733,Chemical Sciences,0,1.8034377971690283,-1.03084644877312,-3.161081605828326,0.026976896703180885,0.722222222222222,0.5,18,43.4426229508197,1,TRUE,anonymous_underperformer
dept_734,Biological Sciences,1.13690476190476,1.4056311928188472,-0.1184539102751937,-0.36323787830379944,0.8153883811779994,0.134751773049645,0.212765957446809,141,50.531914893617,0,TRUE,near_expected
dept_735,Chemical Sciences,4.14331065759637,1.9995047774463628,0.5392497680770625,1.6536046904409156,2.046011653030222,0.933333333333333,0.866666666666667,15,36.0189573459716,0,TRUE,anonymous_overperformer
dept_736,Psychological Sciences,0.35,1.4435815108290226,-0.5933602029489128,-1.819533865014252,0.26781263499839203,0.333333333333333,1,6,3.94736842105263,0,TRUE,anonymous_underperformer
dept_737,Engineering,1.65138888888889,1.7806682140192853,-0.0476076518590578,-0.14598844742343275,0.9293813460350858,0.85,0.3,20,2.94117647058824,0,TRUE,near_expected
dept_738,Psychological Sciences,0.762123015873016,1.3244355670661232,-0.2769579015904561,-0.8492889793124657,0.5908774738757508,0,5.78571428571429,14,37.719298245614,1,TRUE,near_expected
dept_739,Biological Sciences,0.928942652329749,1.4326114099998088,-0.23199333038663306,-0.7114055155671819,0.6602826915583195,1.375,0,8,50.920245398773,0,TRUE,near_expected
